2025-03-03 17:38:13,905 [DEBUG]  Available web server routes: 
/conversations/<conversation_id:path>/messages     POST                           add_message
/conversations/<conversation_id:path>/tracker/events POST                           append_events
/webhooks/rasa                                     GET                            custom_webhook_RasaChatInput.health
/webhooks/rasa/webhook                             POST                           custom_webhook_RasaChatInput.receive
/webhooks/rest                                     GET                            custom_webhook_RestInput.health
/webhooks/rest/webhook                             POST                           custom_webhook_RestInput.receive
/model/test/intents                                POST                           evaluate_intents
/model/test/stories                                POST                           evaluate_stories
/conversations/<conversation_id:path>/execute      POST                           execute_action
/domain                                            GET                            get_domain
/                                                  GET                            hello
/model                                             PUT                            load_model
/model/parse                                       POST                           parse
/conversations/<conversation_id:path>/predict      POST                           predict
/conversations/<conversation_id:path>/tracker/events PUT                            replace_events
/conversations/<conversation_id:path>/story        GET                            retrieve_story
/conversations/<conversation_id:path>/tracker      GET                            retrieve_tracker
/status                                            GET                            status
/model/predict                                     POST                           tracker_predict
/model/train                                       POST                           train
/conversations/<conversation_id:path>/trigger_intent POST                           trigger_intent
/model                                             DELETE                         unload_model
/version                                           GET                            version
2025-03-03 17:38:13,905 [INFO ]  Starting Rasa server on http://0.0.0.0:5005
2025-03-03 17:38:13,905 [DEBUG]  Using the default number of Sanic workers (1).
2025-03-03 17:38:13,964 [DEBUG]  Skipping telemetry reporting: no license hash found.
2025-03-03 17:38:13,984 [DEBUG]  Connected to InMemoryTrackerStore.
2025-03-03 17:38:13,984 [DEBUG]  Connected to lock store 'InMemoryLockStore'.
2025-03-03 17:38:13,984 [DEBUG]  Instantiated NLG to 'TemplatedNaturalLanguageGenerator'.
2025-03-03 17:38:13,984 [INFO ]  Loading model models/20250303-173522-overcast-ayu.tar.gz...
2025-03-03 17:38:14,132 [DEBUG]  Extracted model to '/var/folders/d2/y1cj5jqj27v3r9jxvkp9xpb00000gn/T/tmp7pqfi98_'.
2025-03-03 17:38:14,135 [DEBUG]  Node 'nlu_message_converter' loading 'NLUMessageConverter.load' and kwargs: '{}'.
2025-03-03 17:38:14,136 [DEBUG]  Node 'run_WhitespaceTokenizer0' loading 'WhitespaceTokenizer.load' and kwargs: '{}'.
2025-03-03 17:38:14,137 [DEBUG]  Node 'run_RegexFeaturizer1' loading 'RegexFeaturizer.load' and kwargs: '{}'.
2025-03-03 17:38:14,138 [DEBUG]  Resource 'train_RegexFeaturizer1' was requested for reading.
2025-03-03 17:38:14,138 [DEBUG]  Node 'run_LexicalSyntacticFeaturizer2' loading 'LexicalSyntacticFeaturizer.load' and kwargs: '{}'.
2025-03-03 17:38:14,138 [DEBUG]  Resource 'train_LexicalSyntacticFeaturizer2' was requested for reading.
2025-03-03 17:38:14,138 [DEBUG]  Node 'run_CountVectorsFeaturizer3' loading 'CountVectorsFeaturizer.load' and kwargs: '{}'.
2025-03-03 17:38:14,138 [DEBUG]  Resource 'train_CountVectorsFeaturizer3' was requested for reading.
2025-03-03 17:38:14,139 [DEBUG]  Node 'run_LanguageModelFeaturizer4' loading 'LanguageModelFeaturizer.load' and kwargs: '{}'.
2025-03-03 17:38:14,758 [DEBUG]  Loading Tokenizer and Model for bert
2025-03-03 17:38:14,759 [DEBUG]  Starting new HTTPS connection (1): huggingface.co:443
2025-03-03 17:38:15,401 [DEBUG]  https://huggingface.co:443 "HEAD /bert-base-cased/resolve/main/tokenizer_config.json HTTP/1.1" 200 0
2025-03-03 17:38:15,963 [DEBUG]  https://huggingface.co:443 "HEAD /bert-base-cased/resolve/main/config.json HTTP/1.1" 200 0
2025-03-03 17:38:17,143 [DEBUG]  Node 'run_DIETClassifier5' loading 'DIETClassifier.load' and kwargs: '{}'.
2025-03-03 17:38:17,143 [DEBUG]  Resource 'train_DIETClassifier5' was requested for reading.
2025-03-03 17:38:17,144 [DEBUG]  Loading the model from /var/folders/d2/y1cj5jqj27v3r9jxvkp9xpb00000gn/T/tmpv6sg2k7x/train_DIETClassifier5/DIETClassifier.tf_model with finetune_mode=False...
2025-03-03 17:38:17,149 [DEBUG]  You specified 'DIET' to train entities, but no entities are present in the training data. Skipping training of entities.
2025-03-03 17:38:17,157 [DEBUG]  Following metrics will be logged during training:
2025-03-03 17:38:17,157 [DEBUG]    t_loss (total loss)
2025-03-03 17:38:17,157 [DEBUG]    i_acc (intent acc)
2025-03-03 17:38:17,157 [DEBUG]    i_loss (intent loss)
2025-03-03 17:38:17,166 [WARNI]  At this time, the v2.11+ optimizer `tf.keras.optimizers.Adam` runs slowly on M1/M2 Macs, please use the legacy Keras optimizer instead, located at `tf.keras.optimizers.legacy.Adam`.
2025-03-03 17:38:17,167 [WARNI]  There is a known slowdown when using v2.11+ Keras optimizers on M1/M2 Macs. Falling back to the legacy Keras optimizer, i.e., `tf.keras.optimizers.legacy.Adam`.
2025-03-03 17:38:19,386 [DEBUG]  Finished loading the model.
2025-03-03 17:38:19,387 [DEBUG]  Node 'run_EntitySynonymMapper6' loading 'EntitySynonymMapper.load' and kwargs: '{}'.
2025-03-03 17:38:19,387 [DEBUG]  Resource 'train_EntitySynonymMapper6' was requested for reading.
2025-03-03 17:38:19,387 [DEBUG]  Failed to load ABCMeta from model storage. Resource 'train_EntitySynonymMapper6' doesn't exist.
2025-03-03 17:38:19,387 [DEBUG]  Node 'run_ResponseSelector7' loading 'ResponseSelector.load' and kwargs: '{}'.
2025-03-03 17:38:19,387 [DEBUG]  Resource 'train_ResponseSelector7' was requested for reading.
2025-03-03 17:38:19,387 [DEBUG]  Failed to load ABCMeta from model storage. Resource 'train_ResponseSelector7' doesn't exist.
2025-03-03 17:38:19,387 [DEBUG]  Resource 'train_ResponseSelector7' was requested for reading.
2025-03-03 17:38:19,387 [DEBUG]  Failed to load ResponseSelector from model storage. Resource 'train_ResponseSelector7' doesn't exist.
2025-03-03 17:38:19,387 [DEBUG]  Node 'run_RegexMessageHandler' loading 'RegexMessageHandler.load' and kwargs: '{}'.
2025-03-03 17:38:19,387 [DEBUG]  Node 'domain_provider' loading 'DomainProvider.load' and kwargs: '{}'.
2025-03-03 17:38:19,387 [DEBUG]  Resource 'domain_provider' was requested for reading.
2025-03-03 17:38:19,395 [DEBUG]  Node 'run_MemoizationPolicy0' loading 'MemoizationPolicy.load' and kwargs: '{}'.
2025-03-03 17:38:19,395 [DEBUG]  Resource 'train_MemoizationPolicy0' was requested for reading.
2025-03-03 17:38:19,395 [DEBUG]  Node 'run_RulePolicy1' loading 'RulePolicy.load' and kwargs: '{}'.
2025-03-03 17:38:19,395 [DEBUG]  Resource 'train_RulePolicy1' was requested for reading.
2025-03-03 17:38:19,395 [DEBUG]  Node 'run_TEDPolicy2' loading 'TEDPolicy.load' and kwargs: '{}'.
2025-03-03 17:38:19,395 [DEBUG]  Resource 'train_TEDPolicy2' was requested for reading.
2025-03-03 17:38:19,396 [DEBUG]  Loading the model from /var/folders/d2/y1cj5jqj27v3r9jxvkp9xpb00000gn/T/tmpv6sg2k7x/train_TEDPolicy2/ted_policy.tf_model with finetune_mode=False...
2025-03-03 17:38:19,415 [WARNI]  At this time, the v2.11+ optimizer `tf.keras.optimizers.Adam` runs slowly on M1/M2 Macs, please use the legacy Keras optimizer instead, located at `tf.keras.optimizers.legacy.Adam`.
2025-03-03 17:38:19,415 [WARNI]  There is a known slowdown when using v2.11+ Keras optimizers on M1/M2 Macs. Falling back to the legacy Keras optimizer, i.e., `tf.keras.optimizers.legacy.Adam`.
2025-03-03 17:38:22,220 [DEBUG]  Finished loading the model.
2025-03-03 17:38:22,220 [DEBUG]  Node 'rule_only_data_provider' loading 'RuleOnlyDataProvider.load' and kwargs: '{}'.
2025-03-03 17:38:22,220 [DEBUG]  Resource 'train_RulePolicy1' was requested for reading.
2025-03-03 17:38:22,220 [DEBUG]  Node 'select_prediction' loading 'DefaultPolicyPredictionEnsemble.load' and kwargs: '{}'.
2025-03-03 17:38:22,222 [INFO ]  Rasa server is up and running.
2025-03-03 17:38:22,222 [INFO ]  Enabling coroutine debugging. Loop id 13250703472.
2025-03-03 17:38:27,672 [DEBUG]  Issuing ticket for conversation 'PractikumStudent'.
2025-03-03 17:38:27,672 [DEBUG]  Acquiring lock for conversation 'PractikumStudent'.
2025-03-03 17:38:27,672 [DEBUG]  Acquired lock for conversation 'PractikumStudent'.
2025-03-03 17:38:27,672 [DEBUG]  Could not find tracker for conversation ID 'PractikumStudent'.
2025-03-03 17:38:27,672 [DEBUG]  No event broker configured. Skipping streaming events.
2025-03-03 17:38:27,673 [DEBUG]  Starting a new session for conversation ID 'PractikumStudent'.
2025-03-03 17:38:27,676 [DEBUG]  [[32m[1mdebug    [0m] [1mprocessor.actions.policy_prediction[0m [36mprediction_events[0m=[35m[][0m
2025-03-03 17:38:27,676 [DEBUG]  [[32m[1mdebug    [0m] [1mprocessor.actions.log         [0m [36maction_name[0m=[35maction_session_start[0m [36mrasa_events[0m=[35m[<rasa.shared.core.events.SessionStarted object at 0x37afb57b0>, ActionExecuted(action: action_listen, policy: None, confidence: None)][0m
2025-03-03 17:38:27,677 [DEBUG]  [[32m[1mdebug    [0m] [1mprocessor.slots.log           [0m [36mslot_values[0m=[35m	topic: None
	session_started_metadata: None[0m
2025-03-03 17:38:27,677 [DEBUG]  Running graph with inputs: {'__message__': [<rasa.core.channels.channel.UserMessage object at 0x37d824eb0>], '__tracker__': <rasa.shared.core.trackers.DialogueStateTracker object at 0x37db414b0>}, targets: ['run_RegexMessageHandler'] and ExecutionContext(model_id='10478bbae3674c86b474fd4614522956', should_add_diagnostic_data=False, is_finetuning=False, node_name=None).
2025-03-03 17:38:27,677 [DEBUG]  Node 'nlu_message_converter' running 'NLUMessageConverter.convert_user_message'.
2025-03-03 17:38:27,678 [DEBUG]  Node 'run_WhitespaceTokenizer0' running 'WhitespaceTokenizer.process'.
2025-03-03 17:38:27,679 [DEBUG]  Node 'run_RegexFeaturizer1' running 'RegexFeaturizer.process'.
2025-03-03 17:38:27,679 [DEBUG]  Node 'run_LexicalSyntacticFeaturizer2' running 'LexicalSyntacticFeaturizer.process'.
2025-03-03 17:38:27,679 [DEBUG]  Node 'run_CountVectorsFeaturizer3' running 'CountVectorsFeaturizer.process'.
2025-03-03 17:38:27,680 [DEBUG]  Node 'run_LanguageModelFeaturizer4' running 'LanguageModelFeaturizer.process'.
2025-03-03 17:38:27,779 [DEBUG]  Node 'run_DIETClassifier5' running 'DIETClassifier.process'.
2025-03-03 17:38:27,834 [DEBUG]  Node 'run_EntitySynonymMapper6' running 'EntitySynonymMapper.process'.
2025-03-03 17:38:27,834 [DEBUG]  Node 'run_ResponseSelector7' running 'ResponseSelector.process'.
2025-03-03 17:38:27,834 [DEBUG]  There is no trained model for 'ResponseSelector': The component is either not trained or didn't receive enough training data.
2025-03-03 17:38:27,834 [DEBUG]  Adding following selector key to message property: default
2025-03-03 17:38:27,834 [DEBUG]  Node 'domain_provider' running 'DomainProvider.provide_inference'.
2025-03-03 17:38:27,834 [DEBUG]  Node 'run_RegexMessageHandler' running 'RegexMessageHandler.process'.
2025-03-03 17:38:27,834 [DEBUG]  [[32m[1mdebug    [0m] [1mprocessor.message.parse       [0m [36mparse_data_entities[0m=[35m[][0m [36mparse_data_intent[0m=[35m{'name': 'ask_architecture', 'confidence': 0.37389692664146423}[0m [36mparse_data_text[0m=[35mпривет[0m
2025-03-03 17:38:27,834 [DEBUG]  Logged UserUtterance - tracker now has 4 events.
2025-03-03 17:38:27,835 [DEBUG]  Validating extracted slots: topic
2025-03-03 17:38:27,835 [DEBUG]  [[32m[1mdebug    [0m] [1mprocessor.extract.slots       [0m [36maction_extract_slot[0m=[35maction_extract_slots[0m [36mlen_extraction_events[0m=[35m1[0m [36mrasa_events[0m=[35m[SlotSet(key: topic, value: привет)][0m
2025-03-03 17:38:27,835 [DEBUG]  Running graph with inputs: {'__tracker__': <rasa.shared.core.trackers.DialogueStateTracker object at 0x37db414b0>}, targets: ['select_prediction'] and ExecutionContext(model_id='10478bbae3674c86b474fd4614522956', should_add_diagnostic_data=False, is_finetuning=False, node_name=None).
2025-03-03 17:38:27,835 [DEBUG]  Node 'rule_only_data_provider' running 'RuleOnlyDataProvider.provide'.
2025-03-03 17:38:27,835 [DEBUG]  Node 'domain_provider' running 'DomainProvider.provide_inference'.
2025-03-03 17:38:27,835 [DEBUG]  Node 'run_MemoizationPolicy0' running 'MemoizationPolicy.predict_action_probabilities'.
2025-03-03 17:38:27,836 [DEBUG]  [[32m[1mdebug    [0m] [1mmemoization.predict.actions   [0m [36mtracker_states[0m=[35m[{}, {'user': {'intent': 'ask_architecture'}, 'prev_action': {'action_name': 'action_listen'}}][0m
2025-03-03 17:38:27,836 [DEBUG]  There is no memorised next action
2025-03-03 17:38:27,836 [DEBUG]  Node 'run_RulePolicy1' running 'RulePolicy.predict_action_probabilities'.
2025-03-03 17:38:27,836 [DEBUG]  [[32m[1mdebug    [0m] [1mrule_policy.actions.find      [0m [36mcurrent_states[0m=[35m
[state 1] user text: привет | previous action name: action_listen[0m
2025-03-03 17:38:27,836 [DEBUG]  There is no applicable rule.
2025-03-03 17:38:27,836 [DEBUG]  [[32m[1mdebug    [0m] [1mrule_policy.actions.find      [0m [36mcurrent_states[0m=[35m
[state 1] user intent: ask_architecture | previous action name: action_listen[0m
2025-03-03 17:38:27,836 [DEBUG]  There is a rule for the next action 'utter_architecture_response'.
2025-03-03 17:38:27,836 [DEBUG]  Node 'run_TEDPolicy2' running 'TEDPolicy.predict_action_probabilities'.
2025-03-03 17:38:27,838 [DEBUG]  TED predicted '...' based on user intent.
2025-03-03 17:38:27,838 [DEBUG]  Node 'select_prediction' running 'DefaultPolicyPredictionEnsemble.combine_predictions_from_kwargs'.
2025-03-03 17:38:27,838 [DEBUG]  Made prediction using user intent.
2025-03-03 17:38:27,838 [DEBUG]  Added `DefinePrevUserUtteredFeaturization(False)` event.
2025-03-03 17:38:27,838 [DEBUG]  Predicted next action using RulePolicy.
2025-03-03 17:38:27,838 [DEBUG]  Predicted next action 'utter_architecture_response' with confidence 1.00.
2025-03-03 17:38:27,840 [DEBUG]  [[32m[1mdebug    [0m] [1mprocessor.actions.policy_prediction[0m [36mprediction_events[0m=[35m[<rasa.shared.core.events.DefinePrevUserUtteredFeaturization object at 0x37afb6500>][0m
2025-03-03 17:38:27,840 [DEBUG]  [[32m[1mdebug    [0m] [1mprocessor.actions.log         [0m [36maction_name[0m=[35mutter_architecture_response[0m [36mrasa_events[0m=[35m[BotUttered('Архитектура ПО включает выбор структур, которые обеспечивают масштабируемость, гибкость и поддерживаемость приложения. Задайте конкретный вопрос по этой теме, и я помогу вам с информацией.', {"elements": null, "quick_replies": null, "buttons": null, "attachment": null, "image": null, "custom": null}, {"utter_action": "utter_architecture_response"}, 1741019907.840385)][0m
2025-03-03 17:38:27,840 [DEBUG]  Running graph with inputs: {'__tracker__': <rasa.shared.core.trackers.DialogueStateTracker object at 0x37db414b0>}, targets: ['select_prediction'] and ExecutionContext(model_id='10478bbae3674c86b474fd4614522956', should_add_diagnostic_data=False, is_finetuning=False, node_name=None).
2025-03-03 17:38:27,840 [DEBUG]  Node 'rule_only_data_provider' running 'RuleOnlyDataProvider.provide'.
2025-03-03 17:38:27,840 [DEBUG]  Node 'domain_provider' running 'DomainProvider.provide_inference'.
2025-03-03 17:38:27,840 [DEBUG]  Node 'run_MemoizationPolicy0' running 'MemoizationPolicy.predict_action_probabilities'.
2025-03-03 17:38:27,840 [DEBUG]  [[32m[1mdebug    [0m] [1mmemoization.predict.actions   [0m [36mtracker_states[0m=[35m[{'user': {'intent': 'ask_architecture'}, 'prev_action': {'action_name': 'action_listen'}}, {'user': {'intent': 'ask_architecture'}, 'prev_action': {'action_name': 'utter_architecture_response'}}][0m
2025-03-03 17:38:27,841 [DEBUG]  There is a memorised next action 'action_listen'
2025-03-03 17:38:27,841 [DEBUG]  Node 'run_RulePolicy1' running 'RulePolicy.predict_action_probabilities'.
2025-03-03 17:38:27,841 [DEBUG]  [[32m[1mdebug    [0m] [1mrule_policy.actions.find      [0m [36mcurrent_states[0m=[35m
[state 1] user intent: ask_architecture | previous action name: action_listen
[state 2] user intent: ask_architecture | previous action name: utter_architecture_response[0m
2025-03-03 17:38:27,841 [DEBUG]  There is a rule for the next action 'action_listen'.
2025-03-03 17:38:27,841 [DEBUG]  Node 'run_TEDPolicy2' running 'TEDPolicy.predict_action_probabilities'.
2025-03-03 17:38:27,842 [DEBUG]  TED predicted 'action_restart' based on user intent.
2025-03-03 17:38:27,842 [DEBUG]  Node 'select_prediction' running 'DefaultPolicyPredictionEnsemble.combine_predictions_from_kwargs'.
2025-03-03 17:38:27,842 [DEBUG]  Predicted next action using RulePolicy.
2025-03-03 17:38:27,842 [DEBUG]  Predicted next action 'action_listen' with confidence 1.00.
2025-03-03 17:38:27,842 [DEBUG]  [[32m[1mdebug    [0m] [1mprocessor.actions.policy_prediction[0m [36mprediction_events[0m=[35m[][0m
2025-03-03 17:38:27,842 [DEBUG]  [[32m[1mdebug    [0m] [1mprocessor.actions.log         [0m [36maction_name[0m=[35maction_listen[0m [36mrasa_events[0m=[35m[][0m
2025-03-03 17:38:27,842 [DEBUG]  No event broker configured. Skipping streaming events.
2025-03-03 17:38:27,842 [DEBUG]  Deleted lock for conversation 'PractikumStudent'.
2025-03-03 17:38:43,457 [DEBUG]  Issuing ticket for conversation 'PractikumStudent'.
2025-03-03 17:38:43,458 [DEBUG]  Acquiring lock for conversation 'PractikumStudent'.
2025-03-03 17:38:43,458 [DEBUG]  Acquired lock for conversation 'PractikumStudent'.
2025-03-03 17:38:43,458 [DEBUG]  Recreating tracker for id 'PractikumStudent'
2025-03-03 17:38:43,459 [DEBUG]  Running graph with inputs: {'__message__': [<rasa.core.channels.channel.UserMessage object at 0x37fbc55d0>], '__tracker__': <rasa.shared.core.trackers.DialogueStateTracker object at 0x37db40d30>}, targets: ['run_RegexMessageHandler'] and ExecutionContext(model_id='10478bbae3674c86b474fd4614522956', should_add_diagnostic_data=False, is_finetuning=False, node_name=None).
2025-03-03 17:38:43,460 [DEBUG]  Node 'nlu_message_converter' running 'NLUMessageConverter.convert_user_message'.
2025-03-03 17:38:43,460 [DEBUG]  Node 'run_WhitespaceTokenizer0' running 'WhitespaceTokenizer.process'.
2025-03-03 17:38:43,461 [DEBUG]  Node 'run_RegexFeaturizer1' running 'RegexFeaturizer.process'.
2025-03-03 17:38:43,461 [DEBUG]  Node 'run_LexicalSyntacticFeaturizer2' running 'LexicalSyntacticFeaturizer.process'.
2025-03-03 17:38:43,462 [DEBUG]  Node 'run_CountVectorsFeaturizer3' running 'CountVectorsFeaturizer.process'.
2025-03-03 17:38:43,463 [DEBUG]  Node 'run_LanguageModelFeaturizer4' running 'LanguageModelFeaturizer.process'.
2025-03-03 17:38:43,600 [DEBUG]  Node 'run_DIETClassifier5' running 'DIETClassifier.process'.
2025-03-03 17:38:43,602 [DEBUG]  Node 'run_EntitySynonymMapper6' running 'EntitySynonymMapper.process'.
2025-03-03 17:38:43,602 [DEBUG]  Node 'run_ResponseSelector7' running 'ResponseSelector.process'.
2025-03-03 17:38:43,602 [DEBUG]  There is no trained model for 'ResponseSelector': The component is either not trained or didn't receive enough training data.
2025-03-03 17:38:43,602 [DEBUG]  Adding following selector key to message property: default
2025-03-03 17:38:43,602 [DEBUG]  Node 'domain_provider' running 'DomainProvider.provide_inference'.
2025-03-03 17:38:43,602 [DEBUG]  Node 'run_RegexMessageHandler' running 'RegexMessageHandler.process'.
2025-03-03 17:38:43,602 [DEBUG]  [[32m[1mdebug    [0m] [1mprocessor.message.parse       [0m [36mparse_data_entities[0m=[35m[][0m [36mparse_data_intent[0m=[35m{'name': 'ask_architecture', 'confidence': 0.49834901094436646}[0m [36mparse_data_text[0m=[35mПривет, как настроить кэш в приложении[0m
2025-03-03 17:38:43,603 [DEBUG]  Logged UserUtterance - tracker now has 10 events.
2025-03-03 17:38:43,603 [DEBUG]  Validating extracted slots: topic
2025-03-03 17:38:43,603 [DEBUG]  [[32m[1mdebug    [0m] [1mprocessor.extract.slots       [0m [36maction_extract_slot[0m=[35maction_extract_slots[0m [36mlen_extraction_events[0m=[35m1[0m [36mrasa_events[0m=[35m[SlotSet(key: topic, value: Привет, как настроить кэш в приложении)][0m
2025-03-03 17:38:43,603 [DEBUG]  Running graph with inputs: {'__tracker__': <rasa.shared.core.trackers.DialogueStateTracker object at 0x37db40d30>}, targets: ['select_prediction'] and ExecutionContext(model_id='10478bbae3674c86b474fd4614522956', should_add_diagnostic_data=False, is_finetuning=False, node_name=None).
2025-03-03 17:38:43,603 [DEBUG]  Node 'rule_only_data_provider' running 'RuleOnlyDataProvider.provide'.
2025-03-03 17:38:43,603 [DEBUG]  Node 'domain_provider' running 'DomainProvider.provide_inference'.
2025-03-03 17:38:43,603 [DEBUG]  Node 'run_MemoizationPolicy0' running 'MemoizationPolicy.predict_action_probabilities'.
2025-03-03 17:38:43,603 [DEBUG]  [[32m[1mdebug    [0m] [1mmemoization.predict.actions   [0m [36mtracker_states[0m=[35m[{'user': {'intent': 'ask_architecture'}, 'prev_action': {'action_name': 'utter_architecture_response'}}, {'user': {'intent': 'ask_architecture'}, 'prev_action': {'action_name': 'action_listen'}}][0m
2025-03-03 17:38:43,603 [DEBUG]  There is no memorised next action
2025-03-03 17:38:43,603 [DEBUG]  Node 'run_RulePolicy1' running 'RulePolicy.predict_action_probabilities'.
2025-03-03 17:38:43,603 [DEBUG]  [[32m[1mdebug    [0m] [1mrule_policy.actions.find      [0m [36mcurrent_states[0m=[35m
[state 1] user intent: ask_architecture | previous action name: action_listen
[state 2] user intent: ask_architecture | previous action name: utter_architecture_response
[state 3] user text: Привет, как настроить кэш в приложении | previous action name: action_listen[0m
2025-03-03 17:38:43,603 [DEBUG]  There is no applicable rule.
2025-03-03 17:38:43,603 [DEBUG]  [[32m[1mdebug    [0m] [1mrule_policy.actions.find      [0m [36mcurrent_states[0m=[35m
[state 1] user intent: ask_architecture | previous action name: action_listen
[state 2] user intent: ask_architecture | previous action name: utter_architecture_response
[state 3] user intent: ask_architecture | previous action name: action_listen[0m
2025-03-03 17:38:43,604 [DEBUG]  There is a rule for the next action 'utter_architecture_response'.
2025-03-03 17:38:43,604 [DEBUG]  Node 'run_TEDPolicy2' running 'TEDPolicy.predict_action_probabilities'.
2025-03-03 17:38:43,605 [DEBUG]  TED predicted 'action_back' based on user intent.
2025-03-03 17:38:43,605 [DEBUG]  Node 'select_prediction' running 'DefaultPolicyPredictionEnsemble.combine_predictions_from_kwargs'.
2025-03-03 17:38:43,605 [DEBUG]  Made prediction using user intent.
2025-03-03 17:38:43,605 [DEBUG]  Added `DefinePrevUserUtteredFeaturization(False)` event.
2025-03-03 17:38:43,605 [DEBUG]  Predicted next action using RulePolicy.
2025-03-03 17:38:43,605 [DEBUG]  Predicted next action 'utter_architecture_response' with confidence 1.00.
2025-03-03 17:38:43,605 [DEBUG]  [[32m[1mdebug    [0m] [1mprocessor.actions.policy_prediction[0m [36mprediction_events[0m=[35m[<rasa.shared.core.events.DefinePrevUserUtteredFeaturization object at 0x37afb4490>][0m
2025-03-03 17:38:43,606 [DEBUG]  [[32m[1mdebug    [0m] [1mprocessor.actions.log         [0m [36maction_name[0m=[35mutter_architecture_response[0m [36mrasa_events[0m=[35m[BotUttered('Архитектура ПО включает выбор структур, которые обеспечивают масштабируемость, гибкость и поддерживаемость приложения. Задайте конкретный вопрос по этой теме, и я помогу вам с информацией.', {"elements": null, "quick_replies": null, "buttons": null, "attachment": null, "image": null, "custom": null}, {"utter_action": "utter_architecture_response"}, 1741019923.605936)][0m
2025-03-03 17:38:43,606 [DEBUG]  Running graph with inputs: {'__tracker__': <rasa.shared.core.trackers.DialogueStateTracker object at 0x37db40d30>}, targets: ['select_prediction'] and ExecutionContext(model_id='10478bbae3674c86b474fd4614522956', should_add_diagnostic_data=False, is_finetuning=False, node_name=None).
2025-03-03 17:38:43,606 [DEBUG]  Node 'rule_only_data_provider' running 'RuleOnlyDataProvider.provide'.
2025-03-03 17:38:43,606 [DEBUG]  Node 'domain_provider' running 'DomainProvider.provide_inference'.
2025-03-03 17:38:43,606 [DEBUG]  Node 'run_MemoizationPolicy0' running 'MemoizationPolicy.predict_action_probabilities'.
2025-03-03 17:38:43,606 [DEBUG]  [[32m[1mdebug    [0m] [1mmemoization.predict.actions   [0m [36mtracker_states[0m=[35m[{'user': {'intent': 'ask_architecture'}, 'prev_action': {'action_name': 'action_listen'}}, {'user': {'intent': 'ask_architecture'}, 'prev_action': {'action_name': 'utter_architecture_response'}}][0m
2025-03-03 17:38:43,606 [DEBUG]  There is a memorised next action 'action_listen'
2025-03-03 17:38:43,606 [DEBUG]  Node 'run_RulePolicy1' running 'RulePolicy.predict_action_probabilities'.
2025-03-03 17:38:43,606 [DEBUG]  [[32m[1mdebug    [0m] [1mrule_policy.actions.find      [0m [36mcurrent_states[0m=[35m
[state 1] user intent: ask_architecture | previous action name: action_listen
[state 2] user intent: ask_architecture | previous action name: utter_architecture_response
[state 3] user intent: ask_architecture | previous action name: action_listen
[state 4] user intent: ask_architecture | previous action name: utter_architecture_response[0m
2025-03-03 17:38:43,606 [DEBUG]  There is a rule for the next action 'action_listen'.
2025-03-03 17:38:43,606 [DEBUG]  Node 'run_TEDPolicy2' running 'TEDPolicy.predict_action_probabilities'.
2025-03-03 17:38:43,608 [DEBUG]  TED predicted 'action_restart' based on user intent.
2025-03-03 17:38:43,608 [DEBUG]  Node 'select_prediction' running 'DefaultPolicyPredictionEnsemble.combine_predictions_from_kwargs'.
2025-03-03 17:38:43,608 [DEBUG]  Predicted next action using RulePolicy.
2025-03-03 17:38:43,608 [DEBUG]  Predicted next action 'action_listen' with confidence 1.00.
2025-03-03 17:38:43,608 [DEBUG]  [[32m[1mdebug    [0m] [1mprocessor.actions.policy_prediction[0m [36mprediction_events[0m=[35m[][0m
2025-03-03 17:38:43,608 [DEBUG]  [[32m[1mdebug    [0m] [1mprocessor.actions.log         [0m [36maction_name[0m=[35maction_listen[0m [36mrasa_events[0m=[35m[][0m
2025-03-03 17:38:43,608 [DEBUG]  No event broker configured. Skipping streaming events.
2025-03-03 17:38:43,608 [DEBUG]  Deleted lock for conversation 'PractikumStudent'.
2025-03-03 17:39:26,126 [DEBUG]  Issuing ticket for conversation 'PractikumStudent'.
2025-03-03 17:39:26,127 [DEBUG]  Acquiring lock for conversation 'PractikumStudent'.
2025-03-03 17:39:26,127 [DEBUG]  Acquired lock for conversation 'PractikumStudent'.
2025-03-03 17:39:26,127 [DEBUG]  Recreating tracker for id 'PractikumStudent'
2025-03-03 17:39:26,128 [DEBUG]  Running graph with inputs: {'__message__': [<rasa.core.channels.channel.UserMessage object at 0x315ee4a00>], '__tracker__': <rasa.shared.core.trackers.DialogueStateTracker object at 0x37db410f0>}, targets: ['run_RegexMessageHandler'] and ExecutionContext(model_id='10478bbae3674c86b474fd4614522956', should_add_diagnostic_data=False, is_finetuning=False, node_name=None).
2025-03-03 17:39:26,129 [DEBUG]  Node 'nlu_message_converter' running 'NLUMessageConverter.convert_user_message'.
2025-03-03 17:39:26,129 [DEBUG]  Node 'run_WhitespaceTokenizer0' running 'WhitespaceTokenizer.process'.
2025-03-03 17:39:26,129 [DEBUG]  Node 'run_RegexFeaturizer1' running 'RegexFeaturizer.process'.
2025-03-03 17:39:26,129 [DEBUG]  Node 'run_LexicalSyntacticFeaturizer2' running 'LexicalSyntacticFeaturizer.process'.
2025-03-03 17:39:26,130 [DEBUG]  Node 'run_CountVectorsFeaturizer3' running 'CountVectorsFeaturizer.process'.
2025-03-03 17:39:26,130 [DEBUG]  Node 'run_LanguageModelFeaturizer4' running 'LanguageModelFeaturizer.process'.
2025-03-03 17:39:26,258 [DEBUG]  Node 'run_DIETClassifier5' running 'DIETClassifier.process'.
2025-03-03 17:39:26,260 [DEBUG]  Node 'run_EntitySynonymMapper6' running 'EntitySynonymMapper.process'.
2025-03-03 17:39:26,260 [DEBUG]  Node 'run_ResponseSelector7' running 'ResponseSelector.process'.
2025-03-03 17:39:26,260 [DEBUG]  There is no trained model for 'ResponseSelector': The component is either not trained or didn't receive enough training data.
2025-03-03 17:39:26,260 [DEBUG]  Adding following selector key to message property: default
2025-03-03 17:39:26,260 [DEBUG]  Node 'domain_provider' running 'DomainProvider.provide_inference'.
2025-03-03 17:39:26,260 [DEBUG]  Node 'run_RegexMessageHandler' running 'RegexMessageHandler.process'.
2025-03-03 17:39:26,260 [DEBUG]  [[32m[1mdebug    [0m] [1mprocessor.message.parse       [0m [36mparse_data_entities[0m=[35m[][0m [36mparse_data_intent[0m=[35m{'name': 'ask_architecture', 'confidence': 0.37822195887565613}[0m [36mparse_data_text[0m=[35mЧто такое микросервисная архитектура[0m
2025-03-03 17:39:26,260 [DEBUG]  Logged UserUtterance - tracker now has 16 events.
2025-03-03 17:39:26,261 [DEBUG]  Validating extracted slots: topic
2025-03-03 17:39:26,261 [DEBUG]  [[32m[1mdebug    [0m] [1mprocessor.extract.slots       [0m [36maction_extract_slot[0m=[35maction_extract_slots[0m [36mlen_extraction_events[0m=[35m1[0m [36mrasa_events[0m=[35m[SlotSet(key: topic, value: Что такое микросервисная архитектура)][0m
2025-03-03 17:39:26,261 [DEBUG]  Running graph with inputs: {'__tracker__': <rasa.shared.core.trackers.DialogueStateTracker object at 0x37db410f0>}, targets: ['select_prediction'] and ExecutionContext(model_id='10478bbae3674c86b474fd4614522956', should_add_diagnostic_data=False, is_finetuning=False, node_name=None).
2025-03-03 17:39:26,261 [DEBUG]  Node 'rule_only_data_provider' running 'RuleOnlyDataProvider.provide'.
2025-03-03 17:39:26,261 [DEBUG]  Node 'domain_provider' running 'DomainProvider.provide_inference'.
2025-03-03 17:39:26,261 [DEBUG]  Node 'run_MemoizationPolicy0' running 'MemoizationPolicy.predict_action_probabilities'.
2025-03-03 17:39:26,261 [DEBUG]  [[32m[1mdebug    [0m] [1mmemoization.predict.actions   [0m [36mtracker_states[0m=[35m[{'user': {'intent': 'ask_architecture'}, 'prev_action': {'action_name': 'utter_architecture_response'}}, {'user': {'intent': 'ask_architecture'}, 'prev_action': {'action_name': 'action_listen'}}][0m
2025-03-03 17:39:26,261 [DEBUG]  There is no memorised next action
2025-03-03 17:39:26,261 [DEBUG]  Node 'run_RulePolicy1' running 'RulePolicy.predict_action_probabilities'.
2025-03-03 17:39:26,261 [DEBUG]  [[32m[1mdebug    [0m] [1mrule_policy.actions.find      [0m [36mcurrent_states[0m=[35m
[state 1] user intent: ask_architecture | previous action name: action_listen
[state 2] user intent: ask_architecture | previous action name: utter_architecture_response
[state 3] user intent: ask_architecture | previous action name: action_listen
[state 4] user intent: ask_architecture | previous action name: utter_architecture_response
[state 5] user text: Что такое микросервисная архитектура | previous action name: action_listen[0m
2025-03-03 17:39:26,261 [DEBUG]  There is no applicable rule.
2025-03-03 17:39:26,262 [DEBUG]  [[32m[1mdebug    [0m] [1mrule_policy.actions.find      [0m [36mcurrent_states[0m=[35m
[state 1] user intent: ask_architecture | previous action name: action_listen
[state 2] user intent: ask_architecture | previous action name: utter_architecture_response
[state 3] user intent: ask_architecture | previous action name: action_listen
[state 4] user intent: ask_architecture | previous action name: utter_architecture_response
[state 5] user intent: ask_architecture | previous action name: action_listen[0m
2025-03-03 17:39:26,262 [DEBUG]  There is a rule for the next action 'utter_architecture_response'.
2025-03-03 17:39:26,262 [DEBUG]  Node 'run_TEDPolicy2' running 'TEDPolicy.predict_action_probabilities'.
2025-03-03 17:39:26,263 [DEBUG]  TED predicted 'action_back' based on user intent.
2025-03-03 17:39:26,263 [DEBUG]  Node 'select_prediction' running 'DefaultPolicyPredictionEnsemble.combine_predictions_from_kwargs'.
2025-03-03 17:39:26,263 [DEBUG]  Made prediction using user intent.
2025-03-03 17:39:26,263 [DEBUG]  Added `DefinePrevUserUtteredFeaturization(False)` event.
2025-03-03 17:39:26,263 [DEBUG]  Predicted next action using RulePolicy.
2025-03-03 17:39:26,263 [DEBUG]  Predicted next action 'utter_architecture_response' with confidence 1.00.
2025-03-03 17:39:26,264 [DEBUG]  [[32m[1mdebug    [0m] [1mprocessor.actions.policy_prediction[0m [36mprediction_events[0m=[35m[<rasa.shared.core.events.DefinePrevUserUtteredFeaturization object at 0x37afb4c40>][0m
2025-03-03 17:39:26,264 [DEBUG]  [[32m[1mdebug    [0m] [1mprocessor.actions.log         [0m [36maction_name[0m=[35mutter_architecture_response[0m [36mrasa_events[0m=[35m[BotUttered('Архитектура ПО включает выбор структур, которые обеспечивают масштабируемость, гибкость и поддерживаемость приложения. Задайте конкретный вопрос по этой теме, и я помогу вам с информацией.', {"elements": null, "quick_replies": null, "buttons": null, "attachment": null, "image": null, "custom": null}, {"utter_action": "utter_architecture_response"}, 1741019966.2641048)][0m
2025-03-03 17:39:26,264 [DEBUG]  Running graph with inputs: {'__tracker__': <rasa.shared.core.trackers.DialogueStateTracker object at 0x37db410f0>}, targets: ['select_prediction'] and ExecutionContext(model_id='10478bbae3674c86b474fd4614522956', should_add_diagnostic_data=False, is_finetuning=False, node_name=None).
2025-03-03 17:39:26,264 [DEBUG]  Node 'rule_only_data_provider' running 'RuleOnlyDataProvider.provide'.
2025-03-03 17:39:26,264 [DEBUG]  Node 'domain_provider' running 'DomainProvider.provide_inference'.
2025-03-03 17:39:26,264 [DEBUG]  Node 'run_MemoizationPolicy0' running 'MemoizationPolicy.predict_action_probabilities'.
2025-03-03 17:39:26,264 [DEBUG]  [[32m[1mdebug    [0m] [1mmemoization.predict.actions   [0m [36mtracker_states[0m=[35m[{'user': {'intent': 'ask_architecture'}, 'prev_action': {'action_name': 'action_listen'}}, {'user': {'intent': 'ask_architecture'}, 'prev_action': {'action_name': 'utter_architecture_response'}}][0m
2025-03-03 17:39:26,264 [DEBUG]  There is a memorised next action 'action_listen'
2025-03-03 17:39:26,264 [DEBUG]  Node 'run_RulePolicy1' running 'RulePolicy.predict_action_probabilities'.
2025-03-03 17:39:26,264 [DEBUG]  [[32m[1mdebug    [0m] [1mrule_policy.actions.find      [0m [36mcurrent_states[0m=[35m
[state 1] user intent: ask_architecture | previous action name: action_listen
[state 2] user intent: ask_architecture | previous action name: utter_architecture_response
[state 3] user intent: ask_architecture | previous action name: action_listen
[state 4] user intent: ask_architecture | previous action name: utter_architecture_response
[state 5] user intent: ask_architecture | previous action name: action_listen
[state 6] user intent: ask_architecture | previous action name: utter_architecture_response[0m
2025-03-03 17:39:26,265 [DEBUG]  There is a rule for the next action 'action_listen'.
2025-03-03 17:39:26,265 [DEBUG]  Node 'run_TEDPolicy2' running 'TEDPolicy.predict_action_probabilities'.
2025-03-03 17:39:26,266 [DEBUG]  TED predicted 'action_restart' based on user intent.
2025-03-03 17:39:26,266 [DEBUG]  Node 'select_prediction' running 'DefaultPolicyPredictionEnsemble.combine_predictions_from_kwargs'.
2025-03-03 17:39:26,266 [DEBUG]  Predicted next action using RulePolicy.
2025-03-03 17:39:26,266 [DEBUG]  Predicted next action 'action_listen' with confidence 1.00.
2025-03-03 17:39:26,266 [DEBUG]  [[32m[1mdebug    [0m] [1mprocessor.actions.policy_prediction[0m [36mprediction_events[0m=[35m[][0m
2025-03-03 17:39:26,266 [DEBUG]  [[32m[1mdebug    [0m] [1mprocessor.actions.log         [0m [36maction_name[0m=[35maction_listen[0m [36mrasa_events[0m=[35m[][0m
2025-03-03 17:39:26,266 [DEBUG]  No event broker configured. Skipping streaming events.
2025-03-03 17:39:26,267 [DEBUG]  Deleted lock for conversation 'PractikumStudent'.
2025-03-03 17:39:33,816 [DEBUG]  Issuing ticket for conversation 'PractikumStudent'.
2025-03-03 17:39:33,817 [DEBUG]  Acquiring lock for conversation 'PractikumStudent'.
2025-03-03 17:39:33,817 [DEBUG]  Acquired lock for conversation 'PractikumStudent'.
2025-03-03 17:39:33,817 [DEBUG]  Recreating tracker for id 'PractikumStudent'
2025-03-03 17:39:33,819 [DEBUG]  Running graph with inputs: {'__message__': [<rasa.core.channels.channel.UserMessage object at 0x37af228c0>], '__tracker__': <rasa.shared.core.trackers.DialogueStateTracker object at 0x37af23f10>}, targets: ['run_RegexMessageHandler'] and ExecutionContext(model_id='10478bbae3674c86b474fd4614522956', should_add_diagnostic_data=False, is_finetuning=False, node_name=None).
2025-03-03 17:39:33,820 [DEBUG]  Node 'nlu_message_converter' running 'NLUMessageConverter.convert_user_message'.
2025-03-03 17:39:33,820 [DEBUG]  Node 'run_WhitespaceTokenizer0' running 'WhitespaceTokenizer.process'.
2025-03-03 17:39:33,820 [DEBUG]  Node 'run_RegexFeaturizer1' running 'RegexFeaturizer.process'.
2025-03-03 17:39:33,820 [DEBUG]  Node 'run_LexicalSyntacticFeaturizer2' running 'LexicalSyntacticFeaturizer.process'.
2025-03-03 17:39:33,821 [DEBUG]  Node 'run_CountVectorsFeaturizer3' running 'CountVectorsFeaturizer.process'.
2025-03-03 17:39:33,821 [DEBUG]  Node 'run_LanguageModelFeaturizer4' running 'LanguageModelFeaturizer.process'.
2025-03-03 17:39:33,936 [DEBUG]  Node 'run_DIETClassifier5' running 'DIETClassifier.process'.
2025-03-03 17:39:33,937 [DEBUG]  Node 'run_EntitySynonymMapper6' running 'EntitySynonymMapper.process'.
2025-03-03 17:39:33,937 [DEBUG]  Node 'run_ResponseSelector7' running 'ResponseSelector.process'.
2025-03-03 17:39:33,937 [DEBUG]  There is no trained model for 'ResponseSelector': The component is either not trained or didn't receive enough training data.
2025-03-03 17:39:33,937 [DEBUG]  Adding following selector key to message property: default
2025-03-03 17:39:33,938 [DEBUG]  Node 'domain_provider' running 'DomainProvider.provide_inference'.
2025-03-03 17:39:33,938 [DEBUG]  Node 'run_RegexMessageHandler' running 'RegexMessageHandler.process'.
2025-03-03 17:39:33,938 [DEBUG]  [[32m[1mdebug    [0m] [1mprocessor.message.parse       [0m [36mparse_data_entities[0m=[35m[][0m [36mparse_data_intent[0m=[35m{'name': 'ask_architecture', 'confidence': 0.28426241874694824}[0m [36mparse_data_text[0m=[35mкак ее реализовать[0m
2025-03-03 17:39:33,938 [DEBUG]  Logged UserUtterance - tracker now has 22 events.
2025-03-03 17:39:33,938 [DEBUG]  Validating extracted slots: topic
2025-03-03 17:39:33,938 [DEBUG]  [[32m[1mdebug    [0m] [1mprocessor.extract.slots       [0m [36maction_extract_slot[0m=[35maction_extract_slots[0m [36mlen_extraction_events[0m=[35m1[0m [36mrasa_events[0m=[35m[SlotSet(key: topic, value: как ее реализовать)][0m
2025-03-03 17:39:33,938 [DEBUG]  Running graph with inputs: {'__tracker__': <rasa.shared.core.trackers.DialogueStateTracker object at 0x37af23f10>}, targets: ['select_prediction'] and ExecutionContext(model_id='10478bbae3674c86b474fd4614522956', should_add_diagnostic_data=False, is_finetuning=False, node_name=None).
2025-03-03 17:39:33,938 [DEBUG]  Node 'rule_only_data_provider' running 'RuleOnlyDataProvider.provide'.
2025-03-03 17:39:33,938 [DEBUG]  Node 'domain_provider' running 'DomainProvider.provide_inference'.
2025-03-03 17:39:33,938 [DEBUG]  Node 'run_MemoizationPolicy0' running 'MemoizationPolicy.predict_action_probabilities'.
2025-03-03 17:39:33,938 [DEBUG]  [[32m[1mdebug    [0m] [1mmemoization.predict.actions   [0m [36mtracker_states[0m=[35m[{'user': {'intent': 'ask_architecture'}, 'prev_action': {'action_name': 'utter_architecture_response'}}, {'user': {'intent': 'ask_architecture'}, 'prev_action': {'action_name': 'action_listen'}}][0m
2025-03-03 17:39:33,939 [DEBUG]  There is no memorised next action
2025-03-03 17:39:33,939 [DEBUG]  Node 'run_RulePolicy1' running 'RulePolicy.predict_action_probabilities'.
2025-03-03 17:39:33,939 [DEBUG]  [[32m[1mdebug    [0m] [1mrule_policy.actions.find      [0m [36mcurrent_states[0m=[35m
[state 1] user intent: ask_architecture | previous action name: action_listen
[state 2] user intent: ask_architecture | previous action name: utter_architecture_response
[state 3] user intent: ask_architecture | previous action name: action_listen
[state 4] user intent: ask_architecture | previous action name: utter_architecture_response
[state 5] user intent: ask_architecture | previous action name: action_listen
[state 6] user intent: ask_architecture | previous action name: utter_architecture_response
[state 7] user text: как ее реализовать | previous action name: action_listen[0m
2025-03-03 17:39:33,939 [DEBUG]  There is no applicable rule.
2025-03-03 17:39:33,939 [DEBUG]  [[32m[1mdebug    [0m] [1mrule_policy.actions.find      [0m [36mcurrent_states[0m=[35m
[state 1] user intent: ask_architecture | previous action name: action_listen
[state 2] user intent: ask_architecture | previous action name: utter_architecture_response
[state 3] user intent: ask_architecture | previous action name: action_listen
[state 4] user intent: ask_architecture | previous action name: utter_architecture_response
[state 5] user intent: ask_architecture | previous action name: action_listen
[state 6] user intent: ask_architecture | previous action name: utter_architecture_response
[state 7] user intent: ask_architecture | previous action name: action_listen[0m
2025-03-03 17:39:33,939 [DEBUG]  There is a rule for the next action 'utter_architecture_response'.
2025-03-03 17:39:33,939 [DEBUG]  Node 'run_TEDPolicy2' running 'TEDPolicy.predict_action_probabilities'.
2025-03-03 17:39:33,941 [DEBUG]  TED predicted 'action_back' based on user intent.
2025-03-03 17:39:33,941 [DEBUG]  Node 'select_prediction' running 'DefaultPolicyPredictionEnsemble.combine_predictions_from_kwargs'.
2025-03-03 17:39:33,941 [DEBUG]  Made prediction using user intent.
2025-03-03 17:39:33,941 [DEBUG]  Added `DefinePrevUserUtteredFeaturization(False)` event.
2025-03-03 17:39:33,941 [DEBUG]  Predicted next action using RulePolicy.
2025-03-03 17:39:33,941 [DEBUG]  Predicted next action 'utter_architecture_response' with confidence 1.00.
2025-03-03 17:39:33,941 [DEBUG]  [[32m[1mdebug    [0m] [1mprocessor.actions.policy_prediction[0m [36mprediction_events[0m=[35m[<rasa.shared.core.events.DefinePrevUserUtteredFeaturization object at 0x37afb5750>][0m
2025-03-03 17:39:33,941 [DEBUG]  [[32m[1mdebug    [0m] [1mprocessor.actions.log         [0m [36maction_name[0m=[35mutter_architecture_response[0m [36mrasa_events[0m=[35m[BotUttered('Архитектура ПО включает выбор структур, которые обеспечивают масштабируемость, гибкость и поддерживаемость приложения. Задайте конкретный вопрос по этой теме, и я помогу вам с информацией.', {"elements": null, "quick_replies": null, "buttons": null, "attachment": null, "image": null, "custom": null}, {"utter_action": "utter_architecture_response"}, 1741019973.941514)][0m
2025-03-03 17:39:33,941 [DEBUG]  Running graph with inputs: {'__tracker__': <rasa.shared.core.trackers.DialogueStateTracker object at 0x37af23f10>}, targets: ['select_prediction'] and ExecutionContext(model_id='10478bbae3674c86b474fd4614522956', should_add_diagnostic_data=False, is_finetuning=False, node_name=None).
2025-03-03 17:39:33,941 [DEBUG]  Node 'rule_only_data_provider' running 'RuleOnlyDataProvider.provide'.
2025-03-03 17:39:33,941 [DEBUG]  Node 'domain_provider' running 'DomainProvider.provide_inference'.
2025-03-03 17:39:33,941 [DEBUG]  Node 'run_MemoizationPolicy0' running 'MemoizationPolicy.predict_action_probabilities'.
2025-03-03 17:39:33,942 [DEBUG]  [[32m[1mdebug    [0m] [1mmemoization.predict.actions   [0m [36mtracker_states[0m=[35m[{'user': {'intent': 'ask_architecture'}, 'prev_action': {'action_name': 'action_listen'}}, {'user': {'intent': 'ask_architecture'}, 'prev_action': {'action_name': 'utter_architecture_response'}}][0m
2025-03-03 17:39:33,942 [DEBUG]  There is a memorised next action 'action_listen'
2025-03-03 17:39:33,942 [DEBUG]  Node 'run_RulePolicy1' running 'RulePolicy.predict_action_probabilities'.
2025-03-03 17:39:33,942 [DEBUG]  [[32m[1mdebug    [0m] [1mrule_policy.actions.find      [0m [36mcurrent_states[0m=[35m
[state 1] user intent: ask_architecture | previous action name: action_listen
[state 2] user intent: ask_architecture | previous action name: utter_architecture_response
[state 3] user intent: ask_architecture | previous action name: action_listen
[state 4] user intent: ask_architecture | previous action name: utter_architecture_response
[state 5] user intent: ask_architecture | previous action name: action_listen
[state 6] user intent: ask_architecture | previous action name: utter_architecture_response
[state 7] user intent: ask_architecture | previous action name: action_listen
[state 8] user intent: ask_architecture | previous action name: utter_architecture_response[0m
2025-03-03 17:39:33,942 [DEBUG]  There is a rule for the next action 'action_listen'.
2025-03-03 17:39:33,942 [DEBUG]  Node 'run_TEDPolicy2' running 'TEDPolicy.predict_action_probabilities'.
2025-03-03 17:39:33,944 [DEBUG]  TED predicted 'action_restart' based on user intent.
2025-03-03 17:39:33,944 [DEBUG]  Node 'select_prediction' running 'DefaultPolicyPredictionEnsemble.combine_predictions_from_kwargs'.
2025-03-03 17:39:33,944 [DEBUG]  Predicted next action using RulePolicy.
2025-03-03 17:39:33,944 [DEBUG]  Predicted next action 'action_listen' with confidence 1.00.
2025-03-03 17:39:33,944 [DEBUG]  [[32m[1mdebug    [0m] [1mprocessor.actions.policy_prediction[0m [36mprediction_events[0m=[35m[][0m
2025-03-03 17:39:33,944 [DEBUG]  [[32m[1mdebug    [0m] [1mprocessor.actions.log         [0m [36maction_name[0m=[35maction_listen[0m [36mrasa_events[0m=[35m[][0m
2025-03-03 17:39:33,944 [DEBUG]  No event broker configured. Skipping streaming events.
2025-03-03 17:39:33,944 [DEBUG]  Deleted lock for conversation 'PractikumStudent'.
2025-03-03 17:39:35,379 [DEBUG]  Issuing ticket for conversation 'PractikumStudent'.
2025-03-03 17:39:35,379 [DEBUG]  Acquiring lock for conversation 'PractikumStudent'.
2025-03-03 17:39:35,380 [DEBUG]  Acquired lock for conversation 'PractikumStudent'.
2025-03-03 17:39:35,380 [DEBUG]  Recreating tracker for id 'PractikumStudent'
2025-03-03 17:39:35,383 [DEBUG]  Running graph with inputs: {'__message__': [<rasa.core.channels.channel.UserMessage object at 0x37af228c0>], '__tracker__': <rasa.shared.core.trackers.DialogueStateTracker object at 0x37aee40a0>}, targets: ['run_RegexMessageHandler'] and ExecutionContext(model_id='10478bbae3674c86b474fd4614522956', should_add_diagnostic_data=False, is_finetuning=False, node_name=None).
2025-03-03 17:39:35,384 [DEBUG]  Node 'nlu_message_converter' running 'NLUMessageConverter.convert_user_message'.
2025-03-03 17:39:35,385 [DEBUG]  Node 'run_WhitespaceTokenizer0' running 'WhitespaceTokenizer.process'.
2025-03-03 17:39:35,386 [DEBUG]  Node 'run_RegexFeaturizer1' running 'RegexFeaturizer.process'.
2025-03-03 17:39:35,386 [DEBUG]  Node 'run_LexicalSyntacticFeaturizer2' running 'LexicalSyntacticFeaturizer.process'.
2025-03-03 17:39:35,387 [DEBUG]  Node 'run_CountVectorsFeaturizer3' running 'CountVectorsFeaturizer.process'.
2025-03-03 17:39:35,388 [DEBUG]  Node 'run_LanguageModelFeaturizer4' running 'LanguageModelFeaturizer.process'.
2025-03-03 17:39:35,480 [DEBUG]  Node 'run_DIETClassifier5' running 'DIETClassifier.process'.
2025-03-03 17:39:35,481 [DEBUG]  Node 'run_EntitySynonymMapper6' running 'EntitySynonymMapper.process'.
2025-03-03 17:39:35,482 [DEBUG]  Node 'run_ResponseSelector7' running 'ResponseSelector.process'.
2025-03-03 17:39:35,482 [DEBUG]  There is no trained model for 'ResponseSelector': The component is either not trained or didn't receive enough training data.
2025-03-03 17:39:35,482 [DEBUG]  Adding following selector key to message property: default
2025-03-03 17:39:35,482 [DEBUG]  Node 'domain_provider' running 'DomainProvider.provide_inference'.
2025-03-03 17:39:35,482 [DEBUG]  Node 'run_RegexMessageHandler' running 'RegexMessageHandler.process'.
2025-03-03 17:39:35,482 [DEBUG]  [[32m[1mdebug    [0m] [1mprocessor.message.parse       [0m [36mparse_data_entities[0m=[35m[][0m [36mparse_data_intent[0m=[35m{'name': 'ask_architecture', 'confidence': 0.3285596966743469}[0m [36mparse_data_text[0m=[35mауц[0m
2025-03-03 17:39:35,482 [DEBUG]  Logged UserUtterance - tracker now has 28 events.
2025-03-03 17:39:35,482 [DEBUG]  Validating extracted slots: topic
2025-03-03 17:39:35,482 [DEBUG]  [[32m[1mdebug    [0m] [1mprocessor.extract.slots       [0m [36maction_extract_slot[0m=[35maction_extract_slots[0m [36mlen_extraction_events[0m=[35m1[0m [36mrasa_events[0m=[35m[SlotSet(key: topic, value: ауц)][0m
2025-03-03 17:39:35,482 [DEBUG]  Running graph with inputs: {'__tracker__': <rasa.shared.core.trackers.DialogueStateTracker object at 0x37aee40a0>}, targets: ['select_prediction'] and ExecutionContext(model_id='10478bbae3674c86b474fd4614522956', should_add_diagnostic_data=False, is_finetuning=False, node_name=None).
2025-03-03 17:39:35,483 [DEBUG]  Node 'rule_only_data_provider' running 'RuleOnlyDataProvider.provide'.
2025-03-03 17:39:35,483 [DEBUG]  Node 'domain_provider' running 'DomainProvider.provide_inference'.
2025-03-03 17:39:35,483 [DEBUG]  Node 'run_MemoizationPolicy0' running 'MemoizationPolicy.predict_action_probabilities'.
2025-03-03 17:39:35,483 [DEBUG]  [[32m[1mdebug    [0m] [1mmemoization.predict.actions   [0m [36mtracker_states[0m=[35m[{'user': {'intent': 'ask_architecture'}, 'prev_action': {'action_name': 'utter_architecture_response'}}, {'user': {'intent': 'ask_architecture'}, 'prev_action': {'action_name': 'action_listen'}}][0m
2025-03-03 17:39:35,483 [DEBUG]  There is no memorised next action
2025-03-03 17:39:35,483 [DEBUG]  Node 'run_RulePolicy1' running 'RulePolicy.predict_action_probabilities'.
2025-03-03 17:39:35,483 [DEBUG]  [[32m[1mdebug    [0m] [1mrule_policy.actions.find      [0m [36mcurrent_states[0m=[35m
[state 1] user intent: ask_architecture | previous action name: action_listen
[state 2] user intent: ask_architecture | previous action name: utter_architecture_response
[state 3] user intent: ask_architecture | previous action name: action_listen
[state 4] user intent: ask_architecture | previous action name: utter_architecture_response
[state 5] user intent: ask_architecture | previous action name: action_listen
[state 6] user intent: ask_architecture | previous action name: utter_architecture_response
[state 7] user intent: ask_architecture | previous action name: action_listen
[state 8] user intent: ask_architecture | previous action name: utter_architecture_response
[state 9] user text: ауц | previous action name: action_listen[0m
2025-03-03 17:39:35,483 [DEBUG]  There is no applicable rule.
2025-03-03 17:39:35,483 [DEBUG]  [[32m[1mdebug    [0m] [1mrule_policy.actions.find      [0m [36mcurrent_states[0m=[35m
[state 1] user intent: ask_architecture | previous action name: action_listen
[state 2] user intent: ask_architecture | previous action name: utter_architecture_response
[state 3] user intent: ask_architecture | previous action name: action_listen
[state 4] user intent: ask_architecture | previous action name: utter_architecture_response
[state 5] user intent: ask_architecture | previous action name: action_listen
[state 6] user intent: ask_architecture | previous action name: utter_architecture_response
[state 7] user intent: ask_architecture | previous action name: action_listen
[state 8] user intent: ask_architecture | previous action name: utter_architecture_response
[state 9] user intent: ask_architecture | previous action name: action_listen[0m
2025-03-03 17:39:35,483 [DEBUG]  There is a rule for the next action 'utter_architecture_response'.
2025-03-03 17:39:35,483 [DEBUG]  Node 'run_TEDPolicy2' running 'TEDPolicy.predict_action_probabilities'.
2025-03-03 17:39:35,486 [DEBUG]  TED predicted 'action_back' based on user intent.
2025-03-03 17:39:35,486 [DEBUG]  Node 'select_prediction' running 'DefaultPolicyPredictionEnsemble.combine_predictions_from_kwargs'.
2025-03-03 17:39:35,486 [DEBUG]  Made prediction using user intent.
2025-03-03 17:39:35,486 [DEBUG]  Added `DefinePrevUserUtteredFeaturization(False)` event.
2025-03-03 17:39:35,486 [DEBUG]  Predicted next action using RulePolicy.
2025-03-03 17:39:35,486 [DEBUG]  Predicted next action 'utter_architecture_response' with confidence 1.00.
2025-03-03 17:39:35,487 [DEBUG]  [[32m[1mdebug    [0m] [1mprocessor.actions.policy_prediction[0m [36mprediction_events[0m=[35m[<rasa.shared.core.events.DefinePrevUserUtteredFeaturization object at 0x37afb5f60>][0m
2025-03-03 17:39:35,487 [DEBUG]  [[32m[1mdebug    [0m] [1mprocessor.actions.log         [0m [36maction_name[0m=[35mutter_architecture_response[0m [36mrasa_events[0m=[35m[BotUttered('Архитектура ПО включает выбор структур, которые обеспечивают масштабируемость, гибкость и поддерживаемость приложения. Задайте конкретный вопрос по этой теме, и я помогу вам с информацией.', {"elements": null, "quick_replies": null, "buttons": null, "attachment": null, "image": null, "custom": null}, {"utter_action": "utter_architecture_response"}, 1741019975.4871109)][0m
2025-03-03 17:39:35,487 [DEBUG]  Running graph with inputs: {'__tracker__': <rasa.shared.core.trackers.DialogueStateTracker object at 0x37aee40a0>}, targets: ['select_prediction'] and ExecutionContext(model_id='10478bbae3674c86b474fd4614522956', should_add_diagnostic_data=False, is_finetuning=False, node_name=None).
2025-03-03 17:39:35,487 [DEBUG]  Node 'rule_only_data_provider' running 'RuleOnlyDataProvider.provide'.
2025-03-03 17:39:35,487 [DEBUG]  Node 'domain_provider' running 'DomainProvider.provide_inference'.
2025-03-03 17:39:35,487 [DEBUG]  Node 'run_MemoizationPolicy0' running 'MemoizationPolicy.predict_action_probabilities'.
2025-03-03 17:39:35,487 [DEBUG]  [[32m[1mdebug    [0m] [1mmemoization.predict.actions   [0m [36mtracker_states[0m=[35m[{'user': {'intent': 'ask_architecture'}, 'prev_action': {'action_name': 'action_listen'}}, {'user': {'intent': 'ask_architecture'}, 'prev_action': {'action_name': 'utter_architecture_response'}}][0m
2025-03-03 17:39:35,487 [DEBUG]  There is a memorised next action 'action_listen'
2025-03-03 17:39:35,487 [DEBUG]  Node 'run_RulePolicy1' running 'RulePolicy.predict_action_probabilities'.
2025-03-03 17:39:35,488 [DEBUG]  [[32m[1mdebug    [0m] [1mrule_policy.actions.find      [0m [36mcurrent_states[0m=[35m
[state 1] user intent: ask_architecture | previous action name: action_listen
[state 2] user intent: ask_architecture | previous action name: utter_architecture_response
[state 3] user intent: ask_architecture | previous action name: action_listen
[state 4] user intent: ask_architecture | previous action name: utter_architecture_response
[state 5] user intent: ask_architecture | previous action name: action_listen
[state 6] user intent: ask_architecture | previous action name: utter_architecture_response
[state 7] user intent: ask_architecture | previous action name: action_listen
[state 8] user intent: ask_architecture | previous action name: utter_architecture_response
[state 9] user intent: ask_architecture | previous action name: action_listen
[state 10] user intent: ask_architecture | previous action name: utter_architecture_response[0m
2025-03-03 17:39:35,488 [DEBUG]  There is a rule for the next action 'action_listen'.
2025-03-03 17:39:35,488 [DEBUG]  Node 'run_TEDPolicy2' running 'TEDPolicy.predict_action_probabilities'.
2025-03-03 17:39:35,490 [DEBUG]  TED predicted 'action_restart' based on user intent.
2025-03-03 17:39:35,490 [DEBUG]  Node 'select_prediction' running 'DefaultPolicyPredictionEnsemble.combine_predictions_from_kwargs'.
2025-03-03 17:39:35,490 [DEBUG]  Predicted next action using RulePolicy.
2025-03-03 17:39:35,490 [DEBUG]  Predicted next action 'action_listen' with confidence 1.00.
2025-03-03 17:39:35,490 [DEBUG]  [[32m[1mdebug    [0m] [1mprocessor.actions.policy_prediction[0m [36mprediction_events[0m=[35m[][0m
2025-03-03 17:39:35,490 [DEBUG]  [[32m[1mdebug    [0m] [1mprocessor.actions.log         [0m [36maction_name[0m=[35maction_listen[0m [36mrasa_events[0m=[35m[][0m
2025-03-03 17:39:35,490 [DEBUG]  No event broker configured. Skipping streaming events.
2025-03-03 17:39:35,490 [DEBUG]  Deleted lock for conversation 'PractikumStudent'.
2025-03-03 17:39:35,762 [DEBUG]  Issuing ticket for conversation 'PractikumStudent'.
2025-03-03 17:39:35,762 [DEBUG]  Acquiring lock for conversation 'PractikumStudent'.
2025-03-03 17:39:35,762 [DEBUG]  Acquired lock for conversation 'PractikumStudent'.
2025-03-03 17:39:35,762 [DEBUG]  Recreating tracker for id 'PractikumStudent'
2025-03-03 17:39:35,767 [DEBUG]  Running graph with inputs: {'__message__': [<rasa.core.channels.channel.UserMessage object at 0x37af228c0>], '__tracker__': <rasa.shared.core.trackers.DialogueStateTracker object at 0x315ee6560>}, targets: ['run_RegexMessageHandler'] and ExecutionContext(model_id='10478bbae3674c86b474fd4614522956', should_add_diagnostic_data=False, is_finetuning=False, node_name=None).
2025-03-03 17:39:35,769 [DEBUG]  Node 'nlu_message_converter' running 'NLUMessageConverter.convert_user_message'.
2025-03-03 17:39:35,769 [DEBUG]  Node 'run_WhitespaceTokenizer0' running 'WhitespaceTokenizer.process'.
2025-03-03 17:39:35,769 [DEBUG]  Node 'run_RegexFeaturizer1' running 'RegexFeaturizer.process'.
2025-03-03 17:39:35,770 [DEBUG]  Node 'run_LexicalSyntacticFeaturizer2' running 'LexicalSyntacticFeaturizer.process'.
2025-03-03 17:39:35,770 [DEBUG]  Node 'run_CountVectorsFeaturizer3' running 'CountVectorsFeaturizer.process'.
2025-03-03 17:39:35,771 [DEBUG]  Node 'run_LanguageModelFeaturizer4' running 'LanguageModelFeaturizer.process'.
2025-03-03 17:39:35,863 [DEBUG]  Node 'run_DIETClassifier5' running 'DIETClassifier.process'.
2025-03-03 17:39:35,865 [DEBUG]  Node 'run_EntitySynonymMapper6' running 'EntitySynonymMapper.process'.
2025-03-03 17:39:35,865 [DEBUG]  Node 'run_ResponseSelector7' running 'ResponseSelector.process'.
2025-03-03 17:39:35,865 [DEBUG]  There is no trained model for 'ResponseSelector': The component is either not trained or didn't receive enough training data.
2025-03-03 17:39:35,865 [DEBUG]  Adding following selector key to message property: default
2025-03-03 17:39:35,865 [DEBUG]  Node 'domain_provider' running 'DomainProvider.provide_inference'.
2025-03-03 17:39:35,866 [DEBUG]  Node 'run_RegexMessageHandler' running 'RegexMessageHandler.process'.
2025-03-03 17:39:35,866 [DEBUG]  [[32m[1mdebug    [0m] [1mprocessor.message.parse       [0m [36mparse_data_entities[0m=[35m[][0m [36mparse_data_intent[0m=[35m{'name': 'ask_architecture', 'confidence': 0.2637758255004883}[0m [36mparse_data_text[0m=[35mу[0m
2025-03-03 17:39:35,866 [DEBUG]  Logged UserUtterance - tracker now has 34 events.
2025-03-03 17:39:35,866 [DEBUG]  Validating extracted slots: topic
2025-03-03 17:39:35,866 [DEBUG]  [[32m[1mdebug    [0m] [1mprocessor.extract.slots       [0m [36maction_extract_slot[0m=[35maction_extract_slots[0m [36mlen_extraction_events[0m=[35m1[0m [36mrasa_events[0m=[35m[SlotSet(key: topic, value: у)][0m
2025-03-03 17:39:35,866 [DEBUG]  Running graph with inputs: {'__tracker__': <rasa.shared.core.trackers.DialogueStateTracker object at 0x315ee6560>}, targets: ['select_prediction'] and ExecutionContext(model_id='10478bbae3674c86b474fd4614522956', should_add_diagnostic_data=False, is_finetuning=False, node_name=None).
2025-03-03 17:39:35,866 [DEBUG]  Node 'rule_only_data_provider' running 'RuleOnlyDataProvider.provide'.
2025-03-03 17:39:35,866 [DEBUG]  Node 'domain_provider' running 'DomainProvider.provide_inference'.
2025-03-03 17:39:35,866 [DEBUG]  Node 'run_MemoizationPolicy0' running 'MemoizationPolicy.predict_action_probabilities'.
2025-03-03 17:39:35,867 [DEBUG]  [[32m[1mdebug    [0m] [1mmemoization.predict.actions   [0m [36mtracker_states[0m=[35m[{'user': {'intent': 'ask_architecture'}, 'prev_action': {'action_name': 'utter_architecture_response'}}, {'user': {'intent': 'ask_architecture'}, 'prev_action': {'action_name': 'action_listen'}}][0m
2025-03-03 17:39:35,867 [DEBUG]  There is no memorised next action
2025-03-03 17:39:35,867 [DEBUG]  Node 'run_RulePolicy1' running 'RulePolicy.predict_action_probabilities'.
2025-03-03 17:39:35,867 [DEBUG]  [[32m[1mdebug    [0m] [1mrule_policy.actions.find      [0m [36mcurrent_states[0m=[35m
[state 1] user intent: ask_architecture | previous action name: action_listen
[state 2] user intent: ask_architecture | previous action name: utter_architecture_response
[state 3] user intent: ask_architecture | previous action name: action_listen
[state 4] user intent: ask_architecture | previous action name: utter_architecture_response
[state 5] user intent: ask_architecture | previous action name: action_listen
[state 6] user intent: ask_architecture | previous action name: utter_architecture_response
[state 7] user intent: ask_architecture | previous action name: action_listen
[state 8] user intent: ask_architecture | previous action name: utter_architecture_response
[state 9] user intent: ask_architecture | previous action name: action_listen
[state 10] user intent: ask_architecture | previous action name: utter_architecture_response
[state 11] user text: у | previous action name: action_listen[0m
2025-03-03 17:39:35,867 [DEBUG]  There is no applicable rule.
2025-03-03 17:39:35,867 [DEBUG]  [[32m[1mdebug    [0m] [1mrule_policy.actions.find      [0m [36mcurrent_states[0m=[35m
[state 1] user intent: ask_architecture | previous action name: action_listen
[state 2] user intent: ask_architecture | previous action name: utter_architecture_response
[state 3] user intent: ask_architecture | previous action name: action_listen
[state 4] user intent: ask_architecture | previous action name: utter_architecture_response
[state 5] user intent: ask_architecture | previous action name: action_listen
[state 6] user intent: ask_architecture | previous action name: utter_architecture_response
[state 7] user intent: ask_architecture | previous action name: action_listen
[state 8] user intent: ask_architecture | previous action name: utter_architecture_response
[state 9] user intent: ask_architecture | previous action name: action_listen
[state 10] user intent: ask_architecture | previous action name: utter_architecture_response
[state 11] user intent: ask_architecture | previous action name: action_listen[0m
2025-03-03 17:39:35,867 [DEBUG]  There is a rule for the next action 'utter_architecture_response'.
2025-03-03 17:39:35,867 [DEBUG]  Node 'run_TEDPolicy2' running 'TEDPolicy.predict_action_probabilities'.
2025-03-03 17:39:35,869 [DEBUG]  TED predicted 'action_back' based on user intent.
2025-03-03 17:39:35,870 [DEBUG]  Node 'select_prediction' running 'DefaultPolicyPredictionEnsemble.combine_predictions_from_kwargs'.
2025-03-03 17:39:35,870 [DEBUG]  Made prediction using user intent.
2025-03-03 17:39:35,870 [DEBUG]  Added `DefinePrevUserUtteredFeaturization(False)` event.
2025-03-03 17:39:35,870 [DEBUG]  Predicted next action using RulePolicy.
2025-03-03 17:39:35,870 [DEBUG]  Predicted next action 'utter_architecture_response' with confidence 1.00.
2025-03-03 17:39:35,870 [DEBUG]  [[32m[1mdebug    [0m] [1mprocessor.actions.policy_prediction[0m [36mprediction_events[0m=[35m[<rasa.shared.core.events.DefinePrevUserUtteredFeaturization object at 0x37afb6ad0>][0m
2025-03-03 17:39:35,870 [DEBUG]  [[32m[1mdebug    [0m] [1mprocessor.actions.log         [0m [36maction_name[0m=[35mutter_architecture_response[0m [36mrasa_events[0m=[35m[BotUttered('Архитектура ПО включает выбор структур, которые обеспечивают масштабируемость, гибкость и поддерживаемость приложения. Задайте конкретный вопрос по этой теме, и я помогу вам с информацией.', {"elements": null, "quick_replies": null, "buttons": null, "attachment": null, "image": null, "custom": null}, {"utter_action": "utter_architecture_response"}, 1741019975.8705988)][0m
2025-03-03 17:39:35,870 [DEBUG]  Running graph with inputs: {'__tracker__': <rasa.shared.core.trackers.DialogueStateTracker object at 0x315ee6560>}, targets: ['select_prediction'] and ExecutionContext(model_id='10478bbae3674c86b474fd4614522956', should_add_diagnostic_data=False, is_finetuning=False, node_name=None).
2025-03-03 17:39:35,871 [DEBUG]  Node 'rule_only_data_provider' running 'RuleOnlyDataProvider.provide'.
2025-03-03 17:39:35,871 [DEBUG]  Node 'domain_provider' running 'DomainProvider.provide_inference'.
2025-03-03 17:39:35,871 [DEBUG]  Node 'run_MemoizationPolicy0' running 'MemoizationPolicy.predict_action_probabilities'.
2025-03-03 17:39:35,871 [DEBUG]  [[32m[1mdebug    [0m] [1mmemoization.predict.actions   [0m [36mtracker_states[0m=[35m[{'user': {'intent': 'ask_architecture'}, 'prev_action': {'action_name': 'action_listen'}}, {'user': {'intent': 'ask_architecture'}, 'prev_action': {'action_name': 'utter_architecture_response'}}][0m
2025-03-03 17:39:35,871 [DEBUG]  There is a memorised next action 'action_listen'
2025-03-03 17:39:35,871 [DEBUG]  Node 'run_RulePolicy1' running 'RulePolicy.predict_action_probabilities'.
2025-03-03 17:39:35,871 [DEBUG]  [[32m[1mdebug    [0m] [1mrule_policy.actions.find      [0m [36mcurrent_states[0m=[35m
[state 1] user intent: ask_architecture | previous action name: action_listen
[state 2] user intent: ask_architecture | previous action name: utter_architecture_response
[state 3] user intent: ask_architecture | previous action name: action_listen
[state 4] user intent: ask_architecture | previous action name: utter_architecture_response
[state 5] user intent: ask_architecture | previous action name: action_listen
[state 6] user intent: ask_architecture | previous action name: utter_architecture_response
[state 7] user intent: ask_architecture | previous action name: action_listen
[state 8] user intent: ask_architecture | previous action name: utter_architecture_response
[state 9] user intent: ask_architecture | previous action name: action_listen
[state 10] user intent: ask_architecture | previous action name: utter_architecture_response
[state 11] user intent: ask_architecture | previous action name: action_listen
[state 12] user intent: ask_architecture | previous action name: utter_architecture_response[0m
2025-03-03 17:39:35,871 [DEBUG]  There is a rule for the next action 'action_listen'.
2025-03-03 17:39:35,871 [DEBUG]  Node 'run_TEDPolicy2' running 'TEDPolicy.predict_action_probabilities'.
2025-03-03 17:39:35,873 [DEBUG]  TED predicted 'action_restart' based on user intent.
2025-03-03 17:39:35,873 [DEBUG]  Node 'select_prediction' running 'DefaultPolicyPredictionEnsemble.combine_predictions_from_kwargs'.
2025-03-03 17:39:35,873 [DEBUG]  Predicted next action using RulePolicy.
2025-03-03 17:39:35,873 [DEBUG]  Predicted next action 'action_listen' with confidence 1.00.
2025-03-03 17:39:35,874 [DEBUG]  [[32m[1mdebug    [0m] [1mprocessor.actions.policy_prediction[0m [36mprediction_events[0m=[35m[][0m
2025-03-03 17:39:35,874 [DEBUG]  [[32m[1mdebug    [0m] [1mprocessor.actions.log         [0m [36maction_name[0m=[35maction_listen[0m [36mrasa_events[0m=[35m[][0m
2025-03-03 17:39:35,874 [DEBUG]  No event broker configured. Skipping streaming events.
2025-03-03 17:39:35,874 [DEBUG]  Deleted lock for conversation 'PractikumStudent'.
2025-03-03 17:39:35,963 [DEBUG]  Issuing ticket for conversation 'PractikumStudent'.
2025-03-03 17:39:35,963 [DEBUG]  Acquiring lock for conversation 'PractikumStudent'.
2025-03-03 17:39:35,964 [DEBUG]  Acquired lock for conversation 'PractikumStudent'.
2025-03-03 17:39:35,964 [DEBUG]  Recreating tracker for id 'PractikumStudent'
2025-03-03 17:39:35,965 [DEBUG]  Running graph with inputs: {'__message__': [<rasa.core.channels.channel.UserMessage object at 0x37af228c0>], '__tracker__': <rasa.shared.core.trackers.DialogueStateTracker object at 0x315ee6560>}, targets: ['run_RegexMessageHandler'] and ExecutionContext(model_id='10478bbae3674c86b474fd4614522956', should_add_diagnostic_data=False, is_finetuning=False, node_name=None).
2025-03-03 17:39:35,965 [DEBUG]  Node 'nlu_message_converter' running 'NLUMessageConverter.convert_user_message'.
2025-03-03 17:39:35,965 [DEBUG]  Node 'run_WhitespaceTokenizer0' running 'WhitespaceTokenizer.process'.
2025-03-03 17:39:35,966 [DEBUG]  Node 'run_RegexFeaturizer1' running 'RegexFeaturizer.process'.
2025-03-03 17:39:35,966 [DEBUG]  Node 'run_LexicalSyntacticFeaturizer2' running 'LexicalSyntacticFeaturizer.process'.
2025-03-03 17:39:35,966 [DEBUG]  Node 'run_CountVectorsFeaturizer3' running 'CountVectorsFeaturizer.process'.
2025-03-03 17:39:35,966 [DEBUG]  Node 'run_LanguageModelFeaturizer4' running 'LanguageModelFeaturizer.process'.
2025-03-03 17:39:36,044 [DEBUG]  Node 'run_DIETClassifier5' running 'DIETClassifier.process'.
2025-03-03 17:39:36,045 [DEBUG]  Node 'run_EntitySynonymMapper6' running 'EntitySynonymMapper.process'.
2025-03-03 17:39:36,045 [DEBUG]  Node 'run_ResponseSelector7' running 'ResponseSelector.process'.
2025-03-03 17:39:36,045 [DEBUG]  There is no trained model for 'ResponseSelector': The component is either not trained or didn't receive enough training data.
2025-03-03 17:39:36,045 [DEBUG]  Adding following selector key to message property: default
2025-03-03 17:39:36,045 [DEBUG]  Node 'domain_provider' running 'DomainProvider.provide_inference'.
2025-03-03 17:39:36,045 [DEBUG]  Node 'run_RegexMessageHandler' running 'RegexMessageHandler.process'.
2025-03-03 17:39:36,046 [DEBUG]  [[32m[1mdebug    [0m] [1mprocessor.message.parse       [0m [36mparse_data_entities[0m=[35m[][0m [36mparse_data_intent[0m=[35m{'name': 'ask_architecture', 'confidence': 0.2637758255004883}[0m [36mparse_data_text[0m=[35mу[0m
2025-03-03 17:39:36,046 [DEBUG]  Logged UserUtterance - tracker now has 40 events.
2025-03-03 17:39:36,046 [DEBUG]  Validating extracted slots: topic
2025-03-03 17:39:36,046 [DEBUG]  [[32m[1mdebug    [0m] [1mprocessor.extract.slots       [0m [36maction_extract_slot[0m=[35maction_extract_slots[0m [36mlen_extraction_events[0m=[35m1[0m [36mrasa_events[0m=[35m[SlotSet(key: topic, value: у)][0m
2025-03-03 17:39:36,046 [DEBUG]  Running graph with inputs: {'__tracker__': <rasa.shared.core.trackers.DialogueStateTracker object at 0x315ee6560>}, targets: ['select_prediction'] and ExecutionContext(model_id='10478bbae3674c86b474fd4614522956', should_add_diagnostic_data=False, is_finetuning=False, node_name=None).
2025-03-03 17:39:36,046 [DEBUG]  Node 'rule_only_data_provider' running 'RuleOnlyDataProvider.provide'.
2025-03-03 17:39:36,046 [DEBUG]  Node 'domain_provider' running 'DomainProvider.provide_inference'.
2025-03-03 17:39:36,046 [DEBUG]  Node 'run_MemoizationPolicy0' running 'MemoizationPolicy.predict_action_probabilities'.
2025-03-03 17:39:36,046 [DEBUG]  [[32m[1mdebug    [0m] [1mmemoization.predict.actions   [0m [36mtracker_states[0m=[35m[{'user': {'intent': 'ask_architecture'}, 'prev_action': {'action_name': 'utter_architecture_response'}}, {'user': {'intent': 'ask_architecture'}, 'prev_action': {'action_name': 'action_listen'}}][0m
2025-03-03 17:39:36,047 [DEBUG]  There is no memorised next action
2025-03-03 17:39:36,047 [DEBUG]  Node 'run_RulePolicy1' running 'RulePolicy.predict_action_probabilities'.
2025-03-03 17:39:36,047 [DEBUG]  [[32m[1mdebug    [0m] [1mrule_policy.actions.find      [0m [36mcurrent_states[0m=[35m
[state 1] user intent: ask_architecture | previous action name: action_listen
[state 2] user intent: ask_architecture | previous action name: utter_architecture_response
[state 3] user intent: ask_architecture | previous action name: action_listen
[state 4] user intent: ask_architecture | previous action name: utter_architecture_response
[state 5] user intent: ask_architecture | previous action name: action_listen
[state 6] user intent: ask_architecture | previous action name: utter_architecture_response
[state 7] user intent: ask_architecture | previous action name: action_listen
[state 8] user intent: ask_architecture | previous action name: utter_architecture_response
[state 9] user intent: ask_architecture | previous action name: action_listen
[state 10] user intent: ask_architecture | previous action name: utter_architecture_response
[state 11] user intent: ask_architecture | previous action name: action_listen
[state 12] user intent: ask_architecture | previous action name: utter_architecture_response
[state 13] user text: у | previous action name: action_listen[0m
2025-03-03 17:39:36,047 [DEBUG]  There is no applicable rule.
2025-03-03 17:39:36,047 [DEBUG]  [[32m[1mdebug    [0m] [1mrule_policy.actions.find      [0m [36mcurrent_states[0m=[35m
[state 1] user intent: ask_architecture | previous action name: action_listen
[state 2] user intent: ask_architecture | previous action name: utter_architecture_response
[state 3] user intent: ask_architecture | previous action name: action_listen
[state 4] user intent: ask_architecture | previous action name: utter_architecture_response
[state 5] user intent: ask_architecture | previous action name: action_listen
[state 6] user intent: ask_architecture | previous action name: utter_architecture_response
[state 7] user intent: ask_architecture | previous action name: action_listen
[state 8] user intent: ask_architecture | previous action name: utter_architecture_response
[state 9] user intent: ask_architecture | previous action name: action_listen
[state 10] user intent: ask_architecture | previous action name: utter_architecture_response
[state 11] user intent: ask_architecture | previous action name: action_listen
[state 12] user intent: ask_architecture | previous action name: utter_architecture_response
[state 13] user intent: ask_architecture | previous action name: action_listen[0m
2025-03-03 17:39:36,048 [DEBUG]  There is a rule for the next action 'utter_architecture_response'.
2025-03-03 17:39:36,048 [DEBUG]  Node 'run_TEDPolicy2' running 'TEDPolicy.predict_action_probabilities'.
2025-03-03 17:39:36,049 [DEBUG]  TED predicted 'action_back' based on user intent.
2025-03-03 17:39:36,049 [DEBUG]  Node 'select_prediction' running 'DefaultPolicyPredictionEnsemble.combine_predictions_from_kwargs'.
2025-03-03 17:39:36,049 [DEBUG]  Made prediction using user intent.
2025-03-03 17:39:36,049 [DEBUG]  Added `DefinePrevUserUtteredFeaturization(False)` event.
2025-03-03 17:39:36,049 [DEBUG]  Predicted next action using RulePolicy.
2025-03-03 17:39:36,049 [DEBUG]  Predicted next action 'utter_architecture_response' with confidence 1.00.
2025-03-03 17:39:36,050 [DEBUG]  [[32m[1mdebug    [0m] [1mprocessor.actions.policy_prediction[0m [36mprediction_events[0m=[35m[<rasa.shared.core.events.DefinePrevUserUtteredFeaturization object at 0x37afb5870>][0m
2025-03-03 17:39:36,050 [DEBUG]  [[32m[1mdebug    [0m] [1mprocessor.actions.log         [0m [36maction_name[0m=[35mutter_architecture_response[0m [36mrasa_events[0m=[35m[BotUttered('Архитектура ПО включает выбор структур, которые обеспечивают масштабируемость, гибкость и поддерживаемость приложения. Задайте конкретный вопрос по этой теме, и я помогу вам с информацией.', {"elements": null, "quick_replies": null, "buttons": null, "attachment": null, "image": null, "custom": null}, {"utter_action": "utter_architecture_response"}, 1741019976.050069)][0m
2025-03-03 17:39:36,050 [DEBUG]  Running graph with inputs: {'__tracker__': <rasa.shared.core.trackers.DialogueStateTracker object at 0x315ee6560>}, targets: ['select_prediction'] and ExecutionContext(model_id='10478bbae3674c86b474fd4614522956', should_add_diagnostic_data=False, is_finetuning=False, node_name=None).
2025-03-03 17:39:36,050 [DEBUG]  Node 'rule_only_data_provider' running 'RuleOnlyDataProvider.provide'.
2025-03-03 17:39:36,050 [DEBUG]  Node 'domain_provider' running 'DomainProvider.provide_inference'.
2025-03-03 17:39:36,050 [DEBUG]  Node 'run_MemoizationPolicy0' running 'MemoizationPolicy.predict_action_probabilities'.
2025-03-03 17:39:36,050 [DEBUG]  [[32m[1mdebug    [0m] [1mmemoization.predict.actions   [0m [36mtracker_states[0m=[35m[{'user': {'intent': 'ask_architecture'}, 'prev_action': {'action_name': 'action_listen'}}, {'user': {'intent': 'ask_architecture'}, 'prev_action': {'action_name': 'utter_architecture_response'}}][0m
2025-03-03 17:39:36,050 [DEBUG]  There is a memorised next action 'action_listen'
2025-03-03 17:39:36,051 [DEBUG]  Node 'run_RulePolicy1' running 'RulePolicy.predict_action_probabilities'.
2025-03-03 17:39:36,051 [DEBUG]  [[32m[1mdebug    [0m] [1mrule_policy.actions.find      [0m [36mcurrent_states[0m=[35m
[state 1] user intent: ask_architecture | previous action name: action_listen
[state 2] user intent: ask_architecture | previous action name: utter_architecture_response
[state 3] user intent: ask_architecture | previous action name: action_listen
[state 4] user intent: ask_architecture | previous action name: utter_architecture_response
[state 5] user intent: ask_architecture | previous action name: action_listen
[state 6] user intent: ask_architecture | previous action name: utter_architecture_response
[state 7] user intent: ask_architecture | previous action name: action_listen
[state 8] user intent: ask_architecture | previous action name: utter_architecture_response
[state 9] user intent: ask_architecture | previous action name: action_listen
[state 10] user intent: ask_architecture | previous action name: utter_architecture_response
[state 11] user intent: ask_architecture | previous action name: action_listen
[state 12] user intent: ask_architecture | previous action name: utter_architecture_response
[state 13] user intent: ask_architecture | previous action name: action_listen
[state 14] user intent: ask_architecture | previous action name: utter_architecture_response[0m
2025-03-03 17:39:36,051 [DEBUG]  There is a rule for the next action 'action_listen'.
2025-03-03 17:39:36,051 [DEBUG]  Node 'run_TEDPolicy2' running 'TEDPolicy.predict_action_probabilities'.
2025-03-03 17:39:36,052 [DEBUG]  TED predicted 'action_restart' based on user intent.
2025-03-03 17:39:36,052 [DEBUG]  Node 'select_prediction' running 'DefaultPolicyPredictionEnsemble.combine_predictions_from_kwargs'.
2025-03-03 17:39:36,052 [DEBUG]  Predicted next action using RulePolicy.
2025-03-03 17:39:36,052 [DEBUG]  Predicted next action 'action_listen' with confidence 1.00.
2025-03-03 17:39:36,052 [DEBUG]  [[32m[1mdebug    [0m] [1mprocessor.actions.policy_prediction[0m [36mprediction_events[0m=[35m[][0m
2025-03-03 17:39:36,053 [DEBUG]  [[32m[1mdebug    [0m] [1mprocessor.actions.log         [0m [36maction_name[0m=[35maction_listen[0m [36mrasa_events[0m=[35m[][0m
2025-03-03 17:39:36,053 [DEBUG]  No event broker configured. Skipping streaming events.
2025-03-03 17:39:36,053 [DEBUG]  Deleted lock for conversation 'PractikumStudent'.
2025-03-03 17:39:36,133 [DEBUG]  Issuing ticket for conversation 'PractikumStudent'.
2025-03-03 17:39:36,133 [DEBUG]  Acquiring lock for conversation 'PractikumStudent'.
2025-03-03 17:39:36,133 [DEBUG]  Acquired lock for conversation 'PractikumStudent'.
2025-03-03 17:39:36,133 [DEBUG]  Recreating tracker for id 'PractikumStudent'
2025-03-03 17:39:36,134 [DEBUG]  Running graph with inputs: {'__message__': [<rasa.core.channels.channel.UserMessage object at 0x37af228c0>], '__tracker__': <rasa.shared.core.trackers.DialogueStateTracker object at 0x315ee6560>}, targets: ['run_RegexMessageHandler'] and ExecutionContext(model_id='10478bbae3674c86b474fd4614522956', should_add_diagnostic_data=False, is_finetuning=False, node_name=None).
2025-03-03 17:39:36,135 [DEBUG]  Node 'nlu_message_converter' running 'NLUMessageConverter.convert_user_message'.
2025-03-03 17:39:36,135 [DEBUG]  Node 'run_WhitespaceTokenizer0' running 'WhitespaceTokenizer.process'.
2025-03-03 17:39:36,135 [DEBUG]  Node 'run_RegexFeaturizer1' running 'RegexFeaturizer.process'.
2025-03-03 17:39:36,135 [DEBUG]  Node 'run_LexicalSyntacticFeaturizer2' running 'LexicalSyntacticFeaturizer.process'.
2025-03-03 17:39:36,136 [DEBUG]  Node 'run_CountVectorsFeaturizer3' running 'CountVectorsFeaturizer.process'.
2025-03-03 17:39:36,136 [DEBUG]  Node 'run_LanguageModelFeaturizer4' running 'LanguageModelFeaturizer.process'.
2025-03-03 17:39:36,201 [DEBUG]  Node 'run_DIETClassifier5' running 'DIETClassifier.process'.
2025-03-03 17:39:36,203 [DEBUG]  Node 'run_EntitySynonymMapper6' running 'EntitySynonymMapper.process'.
2025-03-03 17:39:36,203 [DEBUG]  Node 'run_ResponseSelector7' running 'ResponseSelector.process'.
2025-03-03 17:39:36,203 [DEBUG]  There is no trained model for 'ResponseSelector': The component is either not trained or didn't receive enough training data.
2025-03-03 17:39:36,203 [DEBUG]  Adding following selector key to message property: default
2025-03-03 17:39:36,203 [DEBUG]  Node 'domain_provider' running 'DomainProvider.provide_inference'.
2025-03-03 17:39:36,203 [DEBUG]  Node 'run_RegexMessageHandler' running 'RegexMessageHandler.process'.
2025-03-03 17:39:36,203 [DEBUG]  [[32m[1mdebug    [0m] [1mprocessor.message.parse       [0m [36mparse_data_entities[0m=[35m[][0m [36mparse_data_intent[0m=[35m{'name': 'ask_architecture', 'confidence': 0.2637758255004883}[0m [36mparse_data_text[0m=[35mу[0m
2025-03-03 17:39:36,203 [DEBUG]  Logged UserUtterance - tracker now has 46 events.
2025-03-03 17:39:36,204 [DEBUG]  Validating extracted slots: topic
2025-03-03 17:39:36,204 [DEBUG]  [[32m[1mdebug    [0m] [1mprocessor.extract.slots       [0m [36maction_extract_slot[0m=[35maction_extract_slots[0m [36mlen_extraction_events[0m=[35m1[0m [36mrasa_events[0m=[35m[SlotSet(key: topic, value: у)][0m
2025-03-03 17:39:36,204 [DEBUG]  Running graph with inputs: {'__tracker__': <rasa.shared.core.trackers.DialogueStateTracker object at 0x315ee6560>}, targets: ['select_prediction'] and ExecutionContext(model_id='10478bbae3674c86b474fd4614522956', should_add_diagnostic_data=False, is_finetuning=False, node_name=None).
2025-03-03 17:39:36,204 [DEBUG]  Node 'rule_only_data_provider' running 'RuleOnlyDataProvider.provide'.
2025-03-03 17:39:36,204 [DEBUG]  Node 'domain_provider' running 'DomainProvider.provide_inference'.
2025-03-03 17:39:36,204 [DEBUG]  Node 'run_MemoizationPolicy0' running 'MemoizationPolicy.predict_action_probabilities'.
2025-03-03 17:39:36,204 [DEBUG]  [[32m[1mdebug    [0m] [1mmemoization.predict.actions   [0m [36mtracker_states[0m=[35m[{'user': {'intent': 'ask_architecture'}, 'prev_action': {'action_name': 'utter_architecture_response'}}, {'user': {'intent': 'ask_architecture'}, 'prev_action': {'action_name': 'action_listen'}}][0m
2025-03-03 17:39:36,204 [DEBUG]  There is no memorised next action
2025-03-03 17:39:36,204 [DEBUG]  Node 'run_RulePolicy1' running 'RulePolicy.predict_action_probabilities'.
2025-03-03 17:39:36,205 [DEBUG]  [[32m[1mdebug    [0m] [1mrule_policy.actions.find      [0m [36mcurrent_states[0m=[35m
[state 1] user intent: ask_architecture | previous action name: action_listen
[state 2] user intent: ask_architecture | previous action name: utter_architecture_response
[state 3] user intent: ask_architecture | previous action name: action_listen
[state 4] user intent: ask_architecture | previous action name: utter_architecture_response
[state 5] user intent: ask_architecture | previous action name: action_listen
[state 6] user intent: ask_architecture | previous action name: utter_architecture_response
[state 7] user intent: ask_architecture | previous action name: action_listen
[state 8] user intent: ask_architecture | previous action name: utter_architecture_response
[state 9] user intent: ask_architecture | previous action name: action_listen
[state 10] user intent: ask_architecture | previous action name: utter_architecture_response
[state 11] user intent: ask_architecture | previous action name: action_listen
[state 12] user intent: ask_architecture | previous action name: utter_architecture_response
[state 13] user intent: ask_architecture | previous action name: action_listen
[state 14] user intent: ask_architecture | previous action name: utter_architecture_response
[state 15] user text: у | previous action name: action_listen[0m
2025-03-03 17:39:36,205 [DEBUG]  There is no applicable rule.
2025-03-03 17:39:36,205 [DEBUG]  [[32m[1mdebug    [0m] [1mrule_policy.actions.find      [0m [36mcurrent_states[0m=[35m
[state 1] user intent: ask_architecture | previous action name: action_listen
[state 2] user intent: ask_architecture | previous action name: utter_architecture_response
[state 3] user intent: ask_architecture | previous action name: action_listen
[state 4] user intent: ask_architecture | previous action name: utter_architecture_response
[state 5] user intent: ask_architecture | previous action name: action_listen
[state 6] user intent: ask_architecture | previous action name: utter_architecture_response
[state 7] user intent: ask_architecture | previous action name: action_listen
[state 8] user intent: ask_architecture | previous action name: utter_architecture_response
[state 9] user intent: ask_architecture | previous action name: action_listen
[state 10] user intent: ask_architecture | previous action name: utter_architecture_response
[state 11] user intent: ask_architecture | previous action name: action_listen
[state 12] user intent: ask_architecture | previous action name: utter_architecture_response
[state 13] user intent: ask_architecture | previous action name: action_listen
[state 14] user intent: ask_architecture | previous action name: utter_architecture_response
[state 15] user intent: ask_architecture | previous action name: action_listen[0m
2025-03-03 17:39:36,205 [DEBUG]  There is a rule for the next action 'utter_architecture_response'.
2025-03-03 17:39:36,205 [DEBUG]  Node 'run_TEDPolicy2' running 'TEDPolicy.predict_action_probabilities'.
2025-03-03 17:39:36,207 [DEBUG]  TED predicted 'action_back' based on user intent.
2025-03-03 17:39:36,207 [DEBUG]  Node 'select_prediction' running 'DefaultPolicyPredictionEnsemble.combine_predictions_from_kwargs'.
2025-03-03 17:39:36,207 [DEBUG]  Made prediction using user intent.
2025-03-03 17:39:36,207 [DEBUG]  Added `DefinePrevUserUtteredFeaturization(False)` event.
2025-03-03 17:39:36,207 [DEBUG]  Predicted next action using RulePolicy.
2025-03-03 17:39:36,207 [DEBUG]  Predicted next action 'utter_architecture_response' with confidence 1.00.
2025-03-03 17:39:36,207 [DEBUG]  [[32m[1mdebug    [0m] [1mprocessor.actions.policy_prediction[0m [36mprediction_events[0m=[35m[<rasa.shared.core.events.DefinePrevUserUtteredFeaturization object at 0x37afb76d0>][0m
2025-03-03 17:39:36,207 [DEBUG]  [[32m[1mdebug    [0m] [1mprocessor.actions.log         [0m [36maction_name[0m=[35mutter_architecture_response[0m [36mrasa_events[0m=[35m[BotUttered('Архитектура ПО включает выбор структур, которые обеспечивают масштабируемость, гибкость и поддерживаемость приложения. Задайте конкретный вопрос по этой теме, и я помогу вам с информацией.', {"elements": null, "quick_replies": null, "buttons": null, "attachment": null, "image": null, "custom": null}, {"utter_action": "utter_architecture_response"}, 1741019976.207466)][0m
2025-03-03 17:39:36,207 [DEBUG]  Running graph with inputs: {'__tracker__': <rasa.shared.core.trackers.DialogueStateTracker object at 0x315ee6560>}, targets: ['select_prediction'] and ExecutionContext(model_id='10478bbae3674c86b474fd4614522956', should_add_diagnostic_data=False, is_finetuning=False, node_name=None).
2025-03-03 17:39:36,207 [DEBUG]  Node 'rule_only_data_provider' running 'RuleOnlyDataProvider.provide'.
2025-03-03 17:39:36,207 [DEBUG]  Node 'domain_provider' running 'DomainProvider.provide_inference'.
2025-03-03 17:39:36,207 [DEBUG]  Node 'run_MemoizationPolicy0' running 'MemoizationPolicy.predict_action_probabilities'.
2025-03-03 17:39:36,208 [DEBUG]  [[32m[1mdebug    [0m] [1mmemoization.predict.actions   [0m [36mtracker_states[0m=[35m[{'user': {'intent': 'ask_architecture'}, 'prev_action': {'action_name': 'action_listen'}}, {'user': {'intent': 'ask_architecture'}, 'prev_action': {'action_name': 'utter_architecture_response'}}][0m
2025-03-03 17:39:36,208 [DEBUG]  There is a memorised next action 'action_listen'
2025-03-03 17:39:36,208 [DEBUG]  Node 'run_RulePolicy1' running 'RulePolicy.predict_action_probabilities'.
2025-03-03 17:39:36,208 [DEBUG]  [[32m[1mdebug    [0m] [1mrule_policy.actions.find      [0m [36mcurrent_states[0m=[35m
[state 1] user intent: ask_architecture | previous action name: action_listen
[state 2] user intent: ask_architecture | previous action name: utter_architecture_response
[state 3] user intent: ask_architecture | previous action name: action_listen
[state 4] user intent: ask_architecture | previous action name: utter_architecture_response
[state 5] user intent: ask_architecture | previous action name: action_listen
[state 6] user intent: ask_architecture | previous action name: utter_architecture_response
[state 7] user intent: ask_architecture | previous action name: action_listen
[state 8] user intent: ask_architecture | previous action name: utter_architecture_response
[state 9] user intent: ask_architecture | previous action name: action_listen
[state 10] user intent: ask_architecture | previous action name: utter_architecture_response
[state 11] user intent: ask_architecture | previous action name: action_listen
[state 12] user intent: ask_architecture | previous action name: utter_architecture_response
[state 13] user intent: ask_architecture | previous action name: action_listen
[state 14] user intent: ask_architecture | previous action name: utter_architecture_response
[state 15] user intent: ask_architecture | previous action name: action_listen
[state 16] user intent: ask_architecture | previous action name: utter_architecture_response[0m
2025-03-03 17:39:36,208 [DEBUG]  There is a rule for the next action 'action_listen'.
2025-03-03 17:39:36,208 [DEBUG]  Node 'run_TEDPolicy2' running 'TEDPolicy.predict_action_probabilities'.
2025-03-03 17:39:36,209 [DEBUG]  TED predicted 'action_restart' based on user intent.
2025-03-03 17:39:36,209 [DEBUG]  Node 'select_prediction' running 'DefaultPolicyPredictionEnsemble.combine_predictions_from_kwargs'.
2025-03-03 17:39:36,209 [DEBUG]  Predicted next action using RulePolicy.
2025-03-03 17:39:36,209 [DEBUG]  Predicted next action 'action_listen' with confidence 1.00.
2025-03-03 17:39:36,210 [DEBUG]  [[32m[1mdebug    [0m] [1mprocessor.actions.policy_prediction[0m [36mprediction_events[0m=[35m[][0m
2025-03-03 17:39:36,210 [DEBUG]  [[32m[1mdebug    [0m] [1mprocessor.actions.log         [0m [36maction_name[0m=[35maction_listen[0m [36mrasa_events[0m=[35m[][0m
2025-03-03 17:39:36,210 [DEBUG]  No event broker configured. Skipping streaming events.
2025-03-03 17:39:36,210 [DEBUG]  Deleted lock for conversation 'PractikumStudent'.
2025-03-03 17:39:36,295 [DEBUG]  Issuing ticket for conversation 'PractikumStudent'.
2025-03-03 17:39:36,296 [DEBUG]  Acquiring lock for conversation 'PractikumStudent'.
2025-03-03 17:39:36,296 [DEBUG]  Acquired lock for conversation 'PractikumStudent'.
2025-03-03 17:39:36,296 [DEBUG]  Recreating tracker for id 'PractikumStudent'
2025-03-03 17:39:36,297 [DEBUG]  Running graph with inputs: {'__message__': [<rasa.core.channels.channel.UserMessage object at 0x37af228c0>], '__tracker__': <rasa.shared.core.trackers.DialogueStateTracker object at 0x315ee6560>}, targets: ['run_RegexMessageHandler'] and ExecutionContext(model_id='10478bbae3674c86b474fd4614522956', should_add_diagnostic_data=False, is_finetuning=False, node_name=None).
2025-03-03 17:39:36,298 [DEBUG]  Node 'nlu_message_converter' running 'NLUMessageConverter.convert_user_message'.
2025-03-03 17:39:36,298 [DEBUG]  Node 'run_WhitespaceTokenizer0' running 'WhitespaceTokenizer.process'.
2025-03-03 17:39:36,298 [DEBUG]  Node 'run_RegexFeaturizer1' running 'RegexFeaturizer.process'.
2025-03-03 17:39:36,298 [DEBUG]  Node 'run_LexicalSyntacticFeaturizer2' running 'LexicalSyntacticFeaturizer.process'.
2025-03-03 17:39:36,298 [DEBUG]  Node 'run_CountVectorsFeaturizer3' running 'CountVectorsFeaturizer.process'.
2025-03-03 17:39:36,298 [DEBUG]  Node 'run_LanguageModelFeaturizer4' running 'LanguageModelFeaturizer.process'.
2025-03-03 17:39:36,363 [DEBUG]  Node 'run_DIETClassifier5' running 'DIETClassifier.process'.
2025-03-03 17:39:36,365 [DEBUG]  Node 'run_EntitySynonymMapper6' running 'EntitySynonymMapper.process'.
2025-03-03 17:39:36,365 [DEBUG]  Node 'run_ResponseSelector7' running 'ResponseSelector.process'.
2025-03-03 17:39:36,365 [DEBUG]  There is no trained model for 'ResponseSelector': The component is either not trained or didn't receive enough training data.
2025-03-03 17:39:36,365 [DEBUG]  Adding following selector key to message property: default
2025-03-03 17:39:36,365 [DEBUG]  Node 'domain_provider' running 'DomainProvider.provide_inference'.
2025-03-03 17:39:36,365 [DEBUG]  Node 'run_RegexMessageHandler' running 'RegexMessageHandler.process'.
2025-03-03 17:39:36,365 [DEBUG]  [[32m[1mdebug    [0m] [1mprocessor.message.parse       [0m [36mparse_data_entities[0m=[35m[][0m [36mparse_data_intent[0m=[35m{'name': 'ask_architecture', 'confidence': 0.2637758255004883}[0m [36mparse_data_text[0m=[35mу[0m
2025-03-03 17:39:36,366 [DEBUG]  Logged UserUtterance - tracker now has 52 events.
2025-03-03 17:39:36,366 [DEBUG]  Validating extracted slots: topic
2025-03-03 17:39:36,366 [DEBUG]  [[32m[1mdebug    [0m] [1mprocessor.extract.slots       [0m [36maction_extract_slot[0m=[35maction_extract_slots[0m [36mlen_extraction_events[0m=[35m1[0m [36mrasa_events[0m=[35m[SlotSet(key: topic, value: у)][0m
2025-03-03 17:39:36,366 [DEBUG]  Running graph with inputs: {'__tracker__': <rasa.shared.core.trackers.DialogueStateTracker object at 0x315ee6560>}, targets: ['select_prediction'] and ExecutionContext(model_id='10478bbae3674c86b474fd4614522956', should_add_diagnostic_data=False, is_finetuning=False, node_name=None).
2025-03-03 17:39:36,366 [DEBUG]  Node 'rule_only_data_provider' running 'RuleOnlyDataProvider.provide'.
2025-03-03 17:39:36,366 [DEBUG]  Node 'domain_provider' running 'DomainProvider.provide_inference'.
2025-03-03 17:39:36,366 [DEBUG]  Node 'run_MemoizationPolicy0' running 'MemoizationPolicy.predict_action_probabilities'.
2025-03-03 17:39:36,366 [DEBUG]  [[32m[1mdebug    [0m] [1mmemoization.predict.actions   [0m [36mtracker_states[0m=[35m[{'user': {'intent': 'ask_architecture'}, 'prev_action': {'action_name': 'utter_architecture_response'}}, {'user': {'intent': 'ask_architecture'}, 'prev_action': {'action_name': 'action_listen'}}][0m
2025-03-03 17:39:36,366 [DEBUG]  There is no memorised next action
2025-03-03 17:39:36,366 [DEBUG]  Node 'run_RulePolicy1' running 'RulePolicy.predict_action_probabilities'.
2025-03-03 17:39:36,367 [DEBUG]  [[32m[1mdebug    [0m] [1mrule_policy.actions.find      [0m [36mcurrent_states[0m=[35m
[state 1] user intent: ask_architecture | previous action name: action_listen
[state 2] user intent: ask_architecture | previous action name: utter_architecture_response
[state 3] user intent: ask_architecture | previous action name: action_listen
[state 4] user intent: ask_architecture | previous action name: utter_architecture_response
[state 5] user intent: ask_architecture | previous action name: action_listen
[state 6] user intent: ask_architecture | previous action name: utter_architecture_response
[state 7] user intent: ask_architecture | previous action name: action_listen
[state 8] user intent: ask_architecture | previous action name: utter_architecture_response
[state 9] user intent: ask_architecture | previous action name: action_listen
[state 10] user intent: ask_architecture | previous action name: utter_architecture_response
[state 11] user intent: ask_architecture | previous action name: action_listen
[state 12] user intent: ask_architecture | previous action name: utter_architecture_response
[state 13] user intent: ask_architecture | previous action name: action_listen
[state 14] user intent: ask_architecture | previous action name: utter_architecture_response
[state 15] user intent: ask_architecture | previous action name: action_listen
[state 16] user intent: ask_architecture | previous action name: utter_architecture_response
[state 17] user text: у | previous action name: action_listen[0m
2025-03-03 17:39:36,367 [DEBUG]  There is no applicable rule.
2025-03-03 17:39:36,367 [DEBUG]  [[32m[1mdebug    [0m] [1mrule_policy.actions.find      [0m [36mcurrent_states[0m=[35m
[state 1] user intent: ask_architecture | previous action name: action_listen
[state 2] user intent: ask_architecture | previous action name: utter_architecture_response
[state 3] user intent: ask_architecture | previous action name: action_listen
[state 4] user intent: ask_architecture | previous action name: utter_architecture_response
[state 5] user intent: ask_architecture | previous action name: action_listen
[state 6] user intent: ask_architecture | previous action name: utter_architecture_response
[state 7] user intent: ask_architecture | previous action name: action_listen
[state 8] user intent: ask_architecture | previous action name: utter_architecture_response
[state 9] user intent: ask_architecture | previous action name: action_listen
[state 10] user intent: ask_architecture | previous action name: utter_architecture_response
[state 11] user intent: ask_architecture | previous action name: action_listen
[state 12] user intent: ask_architecture | previous action name: utter_architecture_response
[state 13] user intent: ask_architecture | previous action name: action_listen
[state 14] user intent: ask_architecture | previous action name: utter_architecture_response
[state 15] user intent: ask_architecture | previous action name: action_listen
[state 16] user intent: ask_architecture | previous action name: utter_architecture_response
[state 17] user intent: ask_architecture | previous action name: action_listen[0m
2025-03-03 17:39:36,367 [DEBUG]  There is a rule for the next action 'utter_architecture_response'.
2025-03-03 17:39:36,367 [DEBUG]  Node 'run_TEDPolicy2' running 'TEDPolicy.predict_action_probabilities'.
2025-03-03 17:39:36,369 [DEBUG]  TED predicted 'action_back' based on user intent.
2025-03-03 17:39:36,369 [DEBUG]  Node 'select_prediction' running 'DefaultPolicyPredictionEnsemble.combine_predictions_from_kwargs'.
2025-03-03 17:39:36,369 [DEBUG]  Made prediction using user intent.
2025-03-03 17:39:36,369 [DEBUG]  Added `DefinePrevUserUtteredFeaturization(False)` event.
2025-03-03 17:39:36,369 [DEBUG]  Predicted next action using RulePolicy.
2025-03-03 17:39:36,369 [DEBUG]  Predicted next action 'utter_architecture_response' with confidence 1.00.
2025-03-03 17:39:36,369 [DEBUG]  [[32m[1mdebug    [0m] [1mprocessor.actions.policy_prediction[0m [36mprediction_events[0m=[35m[<rasa.shared.core.events.DefinePrevUserUtteredFeaturization object at 0x37afb7250>][0m
2025-03-03 17:39:36,369 [DEBUG]  [[32m[1mdebug    [0m] [1mprocessor.actions.log         [0m [36maction_name[0m=[35mutter_architecture_response[0m [36mrasa_events[0m=[35m[BotUttered('Архитектура ПО включает выбор структур, которые обеспечивают масштабируемость, гибкость и поддерживаемость приложения. Задайте конкретный вопрос по этой теме, и я помогу вам с информацией.', {"elements": null, "quick_replies": null, "buttons": null, "attachment": null, "image": null, "custom": null}, {"utter_action": "utter_architecture_response"}, 1741019976.3698502)][0m
2025-03-03 17:39:36,370 [DEBUG]  Running graph with inputs: {'__tracker__': <rasa.shared.core.trackers.DialogueStateTracker object at 0x315ee6560>}, targets: ['select_prediction'] and ExecutionContext(model_id='10478bbae3674c86b474fd4614522956', should_add_diagnostic_data=False, is_finetuning=False, node_name=None).
2025-03-03 17:39:36,370 [DEBUG]  Node 'rule_only_data_provider' running 'RuleOnlyDataProvider.provide'.
2025-03-03 17:39:36,370 [DEBUG]  Node 'domain_provider' running 'DomainProvider.provide_inference'.
2025-03-03 17:39:36,370 [DEBUG]  Node 'run_MemoizationPolicy0' running 'MemoizationPolicy.predict_action_probabilities'.
2025-03-03 17:39:36,370 [DEBUG]  [[32m[1mdebug    [0m] [1mmemoization.predict.actions   [0m [36mtracker_states[0m=[35m[{'user': {'intent': 'ask_architecture'}, 'prev_action': {'action_name': 'action_listen'}}, {'user': {'intent': 'ask_architecture'}, 'prev_action': {'action_name': 'utter_architecture_response'}}][0m
2025-03-03 17:39:36,370 [DEBUG]  There is a memorised next action 'action_listen'
2025-03-03 17:39:36,370 [DEBUG]  Node 'run_RulePolicy1' running 'RulePolicy.predict_action_probabilities'.
2025-03-03 17:39:36,371 [DEBUG]  [[32m[1mdebug    [0m] [1mrule_policy.actions.find      [0m [36mcurrent_states[0m=[35m
[state 1] user intent: ask_architecture | previous action name: action_listen
[state 2] user intent: ask_architecture | previous action name: utter_architecture_response
[state 3] user intent: ask_architecture | previous action name: action_listen
[state 4] user intent: ask_architecture | previous action name: utter_architecture_response
[state 5] user intent: ask_architecture | previous action name: action_listen
[state 6] user intent: ask_architecture | previous action name: utter_architecture_response
[state 7] user intent: ask_architecture | previous action name: action_listen
[state 8] user intent: ask_architecture | previous action name: utter_architecture_response
[state 9] user intent: ask_architecture | previous action name: action_listen
[state 10] user intent: ask_architecture | previous action name: utter_architecture_response
[state 11] user intent: ask_architecture | previous action name: action_listen
[state 12] user intent: ask_architecture | previous action name: utter_architecture_response
[state 13] user intent: ask_architecture | previous action name: action_listen
[state 14] user intent: ask_architecture | previous action name: utter_architecture_response
[state 15] user intent: ask_architecture | previous action name: action_listen
[state 16] user intent: ask_architecture | previous action name: utter_architecture_response
[state 17] user intent: ask_architecture | previous action name: action_listen
[state 18] user intent: ask_architecture | previous action name: utter_architecture_response[0m
2025-03-03 17:39:36,371 [DEBUG]  There is a rule for the next action 'action_listen'.
2025-03-03 17:39:36,371 [DEBUG]  Node 'run_TEDPolicy2' running 'TEDPolicy.predict_action_probabilities'.
2025-03-03 17:39:36,372 [DEBUG]  TED predicted 'action_restart' based on user intent.
2025-03-03 17:39:36,372 [DEBUG]  Node 'select_prediction' running 'DefaultPolicyPredictionEnsemble.combine_predictions_from_kwargs'.
2025-03-03 17:39:36,372 [DEBUG]  Predicted next action using RulePolicy.
2025-03-03 17:39:36,372 [DEBUG]  Predicted next action 'action_listen' with confidence 1.00.
2025-03-03 17:39:36,372 [DEBUG]  [[32m[1mdebug    [0m] [1mprocessor.actions.policy_prediction[0m [36mprediction_events[0m=[35m[][0m
2025-03-03 17:39:36,373 [DEBUG]  [[32m[1mdebug    [0m] [1mprocessor.actions.log         [0m [36maction_name[0m=[35maction_listen[0m [36mrasa_events[0m=[35m[][0m
2025-03-03 17:39:36,373 [DEBUG]  No event broker configured. Skipping streaming events.
2025-03-03 17:39:36,373 [DEBUG]  Deleted lock for conversation 'PractikumStudent'.
2025-03-03 17:39:36,438 [DEBUG]  Issuing ticket for conversation 'PractikumStudent'.
2025-03-03 17:39:36,439 [DEBUG]  Acquiring lock for conversation 'PractikumStudent'.
2025-03-03 17:39:36,439 [DEBUG]  Acquired lock for conversation 'PractikumStudent'.
2025-03-03 17:39:36,439 [DEBUG]  Recreating tracker for id 'PractikumStudent'
2025-03-03 17:39:36,440 [DEBUG]  Running graph with inputs: {'__message__': [<rasa.core.channels.channel.UserMessage object at 0x37af228c0>], '__tracker__': <rasa.shared.core.trackers.DialogueStateTracker object at 0x315ee6560>}, targets: ['run_RegexMessageHandler'] and ExecutionContext(model_id='10478bbae3674c86b474fd4614522956', should_add_diagnostic_data=False, is_finetuning=False, node_name=None).
2025-03-03 17:39:36,441 [DEBUG]  Node 'nlu_message_converter' running 'NLUMessageConverter.convert_user_message'.
2025-03-03 17:39:36,441 [DEBUG]  Node 'run_WhitespaceTokenizer0' running 'WhitespaceTokenizer.process'.
2025-03-03 17:39:36,441 [DEBUG]  Node 'run_RegexFeaturizer1' running 'RegexFeaturizer.process'.
2025-03-03 17:39:36,441 [DEBUG]  Node 'run_LexicalSyntacticFeaturizer2' running 'LexicalSyntacticFeaturizer.process'.
2025-03-03 17:39:36,441 [DEBUG]  Node 'run_CountVectorsFeaturizer3' running 'CountVectorsFeaturizer.process'.
2025-03-03 17:39:36,442 [DEBUG]  Node 'run_LanguageModelFeaturizer4' running 'LanguageModelFeaturizer.process'.
2025-03-03 17:39:36,504 [DEBUG]  Node 'run_DIETClassifier5' running 'DIETClassifier.process'.
2025-03-03 17:39:36,505 [DEBUG]  Node 'run_EntitySynonymMapper6' running 'EntitySynonymMapper.process'.
2025-03-03 17:39:36,505 [DEBUG]  Node 'run_ResponseSelector7' running 'ResponseSelector.process'.
2025-03-03 17:39:36,506 [DEBUG]  There is no trained model for 'ResponseSelector': The component is either not trained or didn't receive enough training data.
2025-03-03 17:39:36,506 [DEBUG]  Adding following selector key to message property: default
2025-03-03 17:39:36,506 [DEBUG]  Node 'domain_provider' running 'DomainProvider.provide_inference'.
2025-03-03 17:39:36,506 [DEBUG]  Node 'run_RegexMessageHandler' running 'RegexMessageHandler.process'.
2025-03-03 17:39:36,506 [DEBUG]  [[32m[1mdebug    [0m] [1mprocessor.message.parse       [0m [36mparse_data_entities[0m=[35m[][0m [36mparse_data_intent[0m=[35m{'name': 'ask_architecture', 'confidence': 0.2637758255004883}[0m [36mparse_data_text[0m=[35mу[0m
2025-03-03 17:39:36,506 [DEBUG]  Logged UserUtterance - tracker now has 58 events.
2025-03-03 17:39:36,506 [DEBUG]  Validating extracted slots: topic
2025-03-03 17:39:36,506 [DEBUG]  [[32m[1mdebug    [0m] [1mprocessor.extract.slots       [0m [36maction_extract_slot[0m=[35maction_extract_slots[0m [36mlen_extraction_events[0m=[35m1[0m [36mrasa_events[0m=[35m[SlotSet(key: topic, value: у)][0m
2025-03-03 17:39:36,506 [DEBUG]  Running graph with inputs: {'__tracker__': <rasa.shared.core.trackers.DialogueStateTracker object at 0x315ee6560>}, targets: ['select_prediction'] and ExecutionContext(model_id='10478bbae3674c86b474fd4614522956', should_add_diagnostic_data=False, is_finetuning=False, node_name=None).
2025-03-03 17:39:36,506 [DEBUG]  Node 'rule_only_data_provider' running 'RuleOnlyDataProvider.provide'.
2025-03-03 17:39:36,506 [DEBUG]  Node 'domain_provider' running 'DomainProvider.provide_inference'.
2025-03-03 17:39:36,506 [DEBUG]  Node 'run_MemoizationPolicy0' running 'MemoizationPolicy.predict_action_probabilities'.
2025-03-03 17:39:36,507 [DEBUG]  [[32m[1mdebug    [0m] [1mmemoization.predict.actions   [0m [36mtracker_states[0m=[35m[{'user': {'intent': 'ask_architecture'}, 'prev_action': {'action_name': 'utter_architecture_response'}}, {'user': {'intent': 'ask_architecture'}, 'prev_action': {'action_name': 'action_listen'}}][0m
2025-03-03 17:39:36,507 [DEBUG]  There is no memorised next action
2025-03-03 17:39:36,507 [DEBUG]  Node 'run_RulePolicy1' running 'RulePolicy.predict_action_probabilities'.
2025-03-03 17:39:36,507 [DEBUG]  [[32m[1mdebug    [0m] [1mrule_policy.actions.find      [0m [36mcurrent_states[0m=[35m
[state 1] user intent: ask_architecture | previous action name: action_listen
[state 2] user intent: ask_architecture | previous action name: utter_architecture_response
[state 3] user intent: ask_architecture | previous action name: action_listen
[state 4] user intent: ask_architecture | previous action name: utter_architecture_response
[state 5] user intent: ask_architecture | previous action name: action_listen
[state 6] user intent: ask_architecture | previous action name: utter_architecture_response
[state 7] user intent: ask_architecture | previous action name: action_listen
[state 8] user intent: ask_architecture | previous action name: utter_architecture_response
[state 9] user intent: ask_architecture | previous action name: action_listen
[state 10] user intent: ask_architecture | previous action name: utter_architecture_response
[state 11] user intent: ask_architecture | previous action name: action_listen
[state 12] user intent: ask_architecture | previous action name: utter_architecture_response
[state 13] user intent: ask_architecture | previous action name: action_listen
[state 14] user intent: ask_architecture | previous action name: utter_architecture_response
[state 15] user intent: ask_architecture | previous action name: action_listen
[state 16] user intent: ask_architecture | previous action name: utter_architecture_response
[state 17] user intent: ask_architecture | previous action name: action_listen
[state 18] user intent: ask_architecture | previous action name: utter_architecture_response
[state 19] user text: у | previous action name: action_listen[0m
2025-03-03 17:39:36,507 [DEBUG]  There is no applicable rule.
2025-03-03 17:39:36,507 [DEBUG]  [[32m[1mdebug    [0m] [1mrule_policy.actions.find      [0m [36mcurrent_states[0m=[35m
[state 1] user intent: ask_architecture | previous action name: action_listen
[state 2] user intent: ask_architecture | previous action name: utter_architecture_response
[state 3] user intent: ask_architecture | previous action name: action_listen
[state 4] user intent: ask_architecture | previous action name: utter_architecture_response
[state 5] user intent: ask_architecture | previous action name: action_listen
[state 6] user intent: ask_architecture | previous action name: utter_architecture_response
[state 7] user intent: ask_architecture | previous action name: action_listen
[state 8] user intent: ask_architecture | previous action name: utter_architecture_response
[state 9] user intent: ask_architecture | previous action name: action_listen
[state 10] user intent: ask_architecture | previous action name: utter_architecture_response
[state 11] user intent: ask_architecture | previous action name: action_listen
[state 12] user intent: ask_architecture | previous action name: utter_architecture_response
[state 13] user intent: ask_architecture | previous action name: action_listen
[state 14] user intent: ask_architecture | previous action name: utter_architecture_response
[state 15] user intent: ask_architecture | previous action name: action_listen
[state 16] user intent: ask_architecture | previous action name: utter_architecture_response
[state 17] user intent: ask_architecture | previous action name: action_listen
[state 18] user intent: ask_architecture | previous action name: utter_architecture_response
[state 19] user intent: ask_architecture | previous action name: action_listen[0m
2025-03-03 17:39:36,507 [DEBUG]  There is a rule for the next action 'utter_architecture_response'.
2025-03-03 17:39:36,507 [DEBUG]  Node 'run_TEDPolicy2' running 'TEDPolicy.predict_action_probabilities'.
2025-03-03 17:39:36,509 [DEBUG]  TED predicted 'action_back' based on user intent.
2025-03-03 17:39:36,509 [DEBUG]  Node 'select_prediction' running 'DefaultPolicyPredictionEnsemble.combine_predictions_from_kwargs'.
2025-03-03 17:39:36,509 [DEBUG]  Made prediction using user intent.
2025-03-03 17:39:36,509 [DEBUG]  Added `DefinePrevUserUtteredFeaturization(False)` event.
2025-03-03 17:39:36,509 [DEBUG]  Predicted next action using RulePolicy.
2025-03-03 17:39:36,509 [DEBUG]  Predicted next action 'utter_architecture_response' with confidence 1.00.
2025-03-03 17:39:36,510 [DEBUG]  [[32m[1mdebug    [0m] [1mprocessor.actions.policy_prediction[0m [36mprediction_events[0m=[35m[<rasa.shared.core.events.DefinePrevUserUtteredFeaturization object at 0x37afb7070>][0m
2025-03-03 17:39:36,510 [DEBUG]  [[32m[1mdebug    [0m] [1mprocessor.actions.log         [0m [36maction_name[0m=[35mutter_architecture_response[0m [36mrasa_events[0m=[35m[BotUttered('Архитектура ПО включает выбор структур, которые обеспечивают масштабируемость, гибкость и поддерживаемость приложения. Задайте конкретный вопрос по этой теме, и я помогу вам с информацией.', {"elements": null, "quick_replies": null, "buttons": null, "attachment": null, "image": null, "custom": null}, {"utter_action": "utter_architecture_response"}, 1741019976.510103)][0m
2025-03-03 17:39:36,510 [DEBUG]  Running graph with inputs: {'__tracker__': <rasa.shared.core.trackers.DialogueStateTracker object at 0x315ee6560>}, targets: ['select_prediction'] and ExecutionContext(model_id='10478bbae3674c86b474fd4614522956', should_add_diagnostic_data=False, is_finetuning=False, node_name=None).
2025-03-03 17:39:36,510 [DEBUG]  Node 'rule_only_data_provider' running 'RuleOnlyDataProvider.provide'.
2025-03-03 17:39:36,510 [DEBUG]  Node 'domain_provider' running 'DomainProvider.provide_inference'.
2025-03-03 17:39:36,510 [DEBUG]  Node 'run_MemoizationPolicy0' running 'MemoizationPolicy.predict_action_probabilities'.
2025-03-03 17:39:36,510 [DEBUG]  [[32m[1mdebug    [0m] [1mmemoization.predict.actions   [0m [36mtracker_states[0m=[35m[{'user': {'intent': 'ask_architecture'}, 'prev_action': {'action_name': 'action_listen'}}, {'user': {'intent': 'ask_architecture'}, 'prev_action': {'action_name': 'utter_architecture_response'}}][0m
2025-03-03 17:39:36,510 [DEBUG]  There is a memorised next action 'action_listen'
2025-03-03 17:39:36,510 [DEBUG]  Node 'run_RulePolicy1' running 'RulePolicy.predict_action_probabilities'.
2025-03-03 17:39:36,511 [DEBUG]  [[32m[1mdebug    [0m] [1mrule_policy.actions.find      [0m [36mcurrent_states[0m=[35m
[state 1] user intent: ask_architecture | previous action name: action_listen
[state 2] user intent: ask_architecture | previous action name: utter_architecture_response
[state 3] user intent: ask_architecture | previous action name: action_listen
[state 4] user intent: ask_architecture | previous action name: utter_architecture_response
[state 5] user intent: ask_architecture | previous action name: action_listen
[state 6] user intent: ask_architecture | previous action name: utter_architecture_response
[state 7] user intent: ask_architecture | previous action name: action_listen
[state 8] user intent: ask_architecture | previous action name: utter_architecture_response
[state 9] user intent: ask_architecture | previous action name: action_listen
[state 10] user intent: ask_architecture | previous action name: utter_architecture_response
[state 11] user intent: ask_architecture | previous action name: action_listen
[state 12] user intent: ask_architecture | previous action name: utter_architecture_response
[state 13] user intent: ask_architecture | previous action name: action_listen
[state 14] user intent: ask_architecture | previous action name: utter_architecture_response
[state 15] user intent: ask_architecture | previous action name: action_listen
[state 16] user intent: ask_architecture | previous action name: utter_architecture_response
[state 17] user intent: ask_architecture | previous action name: action_listen
[state 18] user intent: ask_architecture | previous action name: utter_architecture_response
[state 19] user intent: ask_architecture | previous action name: action_listen
[state 20] user intent: ask_architecture | previous action name: utter_architecture_response[0m
2025-03-03 17:39:36,511 [DEBUG]  There is a rule for the next action 'action_listen'.
2025-03-03 17:39:36,511 [DEBUG]  Node 'run_TEDPolicy2' running 'TEDPolicy.predict_action_probabilities'.
2025-03-03 17:39:36,512 [DEBUG]  TED predicted 'action_restart' based on user intent.
2025-03-03 17:39:36,512 [DEBUG]  Node 'select_prediction' running 'DefaultPolicyPredictionEnsemble.combine_predictions_from_kwargs'.
2025-03-03 17:39:36,512 [DEBUG]  Predicted next action using RulePolicy.
2025-03-03 17:39:36,512 [DEBUG]  Predicted next action 'action_listen' with confidence 1.00.
2025-03-03 17:39:36,512 [DEBUG]  [[32m[1mdebug    [0m] [1mprocessor.actions.policy_prediction[0m [36mprediction_events[0m=[35m[][0m
2025-03-03 17:39:36,513 [DEBUG]  [[32m[1mdebug    [0m] [1mprocessor.actions.log         [0m [36maction_name[0m=[35maction_listen[0m [36mrasa_events[0m=[35m[][0m
2025-03-03 17:39:36,513 [DEBUG]  No event broker configured. Skipping streaming events.
2025-03-03 17:39:36,513 [DEBUG]  Deleted lock for conversation 'PractikumStudent'.
2025-03-03 17:39:36,579 [DEBUG]  Issuing ticket for conversation 'PractikumStudent'.
2025-03-03 17:39:36,579 [DEBUG]  Acquiring lock for conversation 'PractikumStudent'.
2025-03-03 17:39:36,579 [DEBUG]  Acquired lock for conversation 'PractikumStudent'.
2025-03-03 17:39:36,579 [DEBUG]  Recreating tracker for id 'PractikumStudent'
2025-03-03 17:39:36,581 [DEBUG]  Running graph with inputs: {'__message__': [<rasa.core.channels.channel.UserMessage object at 0x37af228c0>], '__tracker__': <rasa.shared.core.trackers.DialogueStateTracker object at 0x315ee6560>}, targets: ['run_RegexMessageHandler'] and ExecutionContext(model_id='10478bbae3674c86b474fd4614522956', should_add_diagnostic_data=False, is_finetuning=False, node_name=None).
2025-03-03 17:39:36,581 [DEBUG]  Node 'nlu_message_converter' running 'NLUMessageConverter.convert_user_message'.
2025-03-03 17:39:36,581 [DEBUG]  Node 'run_WhitespaceTokenizer0' running 'WhitespaceTokenizer.process'.
2025-03-03 17:39:36,581 [DEBUG]  Node 'run_RegexFeaturizer1' running 'RegexFeaturizer.process'.
2025-03-03 17:39:36,582 [DEBUG]  Node 'run_LexicalSyntacticFeaturizer2' running 'LexicalSyntacticFeaturizer.process'.
2025-03-03 17:39:36,582 [DEBUG]  Node 'run_CountVectorsFeaturizer3' running 'CountVectorsFeaturizer.process'.
2025-03-03 17:39:36,582 [DEBUG]  Node 'run_LanguageModelFeaturizer4' running 'LanguageModelFeaturizer.process'.
2025-03-03 17:39:36,653 [DEBUG]  Node 'run_DIETClassifier5' running 'DIETClassifier.process'.
2025-03-03 17:39:36,655 [DEBUG]  Node 'run_EntitySynonymMapper6' running 'EntitySynonymMapper.process'.
2025-03-03 17:39:36,655 [DEBUG]  Node 'run_ResponseSelector7' running 'ResponseSelector.process'.
2025-03-03 17:39:36,655 [DEBUG]  There is no trained model for 'ResponseSelector': The component is either not trained or didn't receive enough training data.
2025-03-03 17:39:36,655 [DEBUG]  Adding following selector key to message property: default
2025-03-03 17:39:36,655 [DEBUG]  Node 'domain_provider' running 'DomainProvider.provide_inference'.
2025-03-03 17:39:36,655 [DEBUG]  Node 'run_RegexMessageHandler' running 'RegexMessageHandler.process'.
2025-03-03 17:39:36,655 [DEBUG]  [[32m[1mdebug    [0m] [1mprocessor.message.parse       [0m [36mparse_data_entities[0m=[35m[][0m [36mparse_data_intent[0m=[35m{'name': 'ask_architecture', 'confidence': 0.2637758255004883}[0m [36mparse_data_text[0m=[35mу[0m
2025-03-03 17:39:36,655 [DEBUG]  Logged UserUtterance - tracker now has 64 events.
2025-03-03 17:39:36,655 [DEBUG]  Validating extracted slots: topic
2025-03-03 17:39:36,655 [DEBUG]  [[32m[1mdebug    [0m] [1mprocessor.extract.slots       [0m [36maction_extract_slot[0m=[35maction_extract_slots[0m [36mlen_extraction_events[0m=[35m1[0m [36mrasa_events[0m=[35m[SlotSet(key: topic, value: у)][0m
2025-03-03 17:39:36,656 [DEBUG]  Running graph with inputs: {'__tracker__': <rasa.shared.core.trackers.DialogueStateTracker object at 0x315ee6560>}, targets: ['select_prediction'] and ExecutionContext(model_id='10478bbae3674c86b474fd4614522956', should_add_diagnostic_data=False, is_finetuning=False, node_name=None).
2025-03-03 17:39:36,656 [DEBUG]  Node 'rule_only_data_provider' running 'RuleOnlyDataProvider.provide'.
2025-03-03 17:39:36,656 [DEBUG]  Node 'domain_provider' running 'DomainProvider.provide_inference'.
2025-03-03 17:39:36,656 [DEBUG]  Node 'run_MemoizationPolicy0' running 'MemoizationPolicy.predict_action_probabilities'.
2025-03-03 17:39:36,656 [DEBUG]  [[32m[1mdebug    [0m] [1mmemoization.predict.actions   [0m [36mtracker_states[0m=[35m[{'user': {'intent': 'ask_architecture'}, 'prev_action': {'action_name': 'utter_architecture_response'}}, {'user': {'intent': 'ask_architecture'}, 'prev_action': {'action_name': 'action_listen'}}][0m
2025-03-03 17:39:36,656 [DEBUG]  There is no memorised next action
2025-03-03 17:39:36,656 [DEBUG]  Node 'run_RulePolicy1' running 'RulePolicy.predict_action_probabilities'.
2025-03-03 17:39:36,656 [DEBUG]  [[32m[1mdebug    [0m] [1mrule_policy.actions.find      [0m [36mcurrent_states[0m=[35m
[state 1] user intent: ask_architecture | previous action name: action_listen
[state 2] user intent: ask_architecture | previous action name: utter_architecture_response
[state 3] user intent: ask_architecture | previous action name: action_listen
[state 4] user intent: ask_architecture | previous action name: utter_architecture_response
[state 5] user intent: ask_architecture | previous action name: action_listen
[state 6] user intent: ask_architecture | previous action name: utter_architecture_response
[state 7] user intent: ask_architecture | previous action name: action_listen
[state 8] user intent: ask_architecture | previous action name: utter_architecture_response
[state 9] user intent: ask_architecture | previous action name: action_listen
[state 10] user intent: ask_architecture | previous action name: utter_architecture_response
[state 11] user intent: ask_architecture | previous action name: action_listen
[state 12] user intent: ask_architecture | previous action name: utter_architecture_response
[state 13] user intent: ask_architecture | previous action name: action_listen
[state 14] user intent: ask_architecture | previous action name: utter_architecture_response
[state 15] user intent: ask_architecture | previous action name: action_listen
[state 16] user intent: ask_architecture | previous action name: utter_architecture_response
[state 17] user intent: ask_architecture | previous action name: action_listen
[state 18] user intent: ask_architecture | previous action name: utter_architecture_response
[state 19] user intent: ask_architecture | previous action name: action_listen
[state 20] user intent: ask_architecture | previous action name: utter_architecture_response
[state 21] user text: у | previous action name: action_listen[0m
2025-03-03 17:39:36,657 [DEBUG]  There is no applicable rule.
2025-03-03 17:39:36,657 [DEBUG]  [[32m[1mdebug    [0m] [1mrule_policy.actions.find      [0m [36mcurrent_states[0m=[35m
[state 1] user intent: ask_architecture | previous action name: action_listen
[state 2] user intent: ask_architecture | previous action name: utter_architecture_response
[state 3] user intent: ask_architecture | previous action name: action_listen
[state 4] user intent: ask_architecture | previous action name: utter_architecture_response
[state 5] user intent: ask_architecture | previous action name: action_listen
[state 6] user intent: ask_architecture | previous action name: utter_architecture_response
[state 7] user intent: ask_architecture | previous action name: action_listen
[state 8] user intent: ask_architecture | previous action name: utter_architecture_response
[state 9] user intent: ask_architecture | previous action name: action_listen
[state 10] user intent: ask_architecture | previous action name: utter_architecture_response
[state 11] user intent: ask_architecture | previous action name: action_listen
[state 12] user intent: ask_architecture | previous action name: utter_architecture_response
[state 13] user intent: ask_architecture | previous action name: action_listen
[state 14] user intent: ask_architecture | previous action name: utter_architecture_response
[state 15] user intent: ask_architecture | previous action name: action_listen
[state 16] user intent: ask_architecture | previous action name: utter_architecture_response
[state 17] user intent: ask_architecture | previous action name: action_listen
[state 18] user intent: ask_architecture | previous action name: utter_architecture_response
[state 19] user intent: ask_architecture | previous action name: action_listen
[state 20] user intent: ask_architecture | previous action name: utter_architecture_response
[state 21] user intent: ask_architecture | previous action name: action_listen[0m
2025-03-03 17:39:36,657 [DEBUG]  There is a rule for the next action 'utter_architecture_response'.
2025-03-03 17:39:36,657 [DEBUG]  Node 'run_TEDPolicy2' running 'TEDPolicy.predict_action_probabilities'.
2025-03-03 17:39:36,659 [DEBUG]  TED predicted 'action_back' based on user intent.
2025-03-03 17:39:36,660 [DEBUG]  Node 'select_prediction' running 'DefaultPolicyPredictionEnsemble.combine_predictions_from_kwargs'.
2025-03-03 17:39:36,660 [DEBUG]  Made prediction using user intent.
2025-03-03 17:39:36,660 [DEBUG]  Added `DefinePrevUserUtteredFeaturization(False)` event.
2025-03-03 17:39:36,660 [DEBUG]  Predicted next action using RulePolicy.
2025-03-03 17:39:36,660 [DEBUG]  Predicted next action 'utter_architecture_response' with confidence 1.00.
2025-03-03 17:39:36,660 [DEBUG]  [[32m[1mdebug    [0m] [1mprocessor.actions.policy_prediction[0m [36mprediction_events[0m=[35m[<rasa.shared.core.events.DefinePrevUserUtteredFeaturization object at 0x37afb40a0>][0m
2025-03-03 17:39:36,660 [DEBUG]  [[32m[1mdebug    [0m] [1mprocessor.actions.log         [0m [36maction_name[0m=[35mutter_architecture_response[0m [36mrasa_events[0m=[35m[BotUttered('Архитектура ПО включает выбор структур, которые обеспечивают масштабируемость, гибкость и поддерживаемость приложения. Задайте конкретный вопрос по этой теме, и я помогу вам с информацией.', {"elements": null, "quick_replies": null, "buttons": null, "attachment": null, "image": null, "custom": null}, {"utter_action": "utter_architecture_response"}, 1741019976.660379)][0m
2025-03-03 17:39:36,660 [DEBUG]  Running graph with inputs: {'__tracker__': <rasa.shared.core.trackers.DialogueStateTracker object at 0x315ee6560>}, targets: ['select_prediction'] and ExecutionContext(model_id='10478bbae3674c86b474fd4614522956', should_add_diagnostic_data=False, is_finetuning=False, node_name=None).
2025-03-03 17:39:36,660 [DEBUG]  Node 'rule_only_data_provider' running 'RuleOnlyDataProvider.provide'.
2025-03-03 17:39:36,660 [DEBUG]  Node 'domain_provider' running 'DomainProvider.provide_inference'.
2025-03-03 17:39:36,660 [DEBUG]  Node 'run_MemoizationPolicy0' running 'MemoizationPolicy.predict_action_probabilities'.
2025-03-03 17:39:36,661 [DEBUG]  [[32m[1mdebug    [0m] [1mmemoization.predict.actions   [0m [36mtracker_states[0m=[35m[{'user': {'intent': 'ask_architecture'}, 'prev_action': {'action_name': 'action_listen'}}, {'user': {'intent': 'ask_architecture'}, 'prev_action': {'action_name': 'utter_architecture_response'}}][0m
2025-03-03 17:39:36,661 [DEBUG]  There is a memorised next action 'action_listen'
2025-03-03 17:39:36,661 [DEBUG]  Node 'run_RulePolicy1' running 'RulePolicy.predict_action_probabilities'.
2025-03-03 17:39:36,661 [DEBUG]  [[32m[1mdebug    [0m] [1mrule_policy.actions.find      [0m [36mcurrent_states[0m=[35m
[state 1] user intent: ask_architecture | previous action name: action_listen
[state 2] user intent: ask_architecture | previous action name: utter_architecture_response
[state 3] user intent: ask_architecture | previous action name: action_listen
[state 4] user intent: ask_architecture | previous action name: utter_architecture_response
[state 5] user intent: ask_architecture | previous action name: action_listen
[state 6] user intent: ask_architecture | previous action name: utter_architecture_response
[state 7] user intent: ask_architecture | previous action name: action_listen
[state 8] user intent: ask_architecture | previous action name: utter_architecture_response
[state 9] user intent: ask_architecture | previous action name: action_listen
[state 10] user intent: ask_architecture | previous action name: utter_architecture_response
[state 11] user intent: ask_architecture | previous action name: action_listen
[state 12] user intent: ask_architecture | previous action name: utter_architecture_response
[state 13] user intent: ask_architecture | previous action name: action_listen
[state 14] user intent: ask_architecture | previous action name: utter_architecture_response
[state 15] user intent: ask_architecture | previous action name: action_listen
[state 16] user intent: ask_architecture | previous action name: utter_architecture_response
[state 17] user intent: ask_architecture | previous action name: action_listen
[state 18] user intent: ask_architecture | previous action name: utter_architecture_response
[state 19] user intent: ask_architecture | previous action name: action_listen
[state 20] user intent: ask_architecture | previous action name: utter_architecture_response
[state 21] user intent: ask_architecture | previous action name: action_listen
[state 22] user intent: ask_architecture | previous action name: utter_architecture_response[0m
2025-03-03 17:39:36,661 [DEBUG]  There is a rule for the next action 'action_listen'.
2025-03-03 17:39:36,661 [DEBUG]  Node 'run_TEDPolicy2' running 'TEDPolicy.predict_action_probabilities'.
2025-03-03 17:39:36,666 [DEBUG]  TED predicted 'action_restart' based on user intent.
2025-03-03 17:39:36,670 [DEBUG]  Node 'select_prediction' running 'DefaultPolicyPredictionEnsemble.combine_predictions_from_kwargs'.
2025-03-03 17:39:36,672 [DEBUG]  Predicted next action using RulePolicy.
2025-03-03 17:39:36,672 [DEBUG]  Predicted next action 'action_listen' with confidence 1.00.
2025-03-03 17:39:36,672 [DEBUG]  [[32m[1mdebug    [0m] [1mprocessor.actions.policy_prediction[0m [36mprediction_events[0m=[35m[][0m
2025-03-03 17:39:36,672 [DEBUG]  [[32m[1mdebug    [0m] [1mprocessor.actions.log         [0m [36maction_name[0m=[35maction_listen[0m [36mrasa_events[0m=[35m[][0m
2025-03-03 17:39:36,673 [DEBUG]  No event broker configured. Skipping streaming events.
2025-03-03 17:39:36,673 [DEBUG]  Deleted lock for conversation 'PractikumStudent'.
2025-03-03 17:39:36,717 [DEBUG]  Issuing ticket for conversation 'PractikumStudent'.
2025-03-03 17:39:36,718 [DEBUG]  Acquiring lock for conversation 'PractikumStudent'.
2025-03-03 17:39:36,718 [DEBUG]  Acquired lock for conversation 'PractikumStudent'.
2025-03-03 17:39:36,718 [DEBUG]  Recreating tracker for id 'PractikumStudent'
2025-03-03 17:39:36,720 [DEBUG]  Running graph with inputs: {'__message__': [<rasa.core.channels.channel.UserMessage object at 0x37af228c0>], '__tracker__': <rasa.shared.core.trackers.DialogueStateTracker object at 0x315ee6560>}, targets: ['run_RegexMessageHandler'] and ExecutionContext(model_id='10478bbae3674c86b474fd4614522956', should_add_diagnostic_data=False, is_finetuning=False, node_name=None).
2025-03-03 17:39:36,720 [DEBUG]  Node 'nlu_message_converter' running 'NLUMessageConverter.convert_user_message'.
2025-03-03 17:39:36,720 [DEBUG]  Node 'run_WhitespaceTokenizer0' running 'WhitespaceTokenizer.process'.
2025-03-03 17:39:36,720 [DEBUG]  Node 'run_RegexFeaturizer1' running 'RegexFeaturizer.process'.
2025-03-03 17:39:36,720 [DEBUG]  Node 'run_LexicalSyntacticFeaturizer2' running 'LexicalSyntacticFeaturizer.process'.
2025-03-03 17:39:36,720 [DEBUG]  Node 'run_CountVectorsFeaturizer3' running 'CountVectorsFeaturizer.process'.
2025-03-03 17:39:36,721 [DEBUG]  Node 'run_LanguageModelFeaturizer4' running 'LanguageModelFeaturizer.process'.
2025-03-03 17:39:36,781 [DEBUG]  Node 'run_DIETClassifier5' running 'DIETClassifier.process'.
2025-03-03 17:39:36,783 [DEBUG]  Node 'run_EntitySynonymMapper6' running 'EntitySynonymMapper.process'.
2025-03-03 17:39:36,783 [DEBUG]  Node 'run_ResponseSelector7' running 'ResponseSelector.process'.
2025-03-03 17:39:36,784 [DEBUG]  There is no trained model for 'ResponseSelector': The component is either not trained or didn't receive enough training data.
2025-03-03 17:39:36,784 [DEBUG]  Adding following selector key to message property: default
2025-03-03 17:39:36,784 [DEBUG]  Node 'domain_provider' running 'DomainProvider.provide_inference'.
2025-03-03 17:39:36,784 [DEBUG]  Node 'run_RegexMessageHandler' running 'RegexMessageHandler.process'.
2025-03-03 17:39:36,784 [DEBUG]  [[32m[1mdebug    [0m] [1mprocessor.message.parse       [0m [36mparse_data_entities[0m=[35m[][0m [36mparse_data_intent[0m=[35m{'name': 'ask_architecture', 'confidence': 0.2637758255004883}[0m [36mparse_data_text[0m=[35mу[0m
2025-03-03 17:39:36,784 [DEBUG]  Logged UserUtterance - tracker now has 70 events.
2025-03-03 17:39:36,784 [DEBUG]  Validating extracted slots: topic
2025-03-03 17:39:36,784 [DEBUG]  [[32m[1mdebug    [0m] [1mprocessor.extract.slots       [0m [36maction_extract_slot[0m=[35maction_extract_slots[0m [36mlen_extraction_events[0m=[35m1[0m [36mrasa_events[0m=[35m[SlotSet(key: topic, value: у)][0m
2025-03-03 17:39:36,784 [DEBUG]  Running graph with inputs: {'__tracker__': <rasa.shared.core.trackers.DialogueStateTracker object at 0x315ee6560>}, targets: ['select_prediction'] and ExecutionContext(model_id='10478bbae3674c86b474fd4614522956', should_add_diagnostic_data=False, is_finetuning=False, node_name=None).
2025-03-03 17:39:36,784 [DEBUG]  Node 'rule_only_data_provider' running 'RuleOnlyDataProvider.provide'.
2025-03-03 17:39:36,784 [DEBUG]  Node 'domain_provider' running 'DomainProvider.provide_inference'.
2025-03-03 17:39:36,784 [DEBUG]  Node 'run_MemoizationPolicy0' running 'MemoizationPolicy.predict_action_probabilities'.
2025-03-03 17:39:36,785 [DEBUG]  [[32m[1mdebug    [0m] [1mmemoization.predict.actions   [0m [36mtracker_states[0m=[35m[{'user': {'intent': 'ask_architecture'}, 'prev_action': {'action_name': 'utter_architecture_response'}}, {'user': {'intent': 'ask_architecture'}, 'prev_action': {'action_name': 'action_listen'}}][0m
2025-03-03 17:39:36,785 [DEBUG]  There is no memorised next action
2025-03-03 17:39:36,785 [DEBUG]  Node 'run_RulePolicy1' running 'RulePolicy.predict_action_probabilities'.
2025-03-03 17:39:36,785 [DEBUG]  [[32m[1mdebug    [0m] [1mrule_policy.actions.find      [0m [36mcurrent_states[0m=[35m
[state 1] user intent: ask_architecture | previous action name: action_listen
[state 2] user intent: ask_architecture | previous action name: utter_architecture_response
[state 3] user intent: ask_architecture | previous action name: action_listen
[state 4] user intent: ask_architecture | previous action name: utter_architecture_response
[state 5] user intent: ask_architecture | previous action name: action_listen
[state 6] user intent: ask_architecture | previous action name: utter_architecture_response
[state 7] user intent: ask_architecture | previous action name: action_listen
[state 8] user intent: ask_architecture | previous action name: utter_architecture_response
[state 9] user intent: ask_architecture | previous action name: action_listen
[state 10] user intent: ask_architecture | previous action name: utter_architecture_response
[state 11] user intent: ask_architecture | previous action name: action_listen
[state 12] user intent: ask_architecture | previous action name: utter_architecture_response
[state 13] user intent: ask_architecture | previous action name: action_listen
[state 14] user intent: ask_architecture | previous action name: utter_architecture_response
[state 15] user intent: ask_architecture | previous action name: action_listen
[state 16] user intent: ask_architecture | previous action name: utter_architecture_response
[state 17] user intent: ask_architecture | previous action name: action_listen
[state 18] user intent: ask_architecture | previous action name: utter_architecture_response
[state 19] user intent: ask_architecture | previous action name: action_listen
[state 20] user intent: ask_architecture | previous action name: utter_architecture_response
[state 21] user intent: ask_architecture | previous action name: action_listen
[state 22] user intent: ask_architecture | previous action name: utter_architecture_response
[state 23] user text: у | previous action name: action_listen[0m
2025-03-03 17:39:36,785 [DEBUG]  There is no applicable rule.
2025-03-03 17:39:36,785 [DEBUG]  [[32m[1mdebug    [0m] [1mrule_policy.actions.find      [0m [36mcurrent_states[0m=[35m
[state 1] user intent: ask_architecture | previous action name: action_listen
[state 2] user intent: ask_architecture | previous action name: utter_architecture_response
[state 3] user intent: ask_architecture | previous action name: action_listen
[state 4] user intent: ask_architecture | previous action name: utter_architecture_response
[state 5] user intent: ask_architecture | previous action name: action_listen
[state 6] user intent: ask_architecture | previous action name: utter_architecture_response
[state 7] user intent: ask_architecture | previous action name: action_listen
[state 8] user intent: ask_architecture | previous action name: utter_architecture_response
[state 9] user intent: ask_architecture | previous action name: action_listen
[state 10] user intent: ask_architecture | previous action name: utter_architecture_response
[state 11] user intent: ask_architecture | previous action name: action_listen
[state 12] user intent: ask_architecture | previous action name: utter_architecture_response
[state 13] user intent: ask_architecture | previous action name: action_listen
[state 14] user intent: ask_architecture | previous action name: utter_architecture_response
[state 15] user intent: ask_architecture | previous action name: action_listen
[state 16] user intent: ask_architecture | previous action name: utter_architecture_response
[state 17] user intent: ask_architecture | previous action name: action_listen
[state 18] user intent: ask_architecture | previous action name: utter_architecture_response
[state 19] user intent: ask_architecture | previous action name: action_listen
[state 20] user intent: ask_architecture | previous action name: utter_architecture_response
[state 21] user intent: ask_architecture | previous action name: action_listen
[state 22] user intent: ask_architecture | previous action name: utter_architecture_response
[state 23] user intent: ask_architecture | previous action name: action_listen[0m
2025-03-03 17:39:36,786 [DEBUG]  There is a rule for the next action 'utter_architecture_response'.
2025-03-03 17:39:36,786 [DEBUG]  Node 'run_TEDPolicy2' running 'TEDPolicy.predict_action_probabilities'.
2025-03-03 17:39:36,787 [DEBUG]  TED predicted 'action_back' based on user intent.
2025-03-03 17:39:36,787 [DEBUG]  Node 'select_prediction' running 'DefaultPolicyPredictionEnsemble.combine_predictions_from_kwargs'.
2025-03-03 17:39:36,787 [DEBUG]  Made prediction using user intent.
2025-03-03 17:39:36,787 [DEBUG]  Added `DefinePrevUserUtteredFeaturization(False)` event.
2025-03-03 17:39:36,787 [DEBUG]  Predicted next action using RulePolicy.
2025-03-03 17:39:36,787 [DEBUG]  Predicted next action 'utter_architecture_response' with confidence 1.00.
2025-03-03 17:39:36,788 [DEBUG]  [[32m[1mdebug    [0m] [1mprocessor.actions.policy_prediction[0m [36mprediction_events[0m=[35m[<rasa.shared.core.events.DefinePrevUserUtteredFeaturization object at 0x37afb6d70>][0m
2025-03-03 17:39:36,788 [DEBUG]  [[32m[1mdebug    [0m] [1mprocessor.actions.log         [0m [36maction_name[0m=[35mutter_architecture_response[0m [36mrasa_events[0m=[35m[BotUttered('Архитектура ПО включает выбор структур, которые обеспечивают масштабируемость, гибкость и поддерживаемость приложения. Задайте конкретный вопрос по этой теме, и я помогу вам с информацией.', {"elements": null, "quick_replies": null, "buttons": null, "attachment": null, "image": null, "custom": null}, {"utter_action": "utter_architecture_response"}, 1741019976.788117)][0m
2025-03-03 17:39:36,788 [DEBUG]  Running graph with inputs: {'__tracker__': <rasa.shared.core.trackers.DialogueStateTracker object at 0x315ee6560>}, targets: ['select_prediction'] and ExecutionContext(model_id='10478bbae3674c86b474fd4614522956', should_add_diagnostic_data=False, is_finetuning=False, node_name=None).
2025-03-03 17:39:36,788 [DEBUG]  Node 'rule_only_data_provider' running 'RuleOnlyDataProvider.provide'.
2025-03-03 17:39:36,788 [DEBUG]  Node 'domain_provider' running 'DomainProvider.provide_inference'.
2025-03-03 17:39:36,788 [DEBUG]  Node 'run_MemoizationPolicy0' running 'MemoizationPolicy.predict_action_probabilities'.
2025-03-03 17:39:36,788 [DEBUG]  [[32m[1mdebug    [0m] [1mmemoization.predict.actions   [0m [36mtracker_states[0m=[35m[{'user': {'intent': 'ask_architecture'}, 'prev_action': {'action_name': 'action_listen'}}, {'user': {'intent': 'ask_architecture'}, 'prev_action': {'action_name': 'utter_architecture_response'}}][0m
2025-03-03 17:39:36,789 [DEBUG]  There is a memorised next action 'action_listen'
2025-03-03 17:39:36,789 [DEBUG]  Node 'run_RulePolicy1' running 'RulePolicy.predict_action_probabilities'.
2025-03-03 17:39:36,789 [DEBUG]  [[32m[1mdebug    [0m] [1mrule_policy.actions.find      [0m [36mcurrent_states[0m=[35m
[state 1] user intent: ask_architecture | previous action name: action_listen
[state 2] user intent: ask_architecture | previous action name: utter_architecture_response
[state 3] user intent: ask_architecture | previous action name: action_listen
[state 4] user intent: ask_architecture | previous action name: utter_architecture_response
[state 5] user intent: ask_architecture | previous action name: action_listen
[state 6] user intent: ask_architecture | previous action name: utter_architecture_response
[state 7] user intent: ask_architecture | previous action name: action_listen
[state 8] user intent: ask_architecture | previous action name: utter_architecture_response
[state 9] user intent: ask_architecture | previous action name: action_listen
[state 10] user intent: ask_architecture | previous action name: utter_architecture_response
[state 11] user intent: ask_architecture | previous action name: action_listen
[state 12] user intent: ask_architecture | previous action name: utter_architecture_response
[state 13] user intent: ask_architecture | previous action name: action_listen
[state 14] user intent: ask_architecture | previous action name: utter_architecture_response
[state 15] user intent: ask_architecture | previous action name: action_listen
[state 16] user intent: ask_architecture | previous action name: utter_architecture_response
[state 17] user intent: ask_architecture | previous action name: action_listen
[state 18] user intent: ask_architecture | previous action name: utter_architecture_response
[state 19] user intent: ask_architecture | previous action name: action_listen
[state 20] user intent: ask_architecture | previous action name: utter_architecture_response
[state 21] user intent: ask_architecture | previous action name: action_listen
[state 22] user intent: ask_architecture | previous action name: utter_architecture_response
[state 23] user intent: ask_architecture | previous action name: action_listen
[state 24] user intent: ask_architecture | previous action name: utter_architecture_response[0m
2025-03-03 17:39:36,789 [DEBUG]  There is a rule for the next action 'action_listen'.
2025-03-03 17:39:36,789 [DEBUG]  Node 'run_TEDPolicy2' running 'TEDPolicy.predict_action_probabilities'.
2025-03-03 17:39:36,790 [DEBUG]  TED predicted 'action_restart' based on user intent.
2025-03-03 17:39:36,790 [DEBUG]  Node 'select_prediction' running 'DefaultPolicyPredictionEnsemble.combine_predictions_from_kwargs'.
2025-03-03 17:39:36,790 [DEBUG]  Predicted next action using RulePolicy.
2025-03-03 17:39:36,791 [DEBUG]  Predicted next action 'action_listen' with confidence 1.00.
2025-03-03 17:39:36,791 [DEBUG]  [[32m[1mdebug    [0m] [1mprocessor.actions.policy_prediction[0m [36mprediction_events[0m=[35m[][0m
2025-03-03 17:39:36,791 [DEBUG]  [[32m[1mdebug    [0m] [1mprocessor.actions.log         [0m [36maction_name[0m=[35maction_listen[0m [36mrasa_events[0m=[35m[][0m
2025-03-03 17:39:36,791 [DEBUG]  No event broker configured. Skipping streaming events.
2025-03-03 17:39:36,791 [DEBUG]  Deleted lock for conversation 'PractikumStudent'.
2025-03-03 19:04:16,143 [DEBUG]  Available web server routes:
/conversations/<conversation_id:path>/messages     POST                           add_message
/conversations/<conversation_id:path>/tracker/events POST                           append_events
/webhooks/rasa                                     GET                            custom_webhook_RasaChatInput.health
/webhooks/rasa/webhook                             POST                           custom_webhook_RasaChatInput.receive
/webhooks/rest                                     GET                            custom_webhook_RestInput.health
/webhooks/rest/webhook                             POST                           custom_webhook_RestInput.receive
/model/test/intents                                POST                           evaluate_intents
/model/test/stories                                POST                           evaluate_stories
/conversations/<conversation_id:path>/execute      POST                           execute_action
/domain                                            GET                            get_domain
/                                                  GET                            hello
/model                                             PUT                            load_model
/model/parse                                       POST                           parse
/conversations/<conversation_id:path>/predict      POST                           predict
/conversations/<conversation_id:path>/tracker/events PUT                            replace_events
/conversations/<conversation_id:path>/story        GET                            retrieve_story
/conversations/<conversation_id:path>/tracker      GET                            retrieve_tracker
/status                                            GET                            status
/model/predict                                     POST                           tracker_predict
/model/train                                       POST                           train
/conversations/<conversation_id:path>/trigger_intent POST                           trigger_intent
/model                                             DELETE                         unload_model
/version                                           GET                            version
2025-03-03 19:04:16,143 [INFO ]  Starting Rasa server on http://0.0.0.0:5005
2025-03-03 19:04:16,144 [DEBUG]  Using the default number of Sanic workers (1).
2025-03-03 19:04:16,213 [DEBUG]  Skipping telemetry reporting: no license hash found.
2025-03-03 19:04:16,245 [DEBUG]  Connected to InMemoryTrackerStore.
2025-03-03 19:04:16,245 [DEBUG]  Connected to lock store 'InMemoryLockStore'.
2025-03-03 19:04:16,246 [DEBUG]  Instantiated NLG to 'TemplatedNaturalLanguageGenerator'.
2025-03-03 19:04:16,246 [INFO ]  Loading model models/20250303-190347-impulsive-jingle.tar.gz...
2025-03-03 19:04:16,303 [DEBUG]  Extracted model to '/var/folders/d2/y1cj5jqj27v3r9jxvkp9xpb00000gn/T/tmpvc0juxvz'.
2025-03-03 19:04:16,305 [DEBUG]  Node 'nlu_message_converter' loading 'NLUMessageConverter.load' and kwargs: '{}'.
2025-03-03 19:04:16,306 [DEBUG]  Node 'run_WhitespaceTokenizer0' loading 'WhitespaceTokenizer.load' and kwargs: '{}'.
2025-03-03 19:04:16,307 [DEBUG]  Node 'run_RegexFeaturizer1' loading 'RegexFeaturizer.load' and kwargs: '{}'.
2025-03-03 19:04:16,307 [DEBUG]  Resource 'train_RegexFeaturizer1' was requested for reading.
2025-03-03 19:04:16,307 [DEBUG]  Node 'run_LexicalSyntacticFeaturizer2' loading 'LexicalSyntacticFeaturizer.load' and kwargs: '{}'.
2025-03-03 19:04:16,308 [DEBUG]  Resource 'train_LexicalSyntacticFeaturizer2' was requested for reading.
2025-03-03 19:04:16,308 [DEBUG]  Node 'run_CountVectorsFeaturizer3' loading 'CountVectorsFeaturizer.load' and kwargs: '{}'.
2025-03-03 19:04:16,308 [DEBUG]  Resource 'train_CountVectorsFeaturizer3' was requested for reading.
2025-03-03 19:04:16,309 [DEBUG]  Node 'run_LanguageModelFeaturizer4' loading 'LanguageModelFeaturizer.load' and kwargs: '{}'.
2025-03-03 19:04:16,836 [DEBUG]  Loading Tokenizer and Model for bert
2025-03-03 19:04:16,837 [DEBUG]  Starting new HTTPS connection (1): huggingface.co:443
2025-03-03 19:04:17,031 [DEBUG]  https://huggingface.co:443 "HEAD /bert-base-cased/resolve/main/tokenizer_config.json HTTP/1.1" 200 0
2025-03-03 19:04:17,228 [DEBUG]  https://huggingface.co:443 "HEAD /bert-base-cased/resolve/main/config.json HTTP/1.1" 200 0
2025-03-03 19:04:18,431 [DEBUG]  Node 'run_DIETClassifier5' loading 'DIETClassifier.load' and kwargs: '{}'.
2025-03-03 19:04:18,431 [DEBUG]  Resource 'train_DIETClassifier5' was requested for reading.
2025-03-03 19:04:18,432 [DEBUG]  Loading the model from /var/folders/d2/y1cj5jqj27v3r9jxvkp9xpb00000gn/T/tmpmj6c69jq/train_DIETClassifier5/DIETClassifier.tf_model with finetune_mode=False...
2025-03-03 19:04:18,438 [DEBUG]  You specified 'DIET' to train entities, but no entities are present in the training data. Skipping training of entities.
2025-03-03 19:04:18,446 [DEBUG]  Following metrics will be logged during training:
2025-03-03 19:04:18,446 [DEBUG]    t_loss (total loss)
2025-03-03 19:04:18,446 [DEBUG]    i_acc (intent acc)
2025-03-03 19:04:18,446 [DEBUG]    i_loss (intent loss)
2025-03-03 19:04:18,455 [WARNI]  At this time, the v2.11+ optimizer `tf.keras.optimizers.Adam` runs slowly on M1/M2 Macs, please use the legacy Keras optimizer instead, located at `tf.keras.optimizers.legacy.Adam`.
2025-03-03 19:04:18,456 [WARNI]  There is a known slowdown when using v2.11+ Keras optimizers on M1/M2 Macs. Falling back to the legacy Keras optimizer, i.e., `tf.keras.optimizers.legacy.Adam`.
2025-03-03 19:04:20,619 [DEBUG]  Finished loading the model.
2025-03-03 19:04:20,620 [DEBUG]  Node 'run_EntitySynonymMapper6' loading 'EntitySynonymMapper.load' and kwargs: '{}'.
2025-03-03 19:04:20,620 [DEBUG]  Resource 'train_EntitySynonymMapper6' was requested for reading.
2025-03-03 19:04:20,620 [DEBUG]  Failed to load ABCMeta from model storage. Resource 'train_EntitySynonymMapper6' doesn't exist.
2025-03-03 19:04:20,620 [DEBUG]  Node 'run_ResponseSelector7' loading 'ResponseSelector.load' and kwargs: '{}'.
2025-03-03 19:04:20,620 [DEBUG]  Resource 'train_ResponseSelector7' was requested for reading.
2025-03-03 19:04:20,620 [DEBUG]  Failed to load ABCMeta from model storage. Resource 'train_ResponseSelector7' doesn't exist.
2025-03-03 19:04:20,620 [DEBUG]  Resource 'train_ResponseSelector7' was requested for reading.
2025-03-03 19:04:20,620 [DEBUG]  Failed to load ResponseSelector from model storage. Resource 'train_ResponseSelector7' doesn't exist.
2025-03-03 19:04:20,620 [DEBUG]  Node 'run_RegexMessageHandler' loading 'RegexMessageHandler.load' and kwargs: '{}'.
2025-03-03 19:04:20,620 [DEBUG]  Node 'domain_provider' loading 'DomainProvider.load' and kwargs: '{}'.
2025-03-03 19:04:20,620 [DEBUG]  Resource 'domain_provider' was requested for reading.
2025-03-03 19:04:20,629 [DEBUG]  Node 'run_MemoizationPolicy0' loading 'MemoizationPolicy.load' and kwargs: '{}'.
2025-03-03 19:04:20,629 [DEBUG]  Resource 'train_MemoizationPolicy0' was requested for reading.
2025-03-03 19:04:20,629 [DEBUG]  Node 'run_RulePolicy1' loading 'RulePolicy.load' and kwargs: '{}'.
2025-03-03 19:04:20,629 [DEBUG]  Resource 'train_RulePolicy1' was requested for reading.
2025-03-03 19:04:20,629 [DEBUG]  Node 'run_TEDPolicy2' loading 'TEDPolicy.load' and kwargs: '{}'.
2025-03-03 19:04:20,630 [DEBUG]  Resource 'train_TEDPolicy2' was requested for reading.
2025-03-03 19:04:20,630 [DEBUG]  Loading the model from /var/folders/d2/y1cj5jqj27v3r9jxvkp9xpb00000gn/T/tmpmj6c69jq/train_TEDPolicy2/ted_policy.tf_model with finetune_mode=False...
2025-03-03 19:04:20,649 [WARNI]  At this time, the v2.11+ optimizer `tf.keras.optimizers.Adam` runs slowly on M1/M2 Macs, please use the legacy Keras optimizer instead, located at `tf.keras.optimizers.legacy.Adam`.
2025-03-03 19:04:20,649 [WARNI]  There is a known slowdown when using v2.11+ Keras optimizers on M1/M2 Macs. Falling back to the legacy Keras optimizer, i.e., `tf.keras.optimizers.legacy.Adam`.
2025-03-03 19:04:23,366 [DEBUG]  Finished loading the model.
2025-03-03 19:04:23,366 [DEBUG]  Node 'rule_only_data_provider' loading 'RuleOnlyDataProvider.load' and kwargs: '{}'.
2025-03-03 19:04:23,366 [DEBUG]  Resource 'train_RulePolicy1' was requested for reading.
2025-03-03 19:04:23,366 [DEBUG]  Node 'select_prediction' loading 'DefaultPolicyPredictionEnsemble.load' and kwargs: '{}'.
2025-03-03 19:04:23,369 [INFO ]  Rasa server is up and running.
2025-03-03 19:04:23,370 [INFO ]  Enabling coroutine debugging. Loop id 14200123744.
2025-03-03 19:04:38,053 [DEBUG]  Issuing ticket for conversation 'PractikumStudent'.
2025-03-03 19:04:38,053 [DEBUG]  Acquiring lock for conversation 'PractikumStudent'.
2025-03-03 19:04:38,053 [DEBUG]  Acquired lock for conversation 'PractikumStudent'.
2025-03-03 19:04:38,053 [DEBUG]  Could not find tracker for conversation ID 'PractikumStudent'.
2025-03-03 19:04:38,054 [DEBUG]  No event broker configured. Skipping streaming events.
2025-03-03 19:04:38,054 [DEBUG]  Starting a new session for conversation ID 'PractikumStudent'.
2025-03-03 19:04:38,056 [DEBUG]  [[32m[1mdebug    [0m] [1mprocessor.actions.policy_prediction[0m [36mprediction_events[0m=[35m[][0m
2025-03-03 19:04:38,057 [DEBUG]  [[32m[1mdebug    [0m] [1mprocessor.actions.log         [0m [36maction_name[0m=[35maction_session_start[0m [36mrasa_events[0m=[35m[<rasa.shared.core.events.SessionStarted object at 0x38b2c3490>, ActionExecuted(action: action_listen, policy: None, confidence: None)][0m
2025-03-03 19:04:38,057 [DEBUG]  [[32m[1mdebug    [0m] [1mprocessor.slots.log           [0m [36mslot_values[0m=[35m	topic: None
	session_started_metadata: None[0m
2025-03-03 19:04:38,057 [DEBUG]  Running graph with inputs: {'__message__': [<rasa.core.channels.channel.UserMessage object at 0x388601390>], '__tracker__': <rasa.shared.core.trackers.DialogueStateTracker object at 0x3887561d0>}, targets: ['run_RegexMessageHandler'] and ExecutionContext(model_id='265e9dde47834dc18ebb101163c32b8a', should_add_diagnostic_data=False, is_finetuning=False, node_name=None).
2025-03-03 19:04:38,058 [DEBUG]  Node 'nlu_message_converter' running 'NLUMessageConverter.convert_user_message'.
2025-03-03 19:04:38,058 [DEBUG]  Node 'run_WhitespaceTokenizer0' running 'WhitespaceTokenizer.process'.
2025-03-03 19:04:38,060 [DEBUG]  Node 'run_RegexFeaturizer1' running 'RegexFeaturizer.process'.
2025-03-03 19:04:38,060 [DEBUG]  Node 'run_LexicalSyntacticFeaturizer2' running 'LexicalSyntacticFeaturizer.process'.
2025-03-03 19:04:38,061 [DEBUG]  Node 'run_CountVectorsFeaturizer3' running 'CountVectorsFeaturizer.process'.
2025-03-03 19:04:38,063 [DEBUG]  Node 'run_LanguageModelFeaturizer4' running 'LanguageModelFeaturizer.process'.
2025-03-03 19:04:38,158 [DEBUG]  Node 'run_DIETClassifier5' running 'DIETClassifier.process'.
2025-03-03 19:04:38,220 [DEBUG]  Node 'run_EntitySynonymMapper6' running 'EntitySynonymMapper.process'.
2025-03-03 19:04:38,220 [DEBUG]  Node 'run_ResponseSelector7' running 'ResponseSelector.process'.
2025-03-03 19:04:38,220 [DEBUG]  There is no trained model for 'ResponseSelector': The component is either not trained or didn't receive enough training data.
2025-03-03 19:04:38,220 [DEBUG]  Adding following selector key to message property: default
2025-03-03 19:04:38,220 [DEBUG]  Node 'domain_provider' running 'DomainProvider.provide_inference'.
2025-03-03 19:04:38,220 [DEBUG]  Node 'run_RegexMessageHandler' running 'RegexMessageHandler.process'.
2025-03-03 19:04:38,220 [DEBUG]  [[32m[1mdebug    [0m] [1mprocessor.message.parse       [0m [36mparse_data_entities[0m=[35m[][0m [36mparse_data_intent[0m=[35m{'name': 'deny', 'confidence': 0.6449184417724609}[0m [36mparse_data_text[0m=[35mу[0m
2025-03-03 19:04:38,221 [DEBUG]  Logged UserUtterance - tracker now has 4 events.
2025-03-03 19:04:38,221 [DEBUG]  Validating extracted slots: topic
2025-03-03 19:04:38,221 [DEBUG]  [[32m[1mdebug    [0m] [1mprocessor.extract.slots       [0m [36maction_extract_slot[0m=[35maction_extract_slots[0m [36mlen_extraction_events[0m=[35m1[0m [36mrasa_events[0m=[35m[SlotSet(key: topic, value: у)][0m
2025-03-03 19:04:38,221 [DEBUG]  Running graph with inputs: {'__tracker__': <rasa.shared.core.trackers.DialogueStateTracker object at 0x3887561d0>}, targets: ['select_prediction'] and ExecutionContext(model_id='265e9dde47834dc18ebb101163c32b8a', should_add_diagnostic_data=False, is_finetuning=False, node_name=None).
2025-03-03 19:04:38,222 [DEBUG]  Node 'rule_only_data_provider' running 'RuleOnlyDataProvider.provide'.
2025-03-03 19:04:38,222 [DEBUG]  Node 'domain_provider' running 'DomainProvider.provide_inference'.
2025-03-03 19:04:38,222 [DEBUG]  Node 'run_MemoizationPolicy0' running 'MemoizationPolicy.predict_action_probabilities'.
2025-03-03 19:04:38,222 [DEBUG]  [[32m[1mdebug    [0m] [1mmemoization.predict.actions   [0m [36mtracker_states[0m=[35m[{}, {'user': {'intent': 'deny'}, 'prev_action': {'action_name': 'action_listen'}}][0m
2025-03-03 19:04:38,222 [DEBUG]  There is no memorised next action
2025-03-03 19:04:38,222 [DEBUG]  Node 'run_RulePolicy1' running 'RulePolicy.predict_action_probabilities'.
2025-03-03 19:04:38,222 [DEBUG]  [[32m[1mdebug    [0m] [1mrule_policy.actions.find      [0m [36mcurrent_states[0m=[35m
[state 1] user text: у | previous action name: action_listen[0m
2025-03-03 19:04:38,222 [DEBUG]  There is no applicable rule.
2025-03-03 19:04:38,222 [DEBUG]  [[32m[1mdebug    [0m] [1mrule_policy.actions.find      [0m [36mcurrent_states[0m=[35m
[state 1] user intent: deny | previous action name: action_listen[0m
2025-03-03 19:04:38,222 [DEBUG]  There is no applicable rule.
2025-03-03 19:04:38,222 [DEBUG]  Node 'run_TEDPolicy2' running 'TEDPolicy.predict_action_probabilities'.
2025-03-03 19:04:38,224 [DEBUG]  TED predicted 'action_back' based on user intent.
2025-03-03 19:04:38,224 [DEBUG]  Node 'select_prediction' running 'DefaultPolicyPredictionEnsemble.combine_predictions_from_kwargs'.
2025-03-03 19:04:38,224 [DEBUG]  Made prediction using user intent.
2025-03-03 19:04:38,224 [DEBUG]  Added `DefinePrevUserUtteredFeaturization(False)` event.
2025-03-03 19:04:38,224 [DEBUG]  Predicted next action using RulePolicy.
2025-03-03 19:04:38,224 [DEBUG]  Predicted next action 'action_default_fallback' with confidence 0.30.
2025-03-03 19:04:38,224 [DEBUG]  [[32m[1mdebug    [0m] [1mprocessor.actions.policy_prediction[0m [36mprediction_events[0m=[35m[<rasa.shared.core.events.DefinePrevUserUtteredFeaturization object at 0x38b2c3a90>][0m
2025-03-03 19:04:38,225 [DEBUG]  [[32m[1mdebug    [0m] [1mprocessor.actions.log         [0m [36maction_name[0m=[35maction_default_fallback[0m [36mrasa_events[0m=[35m[<rasa.shared.core.events.UserUtteranceReverted object at 0x38b2c0430>][0m
2025-03-03 19:04:38,225 [DEBUG]  [[32m[1mdebug    [0m] [1mprocessor.slots.log           [0m [36mslot_values[0m=[35m	topic: None
	session_started_metadata: None[0m
2025-03-03 19:04:38,225 [DEBUG]  Predicted next action 'action_listen' with confidence 1.00.
2025-03-03 19:04:38,225 [DEBUG]  [[32m[1mdebug    [0m] [1mprocessor.actions.policy_prediction[0m [36mprediction_events[0m=[35m[][0m
2025-03-03 19:04:38,225 [DEBUG]  [[32m[1mdebug    [0m] [1mprocessor.actions.log         [0m [36maction_name[0m=[35maction_listen[0m [36mrasa_events[0m=[35m[][0m
2025-03-03 19:04:38,225 [DEBUG]  No event broker configured. Skipping streaming events.
2025-03-03 19:04:38,225 [DEBUG]  Deleted lock for conversation 'PractikumStudent'.
2025-03-03 19:04:47,482 [DEBUG]  Issuing ticket for conversation 'PractikumStudent'.
2025-03-03 19:04:47,483 [DEBUG]  Acquiring lock for conversation 'PractikumStudent'.
2025-03-03 19:04:47,483 [DEBUG]  Acquired lock for conversation 'PractikumStudent'.
2025-03-03 19:04:47,483 [DEBUG]  Recreating tracker for id 'PractikumStudent'
2025-03-03 19:04:47,486 [DEBUG]  Running graph with inputs: {'__message__': [<rasa.core.channels.channel.UserMessage object at 0x34e830880>], '__tracker__': <rasa.shared.core.trackers.DialogueStateTracker object at 0x3887561d0>}, targets: ['run_RegexMessageHandler'] and ExecutionContext(model_id='265e9dde47834dc18ebb101163c32b8a', should_add_diagnostic_data=False, is_finetuning=False, node_name=None).
2025-03-03 19:04:47,486 [DEBUG]  Node 'nlu_message_converter' running 'NLUMessageConverter.convert_user_message'.
2025-03-03 19:04:47,487 [DEBUG]  Node 'run_WhitespaceTokenizer0' running 'WhitespaceTokenizer.process'.
2025-03-03 19:04:47,487 [DEBUG]  Node 'run_RegexFeaturizer1' running 'RegexFeaturizer.process'.
2025-03-03 19:04:47,487 [DEBUG]  Node 'run_LexicalSyntacticFeaturizer2' running 'LexicalSyntacticFeaturizer.process'.
2025-03-03 19:04:47,488 [DEBUG]  Node 'run_CountVectorsFeaturizer3' running 'CountVectorsFeaturizer.process'.
2025-03-03 19:04:47,489 [DEBUG]  Node 'run_LanguageModelFeaturizer4' running 'LanguageModelFeaturizer.process'.
2025-03-03 19:04:47,588 [DEBUG]  Node 'run_DIETClassifier5' running 'DIETClassifier.process'.
2025-03-03 19:04:47,590 [DEBUG]  Node 'run_EntitySynonymMapper6' running 'EntitySynonymMapper.process'.
2025-03-03 19:04:47,590 [DEBUG]  Node 'run_ResponseSelector7' running 'ResponseSelector.process'.
2025-03-03 19:04:47,590 [DEBUG]  There is no trained model for 'ResponseSelector': The component is either not trained or didn't receive enough training data.
2025-03-03 19:04:47,590 [DEBUG]  Adding following selector key to message property: default
2025-03-03 19:04:47,590 [DEBUG]  Node 'domain_provider' running 'DomainProvider.provide_inference'.
2025-03-03 19:04:47,590 [DEBUG]  Node 'run_RegexMessageHandler' running 'RegexMessageHandler.process'.
2025-03-03 19:04:47,590 [DEBUG]  [[32m[1mdebug    [0m] [1mprocessor.message.parse       [0m [36mparse_data_entities[0m=[35m[][0m [36mparse_data_intent[0m=[35m{'name': 'deny', 'confidence': 0.6356037855148315}[0m [36mparse_data_text[0m=[35mtest[0m
2025-03-03 19:04:47,590 [DEBUG]  Logged UserUtterance - tracker now has 10 events.
2025-03-03 19:04:47,590 [DEBUG]  Validating extracted slots: topic
2025-03-03 19:04:47,591 [DEBUG]  [[32m[1mdebug    [0m] [1mprocessor.extract.slots       [0m [36maction_extract_slot[0m=[35maction_extract_slots[0m [36mlen_extraction_events[0m=[35m1[0m [36mrasa_events[0m=[35m[SlotSet(key: topic, value: test)][0m
2025-03-03 19:04:47,591 [DEBUG]  Running graph with inputs: {'__tracker__': <rasa.shared.core.trackers.DialogueStateTracker object at 0x3887561d0>}, targets: ['select_prediction'] and ExecutionContext(model_id='265e9dde47834dc18ebb101163c32b8a', should_add_diagnostic_data=False, is_finetuning=False, node_name=None).
2025-03-03 19:04:47,591 [DEBUG]  Node 'rule_only_data_provider' running 'RuleOnlyDataProvider.provide'.
2025-03-03 19:04:47,591 [DEBUG]  Node 'domain_provider' running 'DomainProvider.provide_inference'.
2025-03-03 19:04:47,591 [DEBUG]  Node 'run_MemoizationPolicy0' running 'MemoizationPolicy.predict_action_probabilities'.
2025-03-03 19:04:47,591 [DEBUG]  [[32m[1mdebug    [0m] [1mmemoization.predict.actions   [0m [36mtracker_states[0m=[35m[{}, {'user': {'intent': 'deny'}, 'prev_action': {'action_name': 'action_listen'}}][0m
2025-03-03 19:04:47,591 [DEBUG]  There is no memorised next action
2025-03-03 19:04:47,591 [DEBUG]  Node 'run_RulePolicy1' running 'RulePolicy.predict_action_probabilities'.
2025-03-03 19:04:47,592 [DEBUG]  [[32m[1mdebug    [0m] [1mrule_policy.actions.find      [0m [36mcurrent_states[0m=[35m
[state 1] user text: test | previous action name: action_listen[0m
2025-03-03 19:04:47,592 [DEBUG]  There is no applicable rule.
2025-03-03 19:04:47,592 [DEBUG]  [[32m[1mdebug    [0m] [1mrule_policy.actions.find      [0m [36mcurrent_states[0m=[35m
[state 1] user intent: deny | previous action name: action_listen[0m
2025-03-03 19:04:47,592 [DEBUG]  There is no applicable rule.
2025-03-03 19:04:47,592 [DEBUG]  Node 'run_TEDPolicy2' running 'TEDPolicy.predict_action_probabilities'.
2025-03-03 19:04:47,593 [DEBUG]  TED predicted 'action_back' based on user intent.
2025-03-03 19:04:47,594 [DEBUG]  Node 'select_prediction' running 'DefaultPolicyPredictionEnsemble.combine_predictions_from_kwargs'.
2025-03-03 19:04:47,594 [DEBUG]  Made prediction using user intent.
2025-03-03 19:04:47,594 [DEBUG]  Added `DefinePrevUserUtteredFeaturization(False)` event.
2025-03-03 19:04:47,594 [DEBUG]  Predicted next action using RulePolicy.
2025-03-03 19:04:47,594 [DEBUG]  Predicted next action 'action_default_fallback' with confidence 0.30.
2025-03-03 19:04:47,594 [DEBUG]  [[32m[1mdebug    [0m] [1mprocessor.actions.policy_prediction[0m [36mprediction_events[0m=[35m[<rasa.shared.core.events.DefinePrevUserUtteredFeaturization object at 0x38b2c1e40>][0m
2025-03-03 19:04:47,594 [DEBUG]  [[32m[1mdebug    [0m] [1mprocessor.actions.log         [0m [36maction_name[0m=[35maction_default_fallback[0m [36mrasa_events[0m=[35m[<rasa.shared.core.events.UserUtteranceReverted object at 0x38b2c14b0>][0m
2025-03-03 19:04:47,594 [DEBUG]  [[32m[1mdebug    [0m] [1mprocessor.slots.log           [0m [36mslot_values[0m=[35m	topic: None
	session_started_metadata: None[0m
2025-03-03 19:04:47,594 [DEBUG]  Predicted next action 'action_listen' with confidence 1.00.
2025-03-03 19:04:47,594 [DEBUG]  [[32m[1mdebug    [0m] [1mprocessor.actions.policy_prediction[0m [36mprediction_events[0m=[35m[][0m
2025-03-03 19:04:47,594 [DEBUG]  [[32m[1mdebug    [0m] [1mprocessor.actions.log         [0m [36maction_name[0m=[35maction_listen[0m [36mrasa_events[0m=[35m[][0m
2025-03-03 19:04:47,594 [DEBUG]  No event broker configured. Skipping streaming events.
2025-03-03 19:04:47,594 [DEBUG]  Deleted lock for conversation 'PractikumStudent'.
2025-03-03 19:05:02,807 [DEBUG]  Issuing ticket for conversation 'PractikumStudent'.
2025-03-03 19:05:02,808 [DEBUG]  Acquiring lock for conversation 'PractikumStudent'.
2025-03-03 19:05:02,808 [DEBUG]  Acquired lock for conversation 'PractikumStudent'.
2025-03-03 19:05:02,808 [DEBUG]  Recreating tracker for id 'PractikumStudent'
2025-03-03 19:05:02,811 [DEBUG]  Running graph with inputs: {'__message__': [<rasa.core.channels.channel.UserMessage object at 0x34e830880>], '__tracker__': <rasa.shared.core.trackers.DialogueStateTracker object at 0x388755fc0>}, targets: ['run_RegexMessageHandler'] and ExecutionContext(model_id='265e9dde47834dc18ebb101163c32b8a', should_add_diagnostic_data=False, is_finetuning=False, node_name=None).
2025-03-03 19:05:02,811 [DEBUG]  Node 'nlu_message_converter' running 'NLUMessageConverter.convert_user_message'.
2025-03-03 19:05:02,812 [DEBUG]  Node 'run_WhitespaceTokenizer0' running 'WhitespaceTokenizer.process'.
2025-03-03 19:05:02,813 [DEBUG]  Node 'run_RegexFeaturizer1' running 'RegexFeaturizer.process'.
2025-03-03 19:05:02,813 [DEBUG]  Node 'run_LexicalSyntacticFeaturizer2' running 'LexicalSyntacticFeaturizer.process'.
2025-03-03 19:05:02,813 [DEBUG]  Node 'run_CountVectorsFeaturizer3' running 'CountVectorsFeaturizer.process'.
2025-03-03 19:05:02,814 [DEBUG]  Node 'run_LanguageModelFeaturizer4' running 'LanguageModelFeaturizer.process'.
2025-03-03 19:05:02,914 [DEBUG]  Node 'run_DIETClassifier5' running 'DIETClassifier.process'.
2025-03-03 19:05:02,916 [DEBUG]  Node 'run_EntitySynonymMapper6' running 'EntitySynonymMapper.process'.
2025-03-03 19:05:02,916 [DEBUG]  Node 'run_ResponseSelector7' running 'ResponseSelector.process'.
2025-03-03 19:05:02,917 [DEBUG]  There is no trained model for 'ResponseSelector': The component is either not trained or didn't receive enough training data.
2025-03-03 19:05:02,917 [DEBUG]  Adding following selector key to message property: default
2025-03-03 19:05:02,917 [DEBUG]  Node 'domain_provider' running 'DomainProvider.provide_inference'.
2025-03-03 19:05:02,917 [DEBUG]  Node 'run_RegexMessageHandler' running 'RegexMessageHandler.process'.
2025-03-03 19:05:02,917 [DEBUG]  [[32m[1mdebug    [0m] [1mprocessor.message.parse       [0m [36mparse_data_entities[0m=[35m[][0m [36mparse_data_intent[0m=[35m{'name': 'deny', 'confidence': 0.6356037855148315}[0m [36mparse_data_text[0m=[35mtest[0m
2025-03-03 19:05:02,917 [DEBUG]  Logged UserUtterance - tracker now has 16 events.
2025-03-03 19:05:02,917 [DEBUG]  Validating extracted slots: topic
2025-03-03 19:05:02,917 [DEBUG]  [[32m[1mdebug    [0m] [1mprocessor.extract.slots       [0m [36maction_extract_slot[0m=[35maction_extract_slots[0m [36mlen_extraction_events[0m=[35m1[0m [36mrasa_events[0m=[35m[SlotSet(key: topic, value: test)][0m
2025-03-03 19:05:02,918 [DEBUG]  Running graph with inputs: {'__tracker__': <rasa.shared.core.trackers.DialogueStateTracker object at 0x388755fc0>}, targets: ['select_prediction'] and ExecutionContext(model_id='265e9dde47834dc18ebb101163c32b8a', should_add_diagnostic_data=False, is_finetuning=False, node_name=None).
2025-03-03 19:05:02,918 [DEBUG]  Node 'rule_only_data_provider' running 'RuleOnlyDataProvider.provide'.
2025-03-03 19:05:02,918 [DEBUG]  Node 'domain_provider' running 'DomainProvider.provide_inference'.
2025-03-03 19:05:02,918 [DEBUG]  Node 'run_MemoizationPolicy0' running 'MemoizationPolicy.predict_action_probabilities'.
2025-03-03 19:05:02,918 [DEBUG]  [[32m[1mdebug    [0m] [1mmemoization.predict.actions   [0m [36mtracker_states[0m=[35m[{}, {'user': {'intent': 'deny'}, 'prev_action': {'action_name': 'action_listen'}}][0m
2025-03-03 19:05:02,918 [DEBUG]  There is no memorised next action
2025-03-03 19:05:02,918 [DEBUG]  Node 'run_RulePolicy1' running 'RulePolicy.predict_action_probabilities'.
2025-03-03 19:05:02,918 [DEBUG]  [[32m[1mdebug    [0m] [1mrule_policy.actions.find      [0m [36mcurrent_states[0m=[35m
[state 1] user text: test | previous action name: action_listen[0m
2025-03-03 19:05:02,919 [DEBUG]  There is no applicable rule.
2025-03-03 19:05:02,919 [DEBUG]  [[32m[1mdebug    [0m] [1mrule_policy.actions.find      [0m [36mcurrent_states[0m=[35m
[state 1] user intent: deny | previous action name: action_listen[0m
2025-03-03 19:05:02,919 [DEBUG]  There is no applicable rule.
2025-03-03 19:05:02,919 [DEBUG]  Node 'run_TEDPolicy2' running 'TEDPolicy.predict_action_probabilities'.
2025-03-03 19:05:02,921 [DEBUG]  TED predicted 'action_back' based on user intent.
2025-03-03 19:05:02,921 [DEBUG]  Node 'select_prediction' running 'DefaultPolicyPredictionEnsemble.combine_predictions_from_kwargs'.
2025-03-03 19:05:02,921 [DEBUG]  Made prediction using user intent.
2025-03-03 19:05:02,921 [DEBUG]  Added `DefinePrevUserUtteredFeaturization(False)` event.
2025-03-03 19:05:02,921 [DEBUG]  Predicted next action using RulePolicy.
2025-03-03 19:05:02,921 [DEBUG]  Predicted next action 'action_default_fallback' with confidence 0.30.
2025-03-03 19:05:02,922 [DEBUG]  [[32m[1mdebug    [0m] [1mprocessor.actions.policy_prediction[0m [36mprediction_events[0m=[35m[<rasa.shared.core.events.DefinePrevUserUtteredFeaturization object at 0x38b2c3a90>][0m
2025-03-03 19:05:02,922 [DEBUG]  [[32m[1mdebug    [0m] [1mprocessor.actions.log         [0m [36maction_name[0m=[35maction_default_fallback[0m [36mrasa_events[0m=[35m[<rasa.shared.core.events.UserUtteranceReverted object at 0x38b2c23b0>][0m
2025-03-03 19:05:02,922 [DEBUG]  [[32m[1mdebug    [0m] [1mprocessor.slots.log           [0m [36mslot_values[0m=[35m	topic: None
	session_started_metadata: None[0m
2025-03-03 19:05:02,922 [DEBUG]  Predicted next action 'action_listen' with confidence 1.00.
2025-03-03 19:05:02,922 [DEBUG]  [[32m[1mdebug    [0m] [1mprocessor.actions.policy_prediction[0m [36mprediction_events[0m=[35m[][0m
2025-03-03 19:05:02,922 [DEBUG]  [[32m[1mdebug    [0m] [1mprocessor.actions.log         [0m [36maction_name[0m=[35maction_listen[0m [36mrasa_events[0m=[35m[][0m
2025-03-03 19:05:02,922 [DEBUG]  No event broker configured. Skipping streaming events.
2025-03-03 19:05:02,922 [DEBUG]  Deleted lock for conversation 'PractikumStudent'.
2025-03-03 19:05:13,690 [DEBUG]  Issuing ticket for conversation 'PractikumStudent'.
2025-03-03 19:05:13,690 [DEBUG]  Acquiring lock for conversation 'PractikumStudent'.
2025-03-03 19:05:13,690 [DEBUG]  Acquired lock for conversation 'PractikumStudent'.
2025-03-03 19:05:13,691 [DEBUG]  Recreating tracker for id 'PractikumStudent'
2025-03-03 19:05:13,694 [DEBUG]  Running graph with inputs: {'__message__': [<rasa.core.channels.channel.UserMessage object at 0x34e832650>], '__tracker__': <rasa.shared.core.trackers.DialogueStateTracker object at 0x38b31dcf0>}, targets: ['run_RegexMessageHandler'] and ExecutionContext(model_id='265e9dde47834dc18ebb101163c32b8a', should_add_diagnostic_data=False, is_finetuning=False, node_name=None).
2025-03-03 19:05:13,695 [DEBUG]  Node 'nlu_message_converter' running 'NLUMessageConverter.convert_user_message'.
2025-03-03 19:05:13,696 [DEBUG]  Node 'run_WhitespaceTokenizer0' running 'WhitespaceTokenizer.process'.
2025-03-03 19:05:13,697 [DEBUG]  Node 'run_RegexFeaturizer1' running 'RegexFeaturizer.process'.
2025-03-03 19:05:13,697 [DEBUG]  Node 'run_LexicalSyntacticFeaturizer2' running 'LexicalSyntacticFeaturizer.process'.
2025-03-03 19:05:13,698 [DEBUG]  Node 'run_CountVectorsFeaturizer3' running 'CountVectorsFeaturizer.process'.
2025-03-03 19:05:13,699 [DEBUG]  Node 'run_LanguageModelFeaturizer4' running 'LanguageModelFeaturizer.process'.
2025-03-03 19:05:13,787 [DEBUG]  Node 'run_DIETClassifier5' running 'DIETClassifier.process'.
2025-03-03 19:05:13,789 [DEBUG]  Node 'run_EntitySynonymMapper6' running 'EntitySynonymMapper.process'.
2025-03-03 19:05:13,789 [DEBUG]  Node 'run_ResponseSelector7' running 'ResponseSelector.process'.
2025-03-03 19:05:13,789 [DEBUG]  There is no trained model for 'ResponseSelector': The component is either not trained or didn't receive enough training data.
2025-03-03 19:05:13,789 [DEBUG]  Adding following selector key to message property: default
2025-03-03 19:05:13,789 [DEBUG]  Node 'domain_provider' running 'DomainProvider.provide_inference'.
2025-03-03 19:05:13,789 [DEBUG]  Node 'run_RegexMessageHandler' running 'RegexMessageHandler.process'.
2025-03-03 19:05:13,790 [DEBUG]  [[32m[1mdebug    [0m] [1mprocessor.message.parse       [0m [36mparse_data_entities[0m=[35m[][0m [36mparse_data_intent[0m=[35m{'name': 'deny', 'confidence': 0.5565909743309021}[0m [36mparse_data_text[0m=[35mefef[0m
2025-03-03 19:05:13,790 [DEBUG]  Logged UserUtterance - tracker now has 22 events.
2025-03-03 19:05:13,790 [DEBUG]  Validating extracted slots: topic
2025-03-03 19:05:13,790 [DEBUG]  [[32m[1mdebug    [0m] [1mprocessor.extract.slots       [0m [36maction_extract_slot[0m=[35maction_extract_slots[0m [36mlen_extraction_events[0m=[35m1[0m [36mrasa_events[0m=[35m[SlotSet(key: topic, value: efef)][0m
2025-03-03 19:05:13,790 [DEBUG]  Running graph with inputs: {'__tracker__': <rasa.shared.core.trackers.DialogueStateTracker object at 0x38b31dcf0>}, targets: ['select_prediction'] and ExecutionContext(model_id='265e9dde47834dc18ebb101163c32b8a', should_add_diagnostic_data=False, is_finetuning=False, node_name=None).
2025-03-03 19:05:13,791 [DEBUG]  Node 'rule_only_data_provider' running 'RuleOnlyDataProvider.provide'.
2025-03-03 19:05:13,791 [DEBUG]  Node 'domain_provider' running 'DomainProvider.provide_inference'.
2025-03-03 19:05:13,791 [DEBUG]  Node 'run_MemoizationPolicy0' running 'MemoizationPolicy.predict_action_probabilities'.
2025-03-03 19:05:13,791 [DEBUG]  [[32m[1mdebug    [0m] [1mmemoization.predict.actions   [0m [36mtracker_states[0m=[35m[{}, {'user': {'intent': 'deny'}, 'prev_action': {'action_name': 'action_listen'}}][0m
2025-03-03 19:05:13,791 [DEBUG]  There is no memorised next action
2025-03-03 19:05:13,791 [DEBUG]  Node 'run_RulePolicy1' running 'RulePolicy.predict_action_probabilities'.
2025-03-03 19:05:13,791 [DEBUG]  [[32m[1mdebug    [0m] [1mrule_policy.actions.find      [0m [36mcurrent_states[0m=[35m
[state 1] user text: efef | previous action name: action_listen[0m
2025-03-03 19:05:13,791 [DEBUG]  There is no applicable rule.
2025-03-03 19:05:13,791 [DEBUG]  [[32m[1mdebug    [0m] [1mrule_policy.actions.find      [0m [36mcurrent_states[0m=[35m
[state 1] user intent: deny | previous action name: action_listen[0m
2025-03-03 19:05:13,791 [DEBUG]  There is no applicable rule.
2025-03-03 19:05:13,792 [DEBUG]  Node 'run_TEDPolicy2' running 'TEDPolicy.predict_action_probabilities'.
2025-03-03 19:05:13,793 [DEBUG]  TED predicted 'action_back' based on user intent.
2025-03-03 19:05:13,794 [DEBUG]  Node 'select_prediction' running 'DefaultPolicyPredictionEnsemble.combine_predictions_from_kwargs'.
2025-03-03 19:05:13,794 [DEBUG]  Made prediction using user intent.
2025-03-03 19:05:13,794 [DEBUG]  Added `DefinePrevUserUtteredFeaturization(False)` event.
2025-03-03 19:05:13,794 [DEBUG]  Predicted next action using RulePolicy.
2025-03-03 19:05:13,794 [DEBUG]  Predicted next action 'action_default_fallback' with confidence 0.30.
2025-03-03 19:05:13,794 [DEBUG]  [[32m[1mdebug    [0m] [1mprocessor.actions.policy_prediction[0m [36mprediction_events[0m=[35m[<rasa.shared.core.events.DefinePrevUserUtteredFeaturization object at 0x38b2c3370>][0m
2025-03-03 19:05:13,794 [DEBUG]  [[32m[1mdebug    [0m] [1mprocessor.actions.log         [0m [36maction_name[0m=[35maction_default_fallback[0m [36mrasa_events[0m=[35m[<rasa.shared.core.events.UserUtteranceReverted object at 0x38b2c3400>][0m
2025-03-03 19:05:13,794 [DEBUG]  [[32m[1mdebug    [0m] [1mprocessor.slots.log           [0m [36mslot_values[0m=[35m	topic: None
	session_started_metadata: None[0m
2025-03-03 19:05:13,794 [DEBUG]  Predicted next action 'action_listen' with confidence 1.00.
2025-03-03 19:05:13,794 [DEBUG]  [[32m[1mdebug    [0m] [1mprocessor.actions.policy_prediction[0m [36mprediction_events[0m=[35m[][0m
2025-03-03 19:05:13,794 [DEBUG]  [[32m[1mdebug    [0m] [1mprocessor.actions.log         [0m [36maction_name[0m=[35maction_listen[0m [36mrasa_events[0m=[35m[][0m
2025-03-03 19:05:13,794 [DEBUG]  No event broker configured. Skipping streaming events.
2025-03-03 19:05:13,795 [DEBUG]  Deleted lock for conversation 'PractikumStudent'.
2025-03-03 19:05:26,721 [DEBUG]  Issuing ticket for conversation 'PractikumStudent'.
2025-03-03 19:05:26,722 [DEBUG]  Acquiring lock for conversation 'PractikumStudent'.
2025-03-03 19:05:26,722 [DEBUG]  Acquired lock for conversation 'PractikumStudent'.
2025-03-03 19:05:26,722 [DEBUG]  Recreating tracker for id 'PractikumStudent'
2025-03-03 19:05:26,726 [DEBUG]  Running graph with inputs: {'__message__': [<rasa.core.channels.channel.UserMessage object at 0x34e832650>], '__tracker__': <rasa.shared.core.trackers.DialogueStateTracker object at 0x38b31dcf0>}, targets: ['run_RegexMessageHandler'] and ExecutionContext(model_id='265e9dde47834dc18ebb101163c32b8a', should_add_diagnostic_data=False, is_finetuning=False, node_name=None).
2025-03-03 19:05:26,726 [DEBUG]  Node 'nlu_message_converter' running 'NLUMessageConverter.convert_user_message'.
2025-03-03 19:05:26,726 [DEBUG]  Node 'run_WhitespaceTokenizer0' running 'WhitespaceTokenizer.process'.
2025-03-03 19:05:26,727 [DEBUG]  Node 'run_RegexFeaturizer1' running 'RegexFeaturizer.process'.
2025-03-03 19:05:26,727 [DEBUG]  Node 'run_LexicalSyntacticFeaturizer2' running 'LexicalSyntacticFeaturizer.process'.
2025-03-03 19:05:26,727 [DEBUG]  Node 'run_CountVectorsFeaturizer3' running 'CountVectorsFeaturizer.process'.
2025-03-03 19:05:26,729 [DEBUG]  Node 'run_LanguageModelFeaturizer4' running 'LanguageModelFeaturizer.process'.
2025-03-03 19:05:26,828 [DEBUG]  Node 'run_DIETClassifier5' running 'DIETClassifier.process'.
2025-03-03 19:05:26,830 [DEBUG]  Node 'run_EntitySynonymMapper6' running 'EntitySynonymMapper.process'.
2025-03-03 19:05:26,830 [DEBUG]  Node 'run_ResponseSelector7' running 'ResponseSelector.process'.
2025-03-03 19:05:26,830 [DEBUG]  There is no trained model for 'ResponseSelector': The component is either not trained or didn't receive enough training data.
2025-03-03 19:05:26,830 [DEBUG]  Adding following selector key to message property: default
2025-03-03 19:05:26,830 [DEBUG]  Node 'domain_provider' running 'DomainProvider.provide_inference'.
2025-03-03 19:05:26,830 [DEBUG]  Node 'run_RegexMessageHandler' running 'RegexMessageHandler.process'.
2025-03-03 19:05:26,830 [DEBUG]  [[32m[1mdebug    [0m] [1mprocessor.message.parse       [0m [36mparse_data_entities[0m=[35m[][0m [36mparse_data_intent[0m=[35m{'name': 'deny', 'confidence': 0.5565909743309021}[0m [36mparse_data_text[0m=[35mefef[0m
2025-03-03 19:05:26,830 [DEBUG]  Logged UserUtterance - tracker now has 28 events.
2025-03-03 19:05:26,831 [DEBUG]  Validating extracted slots: topic
2025-03-03 19:05:26,831 [DEBUG]  [[32m[1mdebug    [0m] [1mprocessor.extract.slots       [0m [36maction_extract_slot[0m=[35maction_extract_slots[0m [36mlen_extraction_events[0m=[35m1[0m [36mrasa_events[0m=[35m[SlotSet(key: topic, value: efef)][0m
2025-03-03 19:05:26,831 [DEBUG]  Running graph with inputs: {'__tracker__': <rasa.shared.core.trackers.DialogueStateTracker object at 0x38b31dcf0>}, targets: ['select_prediction'] and ExecutionContext(model_id='265e9dde47834dc18ebb101163c32b8a', should_add_diagnostic_data=False, is_finetuning=False, node_name=None).
2025-03-03 19:05:26,831 [DEBUG]  Node 'rule_only_data_provider' running 'RuleOnlyDataProvider.provide'.
2025-03-03 19:05:26,831 [DEBUG]  Node 'domain_provider' running 'DomainProvider.provide_inference'.
2025-03-03 19:05:26,831 [DEBUG]  Node 'run_MemoizationPolicy0' running 'MemoizationPolicy.predict_action_probabilities'.
2025-03-03 19:05:26,831 [DEBUG]  [[32m[1mdebug    [0m] [1mmemoization.predict.actions   [0m [36mtracker_states[0m=[35m[{}, {'user': {'intent': 'deny'}, 'prev_action': {'action_name': 'action_listen'}}][0m
2025-03-03 19:05:26,831 [DEBUG]  There is no memorised next action
2025-03-03 19:05:26,831 [DEBUG]  Node 'run_RulePolicy1' running 'RulePolicy.predict_action_probabilities'.
2025-03-03 19:05:26,831 [DEBUG]  [[32m[1mdebug    [0m] [1mrule_policy.actions.find      [0m [36mcurrent_states[0m=[35m
[state 1] user text: efef | previous action name: action_listen[0m
2025-03-03 19:05:26,832 [DEBUG]  There is no applicable rule.
2025-03-03 19:05:26,832 [DEBUG]  [[32m[1mdebug    [0m] [1mrule_policy.actions.find      [0m [36mcurrent_states[0m=[35m
[state 1] user intent: deny | previous action name: action_listen[0m
2025-03-03 19:05:26,832 [DEBUG]  There is no applicable rule.
2025-03-03 19:05:26,832 [DEBUG]  Node 'run_TEDPolicy2' running 'TEDPolicy.predict_action_probabilities'.
2025-03-03 19:05:26,834 [DEBUG]  TED predicted 'action_back' based on user intent.
2025-03-03 19:05:26,834 [DEBUG]  Node 'select_prediction' running 'DefaultPolicyPredictionEnsemble.combine_predictions_from_kwargs'.
2025-03-03 19:05:26,834 [DEBUG]  Made prediction using user intent.
2025-03-03 19:05:26,834 [DEBUG]  Added `DefinePrevUserUtteredFeaturization(False)` event.
2025-03-03 19:05:26,834 [DEBUG]  Predicted next action using RulePolicy.
2025-03-03 19:05:26,834 [DEBUG]  Predicted next action 'action_default_fallback' with confidence 0.30.
2025-03-03 19:05:26,834 [DEBUG]  [[32m[1mdebug    [0m] [1mprocessor.actions.policy_prediction[0m [36mprediction_events[0m=[35m[<rasa.shared.core.events.DefinePrevUserUtteredFeaturization object at 0x38b2c1900>][0m
2025-03-03 19:05:26,834 [DEBUG]  [[32m[1mdebug    [0m] [1mprocessor.actions.log         [0m [36maction_name[0m=[35maction_default_fallback[0m [36mrasa_events[0m=[35m[<rasa.shared.core.events.UserUtteranceReverted object at 0x38b2c2dd0>][0m
2025-03-03 19:05:26,834 [DEBUG]  [[32m[1mdebug    [0m] [1mprocessor.slots.log           [0m [36mslot_values[0m=[35m	topic: None
	session_started_metadata: None[0m
2025-03-03 19:05:26,834 [DEBUG]  Predicted next action 'action_listen' with confidence 1.00.
2025-03-03 19:05:26,835 [DEBUG]  [[32m[1mdebug    [0m] [1mprocessor.actions.policy_prediction[0m [36mprediction_events[0m=[35m[][0m
2025-03-03 19:05:26,835 [DEBUG]  [[32m[1mdebug    [0m] [1mprocessor.actions.log         [0m [36maction_name[0m=[35maction_listen[0m [36mrasa_events[0m=[35m[][0m
2025-03-03 19:05:26,835 [DEBUG]  No event broker configured. Skipping streaming events.
2025-03-03 19:05:26,835 [DEBUG]  Deleted lock for conversation 'PractikumStudent'.
2025-03-03 19:06:24,741 [DEBUG]  Available web server routes:
/conversations/<conversation_id:path>/messages     POST                           add_message
/conversations/<conversation_id:path>/tracker/events POST                           append_events
/webhooks/rasa                                     GET                            custom_webhook_RasaChatInput.health
/webhooks/rasa/webhook                             POST                           custom_webhook_RasaChatInput.receive
/webhooks/rest                                     GET                            custom_webhook_RestInput.health
/webhooks/rest/webhook                             POST                           custom_webhook_RestInput.receive
/model/test/intents                                POST                           evaluate_intents
/model/test/stories                                POST                           evaluate_stories
/conversations/<conversation_id:path>/execute      POST                           execute_action
/domain                                            GET                            get_domain
/                                                  GET                            hello
/model                                             PUT                            load_model
/model/parse                                       POST                           parse
/conversations/<conversation_id:path>/predict      POST                           predict
/conversations/<conversation_id:path>/tracker/events PUT                            replace_events
/conversations/<conversation_id:path>/story        GET                            retrieve_story
/conversations/<conversation_id:path>/tracker      GET                            retrieve_tracker
/status                                            GET                            status
/model/predict                                     POST                           tracker_predict
/model/train                                       POST                           train
/conversations/<conversation_id:path>/trigger_intent POST                           trigger_intent
/model                                             DELETE                         unload_model
/version                                           GET                            version
2025-03-03 19:06:24,741 [INFO ]  Starting Rasa server on http://0.0.0.0:5005
2025-03-03 19:06:24,742 [DEBUG]  Using the default number of Sanic workers (1).
2025-03-03 19:06:24,803 [DEBUG]  Skipping telemetry reporting: no license hash found.
2025-03-03 19:06:24,825 [DEBUG]  Connected to InMemoryTrackerStore.
2025-03-03 19:06:24,826 [DEBUG]  Connected to lock store 'InMemoryLockStore'.
2025-03-03 19:06:24,826 [DEBUG]  Instantiated NLG to 'TemplatedNaturalLanguageGenerator'.
2025-03-03 19:06:24,826 [INFO ]  Loading model models/20250303-190347-impulsive-jingle.tar.gz...
2025-03-03 19:06:24,858 [DEBUG]  Extracted model to '/var/folders/d2/y1cj5jqj27v3r9jxvkp9xpb00000gn/T/tmpqf5ycl62'.
2025-03-03 19:06:24,859 [DEBUG]  Node 'nlu_message_converter' loading 'NLUMessageConverter.load' and kwargs: '{}'.
2025-03-03 19:06:24,859 [DEBUG]  Node 'run_WhitespaceTokenizer0' loading 'WhitespaceTokenizer.load' and kwargs: '{}'.
2025-03-03 19:06:24,860 [DEBUG]  Node 'run_RegexFeaturizer1' loading 'RegexFeaturizer.load' and kwargs: '{}'.
2025-03-03 19:06:24,860 [DEBUG]  Resource 'train_RegexFeaturizer1' was requested for reading.
2025-03-03 19:06:24,860 [DEBUG]  Node 'run_LexicalSyntacticFeaturizer2' loading 'LexicalSyntacticFeaturizer.load' and kwargs: '{}'.
2025-03-03 19:06:24,860 [DEBUG]  Resource 'train_LexicalSyntacticFeaturizer2' was requested for reading.
2025-03-03 19:06:24,861 [DEBUG]  Node 'run_CountVectorsFeaturizer3' loading 'CountVectorsFeaturizer.load' and kwargs: '{}'.
2025-03-03 19:06:24,861 [DEBUG]  Resource 'train_CountVectorsFeaturizer3' was requested for reading.
2025-03-03 19:06:24,861 [DEBUG]  Node 'run_LanguageModelFeaturizer4' loading 'LanguageModelFeaturizer.load' and kwargs: '{}'.
2025-03-03 19:06:25,408 [DEBUG]  Loading Tokenizer and Model for bert
2025-03-03 19:06:25,409 [DEBUG]  Starting new HTTPS connection (1): huggingface.co:443
2025-03-03 19:06:25,610 [DEBUG]  https://huggingface.co:443 "HEAD /bert-base-cased/resolve/main/tokenizer_config.json HTTP/1.1" 200 0
2025-03-03 19:06:25,837 [DEBUG]  https://huggingface.co:443 "HEAD /bert-base-cased/resolve/main/config.json HTTP/1.1" 200 0
2025-03-03 19:06:27,026 [DEBUG]  Node 'run_DIETClassifier5' loading 'DIETClassifier.load' and kwargs: '{}'.
2025-03-03 19:06:27,026 [DEBUG]  Resource 'train_DIETClassifier5' was requested for reading.
2025-03-03 19:06:27,027 [DEBUG]  Loading the model from /var/folders/d2/y1cj5jqj27v3r9jxvkp9xpb00000gn/T/tmponx0hhpv/train_DIETClassifier5/DIETClassifier.tf_model with finetune_mode=False...
2025-03-03 19:06:27,033 [DEBUG]  You specified 'DIET' to train entities, but no entities are present in the training data. Skipping training of entities.
2025-03-03 19:06:27,040 [DEBUG]  Following metrics will be logged during training:
2025-03-03 19:06:27,040 [DEBUG]    t_loss (total loss)
2025-03-03 19:06:27,040 [DEBUG]    i_acc (intent acc)
2025-03-03 19:06:27,040 [DEBUG]    i_loss (intent loss)
2025-03-03 19:06:27,050 [WARNI]  At this time, the v2.11+ optimizer `tf.keras.optimizers.Adam` runs slowly on M1/M2 Macs, please use the legacy Keras optimizer instead, located at `tf.keras.optimizers.legacy.Adam`.
2025-03-03 19:06:27,051 [WARNI]  There is a known slowdown when using v2.11+ Keras optimizers on M1/M2 Macs. Falling back to the legacy Keras optimizer, i.e., `tf.keras.optimizers.legacy.Adam`.
2025-03-03 19:06:29,193 [DEBUG]  Finished loading the model.
2025-03-03 19:06:29,193 [DEBUG]  Node 'run_EntitySynonymMapper6' loading 'EntitySynonymMapper.load' and kwargs: '{}'.
2025-03-03 19:06:29,193 [DEBUG]  Resource 'train_EntitySynonymMapper6' was requested for reading.
2025-03-03 19:06:29,194 [DEBUG]  Failed to load ABCMeta from model storage. Resource 'train_EntitySynonymMapper6' doesn't exist.
2025-03-03 19:06:29,194 [DEBUG]  Node 'run_ResponseSelector7' loading 'ResponseSelector.load' and kwargs: '{}'.
2025-03-03 19:06:29,194 [DEBUG]  Resource 'train_ResponseSelector7' was requested for reading.
2025-03-03 19:06:29,194 [DEBUG]  Failed to load ABCMeta from model storage. Resource 'train_ResponseSelector7' doesn't exist.
2025-03-03 19:06:29,194 [DEBUG]  Resource 'train_ResponseSelector7' was requested for reading.
2025-03-03 19:06:29,194 [DEBUG]  Failed to load ResponseSelector from model storage. Resource 'train_ResponseSelector7' doesn't exist.
2025-03-03 19:06:29,194 [DEBUG]  Node 'run_RegexMessageHandler' loading 'RegexMessageHandler.load' and kwargs: '{}'.
2025-03-03 19:06:29,194 [DEBUG]  Node 'domain_provider' loading 'DomainProvider.load' and kwargs: '{}'.
2025-03-03 19:06:29,194 [DEBUG]  Resource 'domain_provider' was requested for reading.
2025-03-03 19:06:29,201 [DEBUG]  Node 'run_MemoizationPolicy0' loading 'MemoizationPolicy.load' and kwargs: '{}'.
2025-03-03 19:06:29,201 [DEBUG]  Resource 'train_MemoizationPolicy0' was requested for reading.
2025-03-03 19:06:29,202 [DEBUG]  Node 'run_RulePolicy1' loading 'RulePolicy.load' and kwargs: '{}'.
2025-03-03 19:06:29,202 [DEBUG]  Resource 'train_RulePolicy1' was requested for reading.
2025-03-03 19:06:29,202 [DEBUG]  Node 'run_TEDPolicy2' loading 'TEDPolicy.load' and kwargs: '{}'.
2025-03-03 19:06:29,202 [DEBUG]  Resource 'train_TEDPolicy2' was requested for reading.
2025-03-03 19:06:29,203 [DEBUG]  Loading the model from /var/folders/d2/y1cj5jqj27v3r9jxvkp9xpb00000gn/T/tmponx0hhpv/train_TEDPolicy2/ted_policy.tf_model with finetune_mode=False...
2025-03-03 19:06:29,221 [WARNI]  At this time, the v2.11+ optimizer `tf.keras.optimizers.Adam` runs slowly on M1/M2 Macs, please use the legacy Keras optimizer instead, located at `tf.keras.optimizers.legacy.Adam`.
2025-03-03 19:06:29,222 [WARNI]  There is a known slowdown when using v2.11+ Keras optimizers on M1/M2 Macs. Falling back to the legacy Keras optimizer, i.e., `tf.keras.optimizers.legacy.Adam`.
2025-03-03 19:06:31,907 [DEBUG]  Finished loading the model.
2025-03-03 19:06:31,907 [DEBUG]  Node 'rule_only_data_provider' loading 'RuleOnlyDataProvider.load' and kwargs: '{}'.
2025-03-03 19:06:31,907 [DEBUG]  Resource 'train_RulePolicy1' was requested for reading.
2025-03-03 19:06:31,908 [DEBUG]  Node 'select_prediction' loading 'DefaultPolicyPredictionEnsemble.load' and kwargs: '{}'.
2025-03-03 19:06:31,910 [INFO ]  Rasa server is up and running.
2025-03-03 19:06:31,910 [INFO ]  Enabling coroutine debugging. Loop id 13293105408.
2025-03-03 19:06:34,567 [DEBUG]  Issuing ticket for conversation 'PractikumStudent'.
2025-03-03 19:06:34,568 [DEBUG]  Acquiring lock for conversation 'PractikumStudent'.
2025-03-03 19:06:34,568 [DEBUG]  Acquired lock for conversation 'PractikumStudent'.
2025-03-03 19:06:34,568 [DEBUG]  Could not find tracker for conversation ID 'PractikumStudent'.
2025-03-03 19:06:34,568 [DEBUG]  No event broker configured. Skipping streaming events.
2025-03-03 19:06:34,569 [DEBUG]  Starting a new session for conversation ID 'PractikumStudent'.
2025-03-03 19:06:34,573 [DEBUG]  [[32m[1mdebug    [0m] [1mprocessor.actions.policy_prediction[0m [36mprediction_events[0m=[35m[][0m
2025-03-03 19:06:34,574 [DEBUG]  [[32m[1mdebug    [0m] [1mprocessor.actions.log         [0m [36maction_name[0m=[35maction_session_start[0m [36mrasa_events[0m=[35m[<rasa.shared.core.events.SessionStarted object at 0x36d4c1a50>, ActionExecuted(action: action_listen, policy: None, confidence: None)][0m
2025-03-03 19:06:34,574 [DEBUG]  [[32m[1mdebug    [0m] [1mprocessor.slots.log           [0m [36mslot_values[0m=[35m	topic: None
	session_started_metadata: None[0m
2025-03-03 19:06:34,575 [DEBUG]  Running graph with inputs: {'__message__': [<rasa.core.channels.channel.UserMessage object at 0x36fb41960>], '__tracker__': <rasa.shared.core.trackers.DialogueStateTracker object at 0x36fb41240>}, targets: ['run_RegexMessageHandler'] and ExecutionContext(model_id='265e9dde47834dc18ebb101163c32b8a', should_add_diagnostic_data=False, is_finetuning=False, node_name=None).
2025-03-03 19:06:34,576 [DEBUG]  Node 'nlu_message_converter' running 'NLUMessageConverter.convert_user_message'.
2025-03-03 19:06:34,576 [DEBUG]  Node 'run_WhitespaceTokenizer0' running 'WhitespaceTokenizer.process'.
2025-03-03 19:06:34,578 [DEBUG]  Node 'run_RegexFeaturizer1' running 'RegexFeaturizer.process'.
2025-03-03 19:06:34,579 [DEBUG]  Node 'run_LexicalSyntacticFeaturizer2' running 'LexicalSyntacticFeaturizer.process'.
2025-03-03 19:06:34,579 [DEBUG]  Node 'run_CountVectorsFeaturizer3' running 'CountVectorsFeaturizer.process'.
2025-03-03 19:06:34,580 [DEBUG]  Node 'run_LanguageModelFeaturizer4' running 'LanguageModelFeaturizer.process'.
2025-03-03 19:06:34,684 [DEBUG]  Node 'run_DIETClassifier5' running 'DIETClassifier.process'.
2025-03-03 19:06:34,739 [DEBUG]  Node 'run_EntitySynonymMapper6' running 'EntitySynonymMapper.process'.
2025-03-03 19:06:34,739 [DEBUG]  Node 'run_ResponseSelector7' running 'ResponseSelector.process'.
2025-03-03 19:06:34,739 [DEBUG]  There is no trained model for 'ResponseSelector': The component is either not trained or didn't receive enough training data.
2025-03-03 19:06:34,739 [DEBUG]  Adding following selector key to message property: default
2025-03-03 19:06:34,739 [DEBUG]  Node 'domain_provider' running 'DomainProvider.provide_inference'.
2025-03-03 19:06:34,739 [DEBUG]  Node 'run_RegexMessageHandler' running 'RegexMessageHandler.process'.
2025-03-03 19:06:34,739 [DEBUG]  [[32m[1mdebug    [0m] [1mprocessor.message.parse       [0m [36mparse_data_entities[0m=[35m[][0m [36mparse_data_intent[0m=[35m{'name': 'deny', 'confidence': 0.6356037855148315}[0m [36mparse_data_text[0m=[35mtest[0m
2025-03-03 19:06:34,739 [DEBUG]  Logged UserUtterance - tracker now has 4 events.
2025-03-03 19:06:34,741 [DEBUG]  Validating extracted slots: topic
2025-03-03 19:06:34,741 [DEBUG]  [[32m[1mdebug    [0m] [1mprocessor.extract.slots       [0m [36maction_extract_slot[0m=[35maction_extract_slots[0m [36mlen_extraction_events[0m=[35m1[0m [36mrasa_events[0m=[35m[SlotSet(key: topic, value: test)][0m
2025-03-03 19:06:34,741 [DEBUG]  Running graph with inputs: {'__tracker__': <rasa.shared.core.trackers.DialogueStateTracker object at 0x36fb41240>}, targets: ['select_prediction'] and ExecutionContext(model_id='265e9dde47834dc18ebb101163c32b8a', should_add_diagnostic_data=False, is_finetuning=False, node_name=None).
2025-03-03 19:06:34,741 [DEBUG]  Node 'rule_only_data_provider' running 'RuleOnlyDataProvider.provide'.
2025-03-03 19:06:34,741 [DEBUG]  Node 'domain_provider' running 'DomainProvider.provide_inference'.
2025-03-03 19:06:34,741 [DEBUG]  Node 'run_MemoizationPolicy0' running 'MemoizationPolicy.predict_action_probabilities'.
2025-03-03 19:06:34,742 [DEBUG]  [[32m[1mdebug    [0m] [1mmemoization.predict.actions   [0m [36mtracker_states[0m=[35m[{}, {'user': {'intent': 'deny'}, 'prev_action': {'action_name': 'action_listen'}}][0m
2025-03-03 19:06:34,742 [DEBUG]  There is no memorised next action
2025-03-03 19:06:34,742 [DEBUG]  Node 'run_RulePolicy1' running 'RulePolicy.predict_action_probabilities'.
2025-03-03 19:06:34,742 [DEBUG]  [[32m[1mdebug    [0m] [1mrule_policy.actions.find      [0m [36mcurrent_states[0m=[35m
[state 1] user text: test | previous action name: action_listen[0m
2025-03-03 19:06:34,742 [DEBUG]  There is no applicable rule.
2025-03-03 19:06:34,742 [DEBUG]  [[32m[1mdebug    [0m] [1mrule_policy.actions.find      [0m [36mcurrent_states[0m=[35m
[state 1] user intent: deny | previous action name: action_listen[0m
2025-03-03 19:06:34,742 [DEBUG]  There is no applicable rule.
2025-03-03 19:06:34,742 [DEBUG]  Node 'run_TEDPolicy2' running 'TEDPolicy.predict_action_probabilities'.
2025-03-03 19:06:34,744 [DEBUG]  TED predicted 'action_back' based on user intent.
2025-03-03 19:06:34,744 [DEBUG]  Node 'select_prediction' running 'DefaultPolicyPredictionEnsemble.combine_predictions_from_kwargs'.
2025-03-03 19:06:34,744 [DEBUG]  Made prediction using user intent.
2025-03-03 19:06:34,744 [DEBUG]  Added `DefinePrevUserUtteredFeaturization(False)` event.
2025-03-03 19:06:34,744 [DEBUG]  Predicted next action using RulePolicy.
2025-03-03 19:06:34,744 [DEBUG]  Predicted next action 'action_default_fallback' with confidence 0.30.
2025-03-03 19:06:34,744 [DEBUG]  [[32m[1mdebug    [0m] [1mprocessor.actions.policy_prediction[0m [36mprediction_events[0m=[35m[<rasa.shared.core.events.DefinePrevUserUtteredFeaturization object at 0x36d522c80>][0m
2025-03-03 19:06:34,744 [DEBUG]  [[32m[1mdebug    [0m] [1mprocessor.actions.log         [0m [36maction_name[0m=[35maction_default_fallback[0m [36mrasa_events[0m=[35m[<rasa.shared.core.events.UserUtteranceReverted object at 0x36d521570>][0m
2025-03-03 19:06:34,744 [DEBUG]  [[32m[1mdebug    [0m] [1mprocessor.slots.log           [0m [36mslot_values[0m=[35m	topic: None
	session_started_metadata: None[0m
2025-03-03 19:06:34,744 [DEBUG]  Predicted next action 'action_listen' with confidence 1.00.
2025-03-03 19:06:34,744 [DEBUG]  [[32m[1mdebug    [0m] [1mprocessor.actions.policy_prediction[0m [36mprediction_events[0m=[35m[][0m
2025-03-03 19:06:34,745 [DEBUG]  [[32m[1mdebug    [0m] [1mprocessor.actions.log         [0m [36maction_name[0m=[35maction_listen[0m [36mrasa_events[0m=[35m[][0m
2025-03-03 19:06:34,745 [DEBUG]  No event broker configured. Skipping streaming events.
2025-03-03 19:06:34,745 [DEBUG]  Deleted lock for conversation 'PractikumStudent'.
2025-03-03 19:06:43,907 [DEBUG]  Issuing ticket for conversation 'PractikumStudent'.
2025-03-03 19:06:43,908 [DEBUG]  Acquiring lock for conversation 'PractikumStudent'.
2025-03-03 19:06:43,908 [DEBUG]  Acquired lock for conversation 'PractikumStudent'.
2025-03-03 19:06:43,909 [DEBUG]  Recreating tracker for id 'PractikumStudent'
2025-03-03 19:06:43,911 [DEBUG]  Running graph with inputs: {'__message__': [<rasa.core.channels.channel.UserMessage object at 0x36fb41960>], '__tracker__': <rasa.shared.core.trackers.DialogueStateTracker object at 0x36fb41240>}, targets: ['run_RegexMessageHandler'] and ExecutionContext(model_id='265e9dde47834dc18ebb101163c32b8a', should_add_diagnostic_data=False, is_finetuning=False, node_name=None).
2025-03-03 19:06:43,912 [DEBUG]  Node 'nlu_message_converter' running 'NLUMessageConverter.convert_user_message'.
2025-03-03 19:06:43,912 [DEBUG]  Node 'run_WhitespaceTokenizer0' running 'WhitespaceTokenizer.process'.
2025-03-03 19:06:43,913 [DEBUG]  Node 'run_RegexFeaturizer1' running 'RegexFeaturizer.process'.
2025-03-03 19:06:43,913 [DEBUG]  Node 'run_LexicalSyntacticFeaturizer2' running 'LexicalSyntacticFeaturizer.process'.
2025-03-03 19:06:43,914 [DEBUG]  Node 'run_CountVectorsFeaturizer3' running 'CountVectorsFeaturizer.process'.
2025-03-03 19:06:43,915 [DEBUG]  Node 'run_LanguageModelFeaturizer4' running 'LanguageModelFeaturizer.process'.
2025-03-03 19:06:44,015 [DEBUG]  Node 'run_DIETClassifier5' running 'DIETClassifier.process'.
2025-03-03 19:06:44,017 [DEBUG]  Node 'run_EntitySynonymMapper6' running 'EntitySynonymMapper.process'.
2025-03-03 19:06:44,017 [DEBUG]  Node 'run_ResponseSelector7' running 'ResponseSelector.process'.
2025-03-03 19:06:44,017 [DEBUG]  There is no trained model for 'ResponseSelector': The component is either not trained or didn't receive enough training data.
2025-03-03 19:06:44,017 [DEBUG]  Adding following selector key to message property: default
2025-03-03 19:06:44,017 [DEBUG]  Node 'domain_provider' running 'DomainProvider.provide_inference'.
2025-03-03 19:06:44,017 [DEBUG]  Node 'run_RegexMessageHandler' running 'RegexMessageHandler.process'.
2025-03-03 19:06:44,017 [DEBUG]  [[32m[1mdebug    [0m] [1mprocessor.message.parse       [0m [36mparse_data_entities[0m=[35m[][0m [36mparse_data_intent[0m=[35m{'name': 'deny', 'confidence': 0.5519552230834961}[0m [36mparse_data_text[0m=[35mff[0m
2025-03-03 19:06:44,018 [DEBUG]  Logged UserUtterance - tracker now has 10 events.
2025-03-03 19:06:44,018 [DEBUG]  Validating extracted slots: topic
2025-03-03 19:06:44,018 [DEBUG]  [[32m[1mdebug    [0m] [1mprocessor.extract.slots       [0m [36maction_extract_slot[0m=[35maction_extract_slots[0m [36mlen_extraction_events[0m=[35m1[0m [36mrasa_events[0m=[35m[SlotSet(key: topic, value: ff)][0m
2025-03-03 19:06:44,018 [DEBUG]  Running graph with inputs: {'__tracker__': <rasa.shared.core.trackers.DialogueStateTracker object at 0x36fb41240>}, targets: ['select_prediction'] and ExecutionContext(model_id='265e9dde47834dc18ebb101163c32b8a', should_add_diagnostic_data=False, is_finetuning=False, node_name=None).
2025-03-03 19:06:44,018 [DEBUG]  Node 'rule_only_data_provider' running 'RuleOnlyDataProvider.provide'.
2025-03-03 19:06:44,018 [DEBUG]  Node 'domain_provider' running 'DomainProvider.provide_inference'.
2025-03-03 19:06:44,018 [DEBUG]  Node 'run_MemoizationPolicy0' running 'MemoizationPolicy.predict_action_probabilities'.
2025-03-03 19:06:44,018 [DEBUG]  [[32m[1mdebug    [0m] [1mmemoization.predict.actions   [0m [36mtracker_states[0m=[35m[{}, {'user': {'intent': 'deny'}, 'prev_action': {'action_name': 'action_listen'}}][0m
2025-03-03 19:06:44,018 [DEBUG]  There is no memorised next action
2025-03-03 19:06:44,018 [DEBUG]  Node 'run_RulePolicy1' running 'RulePolicy.predict_action_probabilities'.
2025-03-03 19:06:44,019 [DEBUG]  [[32m[1mdebug    [0m] [1mrule_policy.actions.find      [0m [36mcurrent_states[0m=[35m
[state 1] user text: ff | previous action name: action_listen[0m
2025-03-03 19:06:44,019 [DEBUG]  There is no applicable rule.
2025-03-03 19:06:44,019 [DEBUG]  [[32m[1mdebug    [0m] [1mrule_policy.actions.find      [0m [36mcurrent_states[0m=[35m
[state 1] user intent: deny | previous action name: action_listen[0m
2025-03-03 19:06:44,019 [DEBUG]  There is no applicable rule.
2025-03-03 19:06:44,019 [DEBUG]  Node 'run_TEDPolicy2' running 'TEDPolicy.predict_action_probabilities'.
2025-03-03 19:06:44,020 [DEBUG]  TED predicted 'action_back' based on user intent.
2025-03-03 19:06:44,020 [DEBUG]  Node 'select_prediction' running 'DefaultPolicyPredictionEnsemble.combine_predictions_from_kwargs'.
2025-03-03 19:06:44,021 [DEBUG]  Made prediction using user intent.
2025-03-03 19:06:44,021 [DEBUG]  Added `DefinePrevUserUtteredFeaturization(False)` event.
2025-03-03 19:06:44,021 [DEBUG]  Predicted next action using RulePolicy.
2025-03-03 19:06:44,021 [DEBUG]  Predicted next action 'action_default_fallback' with confidence 0.30.
2025-03-03 19:06:44,021 [DEBUG]  [[32m[1mdebug    [0m] [1mprocessor.actions.policy_prediction[0m [36mprediction_events[0m=[35m[<rasa.shared.core.events.DefinePrevUserUtteredFeaturization object at 0x36d5222c0>][0m
2025-03-03 19:06:44,021 [DEBUG]  [[32m[1mdebug    [0m] [1mprocessor.actions.log         [0m [36maction_name[0m=[35maction_default_fallback[0m [36mrasa_events[0m=[35m[<rasa.shared.core.events.UserUtteranceReverted object at 0x36d522350>][0m
2025-03-03 19:06:44,021 [DEBUG]  [[32m[1mdebug    [0m] [1mprocessor.slots.log           [0m [36mslot_values[0m=[35m	topic: None
	session_started_metadata: None[0m
2025-03-03 19:06:44,021 [DEBUG]  Predicted next action 'action_listen' with confidence 1.00.
2025-03-03 19:06:44,021 [DEBUG]  [[32m[1mdebug    [0m] [1mprocessor.actions.policy_prediction[0m [36mprediction_events[0m=[35m[][0m
2025-03-03 19:06:44,021 [DEBUG]  [[32m[1mdebug    [0m] [1mprocessor.actions.log         [0m [36maction_name[0m=[35maction_listen[0m [36mrasa_events[0m=[35m[][0m
2025-03-03 19:06:44,021 [DEBUG]  No event broker configured. Skipping streaming events.
2025-03-03 19:06:44,021 [DEBUG]  Deleted lock for conversation 'PractikumStudent'.
2025-03-03 19:17:10,338 [DEBUG]  Available web server routes: 
/conversations/<conversation_id:path>/messages     POST                           add_message
/conversations/<conversation_id:path>/tracker/events POST                           append_events
/webhooks/rasa                                     GET                            custom_webhook_RasaChatInput.health
/webhooks/rasa/webhook                             POST                           custom_webhook_RasaChatInput.receive
/webhooks/rest                                     GET                            custom_webhook_RestInput.health
/webhooks/rest/webhook                             POST                           custom_webhook_RestInput.receive
/model/test/intents                                POST                           evaluate_intents
/model/test/stories                                POST                           evaluate_stories
/conversations/<conversation_id:path>/execute      POST                           execute_action
/domain                                            GET                            get_domain
/                                                  GET                            hello
/model                                             PUT                            load_model
/model/parse                                       POST                           parse
/conversations/<conversation_id:path>/predict      POST                           predict
/conversations/<conversation_id:path>/tracker/events PUT                            replace_events
/conversations/<conversation_id:path>/story        GET                            retrieve_story
/conversations/<conversation_id:path>/tracker      GET                            retrieve_tracker
/status                                            GET                            status
/model/predict                                     POST                           tracker_predict
/model/train                                       POST                           train
/conversations/<conversation_id:path>/trigger_intent POST                           trigger_intent
/model                                             DELETE                         unload_model
/version                                           GET                            version
2025-03-03 19:17:10,338 [INFO ]  Starting Rasa server on http://0.0.0.0:5005
2025-03-03 19:17:10,338 [DEBUG]  Using the default number of Sanic workers (1).
2025-03-03 19:17:10,411 [DEBUG]  Skipping telemetry reporting: no license hash found.
2025-03-03 19:17:10,435 [DEBUG]  Connected to InMemoryTrackerStore.
2025-03-03 19:17:10,435 [DEBUG]  Connected to lock store 'InMemoryLockStore'.
2025-03-03 19:17:10,435 [DEBUG]  Instantiated NLG to 'TemplatedNaturalLanguageGenerator'.
2025-03-03 19:17:10,435 [INFO ]  Loading model models/20250303-191413-irregular-player.tar.gz...
2025-03-03 19:17:10,465 [DEBUG]  Extracted model to '/var/folders/d2/y1cj5jqj27v3r9jxvkp9xpb00000gn/T/tmp9hqocajl'.
2025-03-03 19:17:10,467 [DEBUG]  Node 'nlu_message_converter' loading 'NLUMessageConverter.load' and kwargs: '{}'.
2025-03-03 19:17:10,467 [DEBUG]  Node 'run_WhitespaceTokenizer0' loading 'WhitespaceTokenizer.load' and kwargs: '{}'.
2025-03-03 19:17:10,468 [DEBUG]  Node 'run_RegexFeaturizer1' loading 'RegexFeaturizer.load' and kwargs: '{}'.
2025-03-03 19:17:10,468 [DEBUG]  Resource 'train_RegexFeaturizer1' was requested for reading.
2025-03-03 19:17:10,468 [DEBUG]  Node 'run_LexicalSyntacticFeaturizer2' loading 'LexicalSyntacticFeaturizer.load' and kwargs: '{}'.
2025-03-03 19:17:10,468 [DEBUG]  Resource 'train_LexicalSyntacticFeaturizer2' was requested for reading.
2025-03-03 19:17:10,468 [DEBUG]  Node 'run_CountVectorsFeaturizer3' loading 'CountVectorsFeaturizer.load' and kwargs: '{}'.
2025-03-03 19:17:10,468 [DEBUG]  Resource 'train_CountVectorsFeaturizer3' was requested for reading.
2025-03-03 19:17:10,468 [DEBUG]  Node 'run_LanguageModelFeaturizer4' loading 'LanguageModelFeaturizer.load' and kwargs: '{}'.
2025-03-03 19:17:10,966 [DEBUG]  Loading Tokenizer and Model for bert
2025-03-03 19:17:10,967 [DEBUG]  Starting new HTTPS connection (1): huggingface.co:443
2025-03-03 19:17:11,219 [DEBUG]  https://huggingface.co:443 "HEAD /bert-base-cased/resolve/main/tokenizer_config.json HTTP/1.1" 200 0
2025-03-03 19:17:11,429 [DEBUG]  https://huggingface.co:443 "HEAD /bert-base-cased/resolve/main/config.json HTTP/1.1" 200 0
2025-03-03 19:17:12,646 [DEBUG]  Node 'run_DIETClassifier5' loading 'DIETClassifier.load' and kwargs: '{}'.
2025-03-03 19:17:12,646 [DEBUG]  Resource 'train_DIETClassifier5' was requested for reading.
2025-03-03 19:17:12,647 [DEBUG]  Loading the model from /var/folders/d2/y1cj5jqj27v3r9jxvkp9xpb00000gn/T/tmpn3227gij/train_DIETClassifier5/DIETClassifier.tf_model with finetune_mode=False...
2025-03-03 19:17:12,654 [DEBUG]  You specified 'DIET' to train entities, but no entities are present in the training data. Skipping training of entities.
2025-03-03 19:17:12,661 [DEBUG]  Following metrics will be logged during training: 
2025-03-03 19:17:12,661 [DEBUG]    t_loss (total loss)
2025-03-03 19:17:12,661 [DEBUG]    i_acc (intent acc)
2025-03-03 19:17:12,661 [DEBUG]    i_loss (intent loss)
2025-03-03 19:17:12,671 [WARNI]  At this time, the v2.11+ optimizer `tf.keras.optimizers.Adam` runs slowly on M1/M2 Macs, please use the legacy Keras optimizer instead, located at `tf.keras.optimizers.legacy.Adam`.
2025-03-03 19:17:12,672 [WARNI]  There is a known slowdown when using v2.11+ Keras optimizers on M1/M2 Macs. Falling back to the legacy Keras optimizer, i.e., `tf.keras.optimizers.legacy.Adam`.
2025-03-03 19:17:14,942 [DEBUG]  Finished loading the model.
2025-03-03 19:17:14,943 [DEBUG]  Node 'run_EntitySynonymMapper6' loading 'EntitySynonymMapper.load' and kwargs: '{}'.
2025-03-03 19:17:14,943 [DEBUG]  Resource 'train_EntitySynonymMapper6' was requested for reading.
2025-03-03 19:17:14,943 [DEBUG]  Failed to load ABCMeta from model storage. Resource 'train_EntitySynonymMapper6' doesn't exist.
2025-03-03 19:17:14,943 [DEBUG]  Node 'run_ResponseSelector7' loading 'ResponseSelector.load' and kwargs: '{}'.
2025-03-03 19:17:14,943 [DEBUG]  Resource 'train_ResponseSelector7' was requested for reading.
2025-03-03 19:17:14,943 [DEBUG]  Failed to load ABCMeta from model storage. Resource 'train_ResponseSelector7' doesn't exist.
2025-03-03 19:17:14,943 [DEBUG]  Resource 'train_ResponseSelector7' was requested for reading.
2025-03-03 19:17:14,943 [DEBUG]  Failed to load ResponseSelector from model storage. Resource 'train_ResponseSelector7' doesn't exist.
2025-03-03 19:17:14,943 [DEBUG]  Node 'run_RegexMessageHandler' loading 'RegexMessageHandler.load' and kwargs: '{}'.
2025-03-03 19:17:14,943 [DEBUG]  Node 'domain_provider' loading 'DomainProvider.load' and kwargs: '{}'.
2025-03-03 19:17:14,943 [DEBUG]  Resource 'domain_provider' was requested for reading.
2025-03-03 19:17:14,952 [DEBUG]  Node 'run_MemoizationPolicy0' loading 'MemoizationPolicy.load' and kwargs: '{}'.
2025-03-03 19:17:14,952 [DEBUG]  Resource 'train_MemoizationPolicy0' was requested for reading.
2025-03-03 19:17:14,952 [DEBUG]  Node 'run_RulePolicy1' loading 'RulePolicy.load' and kwargs: '{}'.
2025-03-03 19:17:14,952 [DEBUG]  Resource 'train_RulePolicy1' was requested for reading.
2025-03-03 19:17:14,952 [DEBUG]  Node 'run_TEDPolicy2' loading 'TEDPolicy.load' and kwargs: '{}'.
2025-03-03 19:17:14,952 [DEBUG]  Resource 'train_TEDPolicy2' was requested for reading.
2025-03-03 19:17:14,953 [DEBUG]  Loading the model from /var/folders/d2/y1cj5jqj27v3r9jxvkp9xpb00000gn/T/tmpn3227gij/train_TEDPolicy2/ted_policy.tf_model with finetune_mode=False...
2025-03-03 19:17:14,972 [WARNI]  At this time, the v2.11+ optimizer `tf.keras.optimizers.Adam` runs slowly on M1/M2 Macs, please use the legacy Keras optimizer instead, located at `tf.keras.optimizers.legacy.Adam`.
2025-03-03 19:17:14,973 [WARNI]  There is a known slowdown when using v2.11+ Keras optimizers on M1/M2 Macs. Falling back to the legacy Keras optimizer, i.e., `tf.keras.optimizers.legacy.Adam`.
2025-03-03 19:17:17,883 [DEBUG]  Finished loading the model.
2025-03-03 19:17:17,883 [DEBUG]  Node 'rule_only_data_provider' loading 'RuleOnlyDataProvider.load' and kwargs: '{}'.
2025-03-03 19:17:17,883 [DEBUG]  Resource 'train_RulePolicy1' was requested for reading.
2025-03-03 19:17:17,884 [DEBUG]  Node 'select_prediction' loading 'DefaultPolicyPredictionEnsemble.load' and kwargs: '{}'.
2025-03-03 19:17:17,887 [INFO ]  Rasa server is up and running.
2025-03-03 19:17:17,887 [INFO ]  Enabling coroutine debugging. Loop id 13387394944.
2025-03-03 19:17:19,222 [DEBUG]  Issuing ticket for conversation 'PractikumStudent'.
2025-03-03 19:17:19,223 [DEBUG]  Acquiring lock for conversation 'PractikumStudent'.
2025-03-03 19:17:19,223 [DEBUG]  Acquired lock for conversation 'PractikumStudent'.
2025-03-03 19:17:19,223 [DEBUG]  Could not find tracker for conversation ID 'PractikumStudent'.
2025-03-03 19:17:19,223 [DEBUG]  No event broker configured. Skipping streaming events.
2025-03-03 19:17:19,223 [DEBUG]  Starting a new session for conversation ID 'PractikumStudent'.
2025-03-03 19:17:19,227 [DEBUG]  [[32m[1mdebug    [0m] [1mprocessor.actions.policy_prediction[0m [36mprediction_events[0m=[35m[][0m
2025-03-03 19:17:19,228 [DEBUG]  [[32m[1mdebug    [0m] [1mprocessor.actions.log         [0m [36maction_name[0m=[35maction_session_start[0m [36mrasa_events[0m=[35m[<rasa.shared.core.events.SessionStarted object at 0x37a4c3af0>, ActionExecuted(action: action_listen, policy: None, confidence: None)][0m
2025-03-03 19:17:19,228 [DEBUG]  [[32m[1mdebug    [0m] [1mprocessor.slots.log           [0m [36mslot_values[0m=[35m	topic: None
	session_started_metadata: None[0m
2025-03-03 19:17:19,228 [DEBUG]  Running graph with inputs: {'__message__': [<rasa.core.channels.channel.UserMessage object at 0x37e1a7fd0>], '__tracker__': <rasa.shared.core.trackers.DialogueStateTracker object at 0x378051690>}, targets: ['run_RegexMessageHandler'] and ExecutionContext(model_id='3390a47f4b2e410dbf4b11076c8fc747', should_add_diagnostic_data=False, is_finetuning=False, node_name=None).
2025-03-03 19:17:19,229 [DEBUG]  Node 'nlu_message_converter' running 'NLUMessageConverter.convert_user_message'.
2025-03-03 19:17:19,229 [DEBUG]  Node 'run_WhitespaceTokenizer0' running 'WhitespaceTokenizer.process'.
2025-03-03 19:17:19,231 [DEBUG]  Node 'run_RegexFeaturizer1' running 'RegexFeaturizer.process'.
2025-03-03 19:17:19,232 [DEBUG]  Node 'run_LexicalSyntacticFeaturizer2' running 'LexicalSyntacticFeaturizer.process'.
2025-03-03 19:17:19,232 [DEBUG]  Node 'run_CountVectorsFeaturizer3' running 'CountVectorsFeaturizer.process'.
2025-03-03 19:17:19,234 [DEBUG]  Node 'run_LanguageModelFeaturizer4' running 'LanguageModelFeaturizer.process'.
2025-03-03 19:17:19,387 [DEBUG]  Node 'run_DIETClassifier5' running 'DIETClassifier.process'.
2025-03-03 19:17:19,452 [DEBUG]  Node 'run_EntitySynonymMapper6' running 'EntitySynonymMapper.process'.
2025-03-03 19:17:19,452 [DEBUG]  Node 'run_ResponseSelector7' running 'ResponseSelector.process'.
2025-03-03 19:17:19,452 [DEBUG]  There is no trained model for 'ResponseSelector': The component is either not trained or didn't receive enough training data.
2025-03-03 19:17:19,452 [DEBUG]  Adding following selector key to message property: default
2025-03-03 19:17:19,452 [DEBUG]  Node 'domain_provider' running 'DomainProvider.provide_inference'.
2025-03-03 19:17:19,452 [DEBUG]  Node 'run_RegexMessageHandler' running 'RegexMessageHandler.process'.
2025-03-03 19:17:19,452 [DEBUG]  [[32m[1mdebug    [0m] [1mprocessor.message.parse       [0m [36mparse_data_entities[0m=[35m[][0m [36mparse_data_intent[0m=[35m{'name': 'goodbye', 'confidence': 0.3134571611881256}[0m [36mparse_data_text[0m=[35me[0m
2025-03-03 19:17:19,453 [DEBUG]  Logged UserUtterance - tracker now has 4 events.
2025-03-03 19:17:19,453 [DEBUG]  Validating extracted slots: topic
2025-03-03 19:17:19,453 [DEBUG]  [[32m[1mdebug    [0m] [1mprocessor.extract.slots       [0m [36maction_extract_slot[0m=[35maction_extract_slots[0m [36mlen_extraction_events[0m=[35m1[0m [36mrasa_events[0m=[35m[SlotSet(key: topic, value: e)][0m
2025-03-03 19:17:19,453 [DEBUG]  Running graph with inputs: {'__tracker__': <rasa.shared.core.trackers.DialogueStateTracker object at 0x378051690>}, targets: ['select_prediction'] and ExecutionContext(model_id='3390a47f4b2e410dbf4b11076c8fc747', should_add_diagnostic_data=False, is_finetuning=False, node_name=None).
2025-03-03 19:17:19,454 [DEBUG]  Node 'rule_only_data_provider' running 'RuleOnlyDataProvider.provide'.
2025-03-03 19:17:19,454 [DEBUG]  Node 'domain_provider' running 'DomainProvider.provide_inference'.
2025-03-03 19:17:19,454 [DEBUG]  Node 'run_MemoizationPolicy0' running 'MemoizationPolicy.predict_action_probabilities'.
2025-03-03 19:17:19,454 [DEBUG]  [[32m[1mdebug    [0m] [1mmemoization.predict.actions   [0m [36mtracker_states[0m=[35m[{}, {'user': {'intent': 'goodbye'}, 'prev_action': {'action_name': 'action_listen'}}][0m
2025-03-03 19:17:19,454 [DEBUG]  There is a memorised next action 'utter_goodbye'
2025-03-03 19:17:19,454 [DEBUG]  Node 'run_RulePolicy1' running 'RulePolicy.predict_action_probabilities'.
2025-03-03 19:17:19,454 [DEBUG]  [[32m[1mdebug    [0m] [1mrule_policy.actions.find      [0m [36mcurrent_states[0m=[35m
[state 1] user text: e | previous action name: action_listen[0m
2025-03-03 19:17:19,454 [DEBUG]  There is no applicable rule.
2025-03-03 19:17:19,454 [DEBUG]  [[32m[1mdebug    [0m] [1mrule_policy.actions.find      [0m [36mcurrent_states[0m=[35m
[state 1] user intent: goodbye | previous action name: action_listen[0m
2025-03-03 19:17:19,454 [DEBUG]  There is a rule for the next action 'utter_goodbye'.
2025-03-03 19:17:19,454 [DEBUG]  Node 'run_TEDPolicy2' running 'TEDPolicy.predict_action_probabilities'.
2025-03-03 19:17:19,456 [DEBUG]  TED predicted 'action_default_ask_rephrase' based on user intent.
2025-03-03 19:17:19,456 [DEBUG]  Node 'select_prediction' running 'DefaultPolicyPredictionEnsemble.combine_predictions_from_kwargs'.
2025-03-03 19:17:19,456 [DEBUG]  Made prediction using user intent.
2025-03-03 19:17:19,456 [DEBUG]  Added `DefinePrevUserUtteredFeaturization(False)` event.
2025-03-03 19:17:19,456 [DEBUG]  Predicted next action using RulePolicy.
2025-03-03 19:17:19,456 [DEBUG]  Predicted next action 'utter_goodbye' with confidence 1.00.
2025-03-03 19:17:19,458 [DEBUG]  [[32m[1mdebug    [0m] [1mprocessor.actions.policy_prediction[0m [36mprediction_events[0m=[35m[<rasa.shared.core.events.DefinePrevUserUtteredFeaturization object at 0x37a4c0610>][0m
2025-03-03 19:17:19,458 [DEBUG]  [[32m[1mdebug    [0m] [1mprocessor.actions.log         [0m [36maction_name[0m=[35mutter_goodbye[0m [36mrasa_events[0m=[35m[BotUttered('До свидания! Если появятся вопросы по архитектуре ПО, обращайтесь.', {"elements": null, "quick_replies": null, "buttons": null, "attachment": null, "image": null, "custom": null}, {"utter_action": "utter_goodbye"}, 1741025839.4583292)][0m
2025-03-03 19:17:19,458 [DEBUG]  Running graph with inputs: {'__tracker__': <rasa.shared.core.trackers.DialogueStateTracker object at 0x378051690>}, targets: ['select_prediction'] and ExecutionContext(model_id='3390a47f4b2e410dbf4b11076c8fc747', should_add_diagnostic_data=False, is_finetuning=False, node_name=None).
2025-03-03 19:17:19,458 [DEBUG]  Node 'rule_only_data_provider' running 'RuleOnlyDataProvider.provide'.
2025-03-03 19:17:19,458 [DEBUG]  Node 'domain_provider' running 'DomainProvider.provide_inference'.
2025-03-03 19:17:19,458 [DEBUG]  Node 'run_MemoizationPolicy0' running 'MemoizationPolicy.predict_action_probabilities'.
2025-03-03 19:17:19,458 [DEBUG]  [[32m[1mdebug    [0m] [1mmemoization.predict.actions   [0m [36mtracker_states[0m=[35m[{'user': {'intent': 'goodbye'}, 'prev_action': {'action_name': 'action_listen'}}, {'user': {'intent': 'goodbye'}, 'prev_action': {'action_name': 'utter_goodbye'}}][0m
2025-03-03 19:17:19,460 [DEBUG]  There is a memorised next action 'action_listen'
2025-03-03 19:17:19,460 [DEBUG]  Node 'run_RulePolicy1' running 'RulePolicy.predict_action_probabilities'.
2025-03-03 19:17:19,460 [DEBUG]  [[32m[1mdebug    [0m] [1mrule_policy.actions.find      [0m [36mcurrent_states[0m=[35m
[state 1] user intent: goodbye | previous action name: action_listen
[state 2] user intent: goodbye | previous action name: utter_goodbye[0m
2025-03-03 19:17:19,460 [DEBUG]  There is a rule for the next action 'action_listen'.
2025-03-03 19:17:19,460 [DEBUG]  Node 'run_TEDPolicy2' running 'TEDPolicy.predict_action_probabilities'.
2025-03-03 19:17:19,461 [DEBUG]  TED predicted 'action_two_stage_fallback' based on user intent.
2025-03-03 19:17:19,461 [DEBUG]  Node 'select_prediction' running 'DefaultPolicyPredictionEnsemble.combine_predictions_from_kwargs'.
2025-03-03 19:17:19,462 [DEBUG]  Predicted next action using RulePolicy.
2025-03-03 19:17:19,462 [DEBUG]  Predicted next action 'action_listen' with confidence 1.00.
2025-03-03 19:17:19,462 [DEBUG]  [[32m[1mdebug    [0m] [1mprocessor.actions.policy_prediction[0m [36mprediction_events[0m=[35m[][0m
2025-03-03 19:17:19,462 [DEBUG]  [[32m[1mdebug    [0m] [1mprocessor.actions.log         [0m [36maction_name[0m=[35maction_listen[0m [36mrasa_events[0m=[35m[][0m
2025-03-03 19:17:19,462 [DEBUG]  No event broker configured. Skipping streaming events.
2025-03-03 19:17:19,462 [DEBUG]  Deleted lock for conversation 'PractikumStudent'.
2025-03-03 19:17:22,824 [DEBUG]  Issuing ticket for conversation 'PractikumStudent'.
2025-03-03 19:17:22,824 [DEBUG]  Acquiring lock for conversation 'PractikumStudent'.
2025-03-03 19:17:22,824 [DEBUG]  Acquired lock for conversation 'PractikumStudent'.
2025-03-03 19:17:22,824 [DEBUG]  Recreating tracker for id 'PractikumStudent'
2025-03-03 19:17:22,826 [DEBUG]  Running graph with inputs: {'__message__': [<rasa.core.channels.channel.UserMessage object at 0x31e112590>], '__tracker__': <rasa.shared.core.trackers.DialogueStateTracker object at 0x378051e10>}, targets: ['run_RegexMessageHandler'] and ExecutionContext(model_id='3390a47f4b2e410dbf4b11076c8fc747', should_add_diagnostic_data=False, is_finetuning=False, node_name=None).
2025-03-03 19:17:22,826 [DEBUG]  Node 'nlu_message_converter' running 'NLUMessageConverter.convert_user_message'.
2025-03-03 19:17:22,826 [DEBUG]  Node 'run_WhitespaceTokenizer0' running 'WhitespaceTokenizer.process'.
2025-03-03 19:17:22,827 [DEBUG]  Node 'run_RegexFeaturizer1' running 'RegexFeaturizer.process'.
2025-03-03 19:17:22,827 [DEBUG]  Node 'run_LexicalSyntacticFeaturizer2' running 'LexicalSyntacticFeaturizer.process'.
2025-03-03 19:17:22,827 [DEBUG]  Node 'run_CountVectorsFeaturizer3' running 'CountVectorsFeaturizer.process'.
2025-03-03 19:17:22,829 [DEBUG]  Node 'run_LanguageModelFeaturizer4' running 'LanguageModelFeaturizer.process'.
2025-03-03 19:17:22,933 [DEBUG]  Node 'run_DIETClassifier5' running 'DIETClassifier.process'.
2025-03-03 19:17:22,935 [DEBUG]  Node 'run_EntitySynonymMapper6' running 'EntitySynonymMapper.process'.
2025-03-03 19:17:22,935 [DEBUG]  Node 'run_ResponseSelector7' running 'ResponseSelector.process'.
2025-03-03 19:17:22,935 [DEBUG]  There is no trained model for 'ResponseSelector': The component is either not trained or didn't receive enough training data.
2025-03-03 19:17:22,935 [DEBUG]  Adding following selector key to message property: default
2025-03-03 19:17:22,935 [DEBUG]  Node 'domain_provider' running 'DomainProvider.provide_inference'.
2025-03-03 19:17:22,935 [DEBUG]  Node 'run_RegexMessageHandler' running 'RegexMessageHandler.process'.
2025-03-03 19:17:22,936 [DEBUG]  [[32m[1mdebug    [0m] [1mprocessor.message.parse       [0m [36mparse_data_entities[0m=[35m[][0m [36mparse_data_intent[0m=[35m{'name': 'ask_architecture', 'confidence': 0.37323376536369324}[0m [36mparse_data_text[0m=[35mпривет[0m
2025-03-03 19:17:22,936 [DEBUG]  Logged UserUtterance - tracker now has 10 events.
2025-03-03 19:17:22,936 [DEBUG]  Validating extracted slots: topic
2025-03-03 19:17:22,936 [DEBUG]  [[32m[1mdebug    [0m] [1mprocessor.extract.slots       [0m [36maction_extract_slot[0m=[35maction_extract_slots[0m [36mlen_extraction_events[0m=[35m1[0m [36mrasa_events[0m=[35m[SlotSet(key: topic, value: привет)][0m
2025-03-03 19:17:22,936 [DEBUG]  Running graph with inputs: {'__tracker__': <rasa.shared.core.trackers.DialogueStateTracker object at 0x378051e10>}, targets: ['select_prediction'] and ExecutionContext(model_id='3390a47f4b2e410dbf4b11076c8fc747', should_add_diagnostic_data=False, is_finetuning=False, node_name=None).
2025-03-03 19:17:22,936 [DEBUG]  Node 'rule_only_data_provider' running 'RuleOnlyDataProvider.provide'.
2025-03-03 19:17:22,936 [DEBUG]  Node 'domain_provider' running 'DomainProvider.provide_inference'.
2025-03-03 19:17:22,936 [DEBUG]  Node 'run_MemoizationPolicy0' running 'MemoizationPolicy.predict_action_probabilities'.
2025-03-03 19:17:22,936 [DEBUG]  [[32m[1mdebug    [0m] [1mmemoization.predict.actions   [0m [36mtracker_states[0m=[35m[{'user': {'intent': 'goodbye'}, 'prev_action': {'action_name': 'utter_goodbye'}}, {'user': {'intent': 'ask_architecture'}, 'prev_action': {'action_name': 'action_listen'}}][0m
2025-03-03 19:17:22,936 [DEBUG]  There is no memorised next action
2025-03-03 19:17:22,937 [DEBUG]  Node 'run_RulePolicy1' running 'RulePolicy.predict_action_probabilities'.
2025-03-03 19:17:22,937 [DEBUG]  [[32m[1mdebug    [0m] [1mrule_policy.actions.find      [0m [36mcurrent_states[0m=[35m
[state 1] user intent: goodbye | previous action name: action_listen
[state 2] user intent: goodbye | previous action name: utter_goodbye
[state 3] user text: привет | previous action name: action_listen[0m
2025-03-03 19:17:22,937 [DEBUG]  There is no applicable rule.
2025-03-03 19:17:22,937 [DEBUG]  [[32m[1mdebug    [0m] [1mrule_policy.actions.find      [0m [36mcurrent_states[0m=[35m
[state 1] user intent: goodbye | previous action name: action_listen
[state 2] user intent: goodbye | previous action name: utter_goodbye
[state 3] user intent: ask_architecture | previous action name: action_listen[0m
2025-03-03 19:17:22,937 [DEBUG]  There is a rule for the next action 'utter_architecture_response'.
2025-03-03 19:17:22,937 [DEBUG]  Node 'run_TEDPolicy2' running 'TEDPolicy.predict_action_probabilities'.
2025-03-03 19:17:22,939 [DEBUG]  TED predicted 'action_session_start' based on user intent.
2025-03-03 19:17:22,939 [DEBUG]  Node 'select_prediction' running 'DefaultPolicyPredictionEnsemble.combine_predictions_from_kwargs'.
2025-03-03 19:17:22,939 [DEBUG]  Made prediction using user intent.
2025-03-03 19:17:22,939 [DEBUG]  Added `DefinePrevUserUtteredFeaturization(False)` event.
2025-03-03 19:17:22,939 [DEBUG]  Predicted next action using RulePolicy.
2025-03-03 19:17:22,939 [DEBUG]  Predicted next action 'utter_architecture_response' with confidence 1.00.
2025-03-03 19:17:22,939 [DEBUG]  [[32m[1mdebug    [0m] [1mprocessor.actions.policy_prediction[0m [36mprediction_events[0m=[35m[<rasa.shared.core.events.DefinePrevUserUtteredFeaturization object at 0x37a4c1b40>][0m
2025-03-03 19:17:22,939 [DEBUG]  [[32m[1mdebug    [0m] [1mprocessor.actions.log         [0m [36maction_name[0m=[35mutter_architecture_response[0m [36mrasa_events[0m=[35m[BotUttered('Архитектура ПО включает выбор структур, которые обеспечивают масштабируемость, гибкость и поддерживаемость приложения. Задайте конкретный вопрос по этой теме, и я помогу вам с информацией.', {"elements": null, "quick_replies": null, "buttons": null, "attachment": null, "image": null, "custom": null}, {"utter_action": "utter_architecture_response"}, 1741025842.939507)][0m
2025-03-03 19:17:22,939 [DEBUG]  Running graph with inputs: {'__tracker__': <rasa.shared.core.trackers.DialogueStateTracker object at 0x378051e10>}, targets: ['select_prediction'] and ExecutionContext(model_id='3390a47f4b2e410dbf4b11076c8fc747', should_add_diagnostic_data=False, is_finetuning=False, node_name=None).
2025-03-03 19:17:22,939 [DEBUG]  Node 'rule_only_data_provider' running 'RuleOnlyDataProvider.provide'.
2025-03-03 19:17:22,939 [DEBUG]  Node 'domain_provider' running 'DomainProvider.provide_inference'.
2025-03-03 19:17:22,939 [DEBUG]  Node 'run_MemoizationPolicy0' running 'MemoizationPolicy.predict_action_probabilities'.
2025-03-03 19:17:22,940 [DEBUG]  [[32m[1mdebug    [0m] [1mmemoization.predict.actions   [0m [36mtracker_states[0m=[35m[{'user': {'intent': 'ask_architecture'}, 'prev_action': {'action_name': 'action_listen'}}, {'user': {'intent': 'ask_architecture'}, 'prev_action': {'action_name': 'utter_architecture_response'}}][0m
2025-03-03 19:17:22,940 [DEBUG]  There is a memorised next action 'action_listen'
2025-03-03 19:17:22,940 [DEBUG]  Node 'run_RulePolicy1' running 'RulePolicy.predict_action_probabilities'.
2025-03-03 19:17:22,940 [DEBUG]  [[32m[1mdebug    [0m] [1mrule_policy.actions.find      [0m [36mcurrent_states[0m=[35m
[state 1] user intent: goodbye | previous action name: action_listen
[state 2] user intent: goodbye | previous action name: utter_goodbye
[state 3] user intent: ask_architecture | previous action name: action_listen
[state 4] user intent: ask_architecture | previous action name: utter_architecture_response[0m
2025-03-03 19:17:22,940 [DEBUG]  There is a rule for the next action 'action_listen'.
2025-03-03 19:17:22,940 [DEBUG]  Node 'run_TEDPolicy2' running 'TEDPolicy.predict_action_probabilities'.
2025-03-03 19:17:22,941 [DEBUG]  TED predicted 'action_two_stage_fallback' based on user intent.
2025-03-03 19:17:22,941 [DEBUG]  Node 'select_prediction' running 'DefaultPolicyPredictionEnsemble.combine_predictions_from_kwargs'.
2025-03-03 19:17:22,941 [DEBUG]  Predicted next action using RulePolicy.
2025-03-03 19:17:22,942 [DEBUG]  Predicted next action 'action_listen' with confidence 1.00.
2025-03-03 19:17:22,942 [DEBUG]  [[32m[1mdebug    [0m] [1mprocessor.actions.policy_prediction[0m [36mprediction_events[0m=[35m[][0m
2025-03-03 19:17:22,942 [DEBUG]  [[32m[1mdebug    [0m] [1mprocessor.actions.log         [0m [36maction_name[0m=[35maction_listen[0m [36mrasa_events[0m=[35m[][0m
2025-03-03 19:17:22,942 [DEBUG]  No event broker configured. Skipping streaming events.
2025-03-03 19:17:22,942 [DEBUG]  Deleted lock for conversation 'PractikumStudent'.
2025-03-03 19:17:26,337 [DEBUG]  Issuing ticket for conversation 'PractikumStudent'.
2025-03-03 19:17:26,337 [DEBUG]  Acquiring lock for conversation 'PractikumStudent'.
2025-03-03 19:17:26,338 [DEBUG]  Acquired lock for conversation 'PractikumStudent'.
2025-03-03 19:17:26,338 [DEBUG]  Recreating tracker for id 'PractikumStudent'
2025-03-03 19:17:26,341 [DEBUG]  Running graph with inputs: {'__message__': [<rasa.core.channels.channel.UserMessage object at 0x37e1c8c10>], '__tracker__': <rasa.shared.core.trackers.DialogueStateTracker object at 0x378051690>}, targets: ['run_RegexMessageHandler'] and ExecutionContext(model_id='3390a47f4b2e410dbf4b11076c8fc747', should_add_diagnostic_data=False, is_finetuning=False, node_name=None).
2025-03-03 19:17:26,342 [DEBUG]  Node 'nlu_message_converter' running 'NLUMessageConverter.convert_user_message'.
2025-03-03 19:17:26,342 [DEBUG]  Node 'run_WhitespaceTokenizer0' running 'WhitespaceTokenizer.process'.
2025-03-03 19:17:26,342 [DEBUG]  Node 'run_RegexFeaturizer1' running 'RegexFeaturizer.process'.
2025-03-03 19:17:26,342 [DEBUG]  Node 'run_LexicalSyntacticFeaturizer2' running 'LexicalSyntacticFeaturizer.process'.
2025-03-03 19:17:26,343 [DEBUG]  Node 'run_CountVectorsFeaturizer3' running 'CountVectorsFeaturizer.process'.
2025-03-03 19:17:26,345 [DEBUG]  Node 'run_LanguageModelFeaturizer4' running 'LanguageModelFeaturizer.process'.
2025-03-03 19:17:26,450 [DEBUG]  Node 'run_DIETClassifier5' running 'DIETClassifier.process'.
2025-03-03 19:17:26,453 [DEBUG]  Node 'run_EntitySynonymMapper6' running 'EntitySynonymMapper.process'.
2025-03-03 19:17:26,453 [DEBUG]  Node 'run_ResponseSelector7' running 'ResponseSelector.process'.
2025-03-03 19:17:26,453 [DEBUG]  There is no trained model for 'ResponseSelector': The component is either not trained or didn't receive enough training data.
2025-03-03 19:17:26,453 [DEBUG]  Adding following selector key to message property: default
2025-03-03 19:17:26,453 [DEBUG]  Node 'domain_provider' running 'DomainProvider.provide_inference'.
2025-03-03 19:17:26,453 [DEBUG]  Node 'run_RegexMessageHandler' running 'RegexMessageHandler.process'.
2025-03-03 19:17:26,453 [DEBUG]  [[32m[1mdebug    [0m] [1mprocessor.message.parse       [0m [36mparse_data_entities[0m=[35m[][0m [36mparse_data_intent[0m=[35m{'name': 'ask_architecture', 'confidence': 0.3811188340187073}[0m [36mparse_data_text[0m=[35mПривет[0m
2025-03-03 19:17:26,453 [DEBUG]  Logged UserUtterance - tracker now has 16 events.
2025-03-03 19:17:26,453 [DEBUG]  Validating extracted slots: topic
2025-03-03 19:17:26,453 [DEBUG]  [[32m[1mdebug    [0m] [1mprocessor.extract.slots       [0m [36maction_extract_slot[0m=[35maction_extract_slots[0m [36mlen_extraction_events[0m=[35m1[0m [36mrasa_events[0m=[35m[SlotSet(key: topic, value: Привет)][0m
2025-03-03 19:17:26,454 [DEBUG]  Running graph with inputs: {'__tracker__': <rasa.shared.core.trackers.DialogueStateTracker object at 0x378051690>}, targets: ['select_prediction'] and ExecutionContext(model_id='3390a47f4b2e410dbf4b11076c8fc747', should_add_diagnostic_data=False, is_finetuning=False, node_name=None).
2025-03-03 19:17:26,454 [DEBUG]  Node 'rule_only_data_provider' running 'RuleOnlyDataProvider.provide'.
2025-03-03 19:17:26,454 [DEBUG]  Node 'domain_provider' running 'DomainProvider.provide_inference'.
2025-03-03 19:17:26,454 [DEBUG]  Node 'run_MemoizationPolicy0' running 'MemoizationPolicy.predict_action_probabilities'.
2025-03-03 19:17:26,454 [DEBUG]  [[32m[1mdebug    [0m] [1mmemoization.predict.actions   [0m [36mtracker_states[0m=[35m[{'user': {'intent': 'ask_architecture'}, 'prev_action': {'action_name': 'utter_architecture_response'}}, {'user': {'intent': 'ask_architecture'}, 'prev_action': {'action_name': 'action_listen'}}][0m
2025-03-03 19:17:26,454 [DEBUG]  There is no memorised next action
2025-03-03 19:17:26,454 [DEBUG]  Node 'run_RulePolicy1' running 'RulePolicy.predict_action_probabilities'.
2025-03-03 19:17:26,454 [DEBUG]  [[32m[1mdebug    [0m] [1mrule_policy.actions.find      [0m [36mcurrent_states[0m=[35m
[state 1] user intent: goodbye | previous action name: action_listen
[state 2] user intent: goodbye | previous action name: utter_goodbye
[state 3] user intent: ask_architecture | previous action name: action_listen
[state 4] user intent: ask_architecture | previous action name: utter_architecture_response
[state 5] user text: Привет | previous action name: action_listen[0m
2025-03-03 19:17:26,454 [DEBUG]  There is no applicable rule.
2025-03-03 19:17:26,454 [DEBUG]  [[32m[1mdebug    [0m] [1mrule_policy.actions.find      [0m [36mcurrent_states[0m=[35m
[state 1] user intent: goodbye | previous action name: action_listen
[state 2] user intent: goodbye | previous action name: utter_goodbye
[state 3] user intent: ask_architecture | previous action name: action_listen
[state 4] user intent: ask_architecture | previous action name: utter_architecture_response
[state 5] user intent: ask_architecture | previous action name: action_listen[0m
2025-03-03 19:17:26,455 [DEBUG]  There is a rule for the next action 'utter_architecture_response'.
2025-03-03 19:17:26,455 [DEBUG]  Node 'run_TEDPolicy2' running 'TEDPolicy.predict_action_probabilities'.
2025-03-03 19:17:26,457 [DEBUG]  TED predicted 'action_session_start' based on user intent.
2025-03-03 19:17:26,457 [DEBUG]  Node 'select_prediction' running 'DefaultPolicyPredictionEnsemble.combine_predictions_from_kwargs'.
2025-03-03 19:17:26,457 [DEBUG]  Made prediction using user intent.
2025-03-03 19:17:26,457 [DEBUG]  Added `DefinePrevUserUtteredFeaturization(False)` event.
2025-03-03 19:17:26,457 [DEBUG]  Predicted next action using RulePolicy.
2025-03-03 19:17:26,457 [DEBUG]  Predicted next action 'utter_architecture_response' with confidence 1.00.
2025-03-03 19:17:26,457 [DEBUG]  [[32m[1mdebug    [0m] [1mprocessor.actions.policy_prediction[0m [36mprediction_events[0m=[35m[<rasa.shared.core.events.DefinePrevUserUtteredFeaturization object at 0x37a4c3e50>][0m
2025-03-03 19:17:26,457 [DEBUG]  [[32m[1mdebug    [0m] [1mprocessor.actions.log         [0m [36maction_name[0m=[35mutter_architecture_response[0m [36mrasa_events[0m=[35m[BotUttered('Архитектура ПО включает выбор структур, которые обеспечивают масштабируемость, гибкость и поддерживаемость приложения. Задайте конкретный вопрос по этой теме, и я помогу вам с информацией.', {"elements": null, "quick_replies": null, "buttons": null, "attachment": null, "image": null, "custom": null}, {"utter_action": "utter_architecture_response"}, 1741025846.457671)][0m
2025-03-03 19:17:26,457 [DEBUG]  Running graph with inputs: {'__tracker__': <rasa.shared.core.trackers.DialogueStateTracker object at 0x378051690>}, targets: ['select_prediction'] and ExecutionContext(model_id='3390a47f4b2e410dbf4b11076c8fc747', should_add_diagnostic_data=False, is_finetuning=False, node_name=None).
2025-03-03 19:17:26,458 [DEBUG]  Node 'rule_only_data_provider' running 'RuleOnlyDataProvider.provide'.
2025-03-03 19:17:26,458 [DEBUG]  Node 'domain_provider' running 'DomainProvider.provide_inference'.
2025-03-03 19:17:26,458 [DEBUG]  Node 'run_MemoizationPolicy0' running 'MemoizationPolicy.predict_action_probabilities'.
2025-03-03 19:17:26,458 [DEBUG]  [[32m[1mdebug    [0m] [1mmemoization.predict.actions   [0m [36mtracker_states[0m=[35m[{'user': {'intent': 'ask_architecture'}, 'prev_action': {'action_name': 'action_listen'}}, {'user': {'intent': 'ask_architecture'}, 'prev_action': {'action_name': 'utter_architecture_response'}}][0m
2025-03-03 19:17:26,458 [DEBUG]  There is a memorised next action 'action_listen'
2025-03-03 19:17:26,458 [DEBUG]  Node 'run_RulePolicy1' running 'RulePolicy.predict_action_probabilities'.
2025-03-03 19:17:26,458 [DEBUG]  [[32m[1mdebug    [0m] [1mrule_policy.actions.find      [0m [36mcurrent_states[0m=[35m
[state 1] user intent: goodbye | previous action name: action_listen
[state 2] user intent: goodbye | previous action name: utter_goodbye
[state 3] user intent: ask_architecture | previous action name: action_listen
[state 4] user intent: ask_architecture | previous action name: utter_architecture_response
[state 5] user intent: ask_architecture | previous action name: action_listen
[state 6] user intent: ask_architecture | previous action name: utter_architecture_response[0m
2025-03-03 19:17:26,458 [DEBUG]  There is a rule for the next action 'action_listen'.
2025-03-03 19:17:26,458 [DEBUG]  Node 'run_TEDPolicy2' running 'TEDPolicy.predict_action_probabilities'.
2025-03-03 19:17:26,460 [DEBUG]  TED predicted 'action_two_stage_fallback' based on user intent.
2025-03-03 19:17:26,460 [DEBUG]  Node 'select_prediction' running 'DefaultPolicyPredictionEnsemble.combine_predictions_from_kwargs'.
2025-03-03 19:17:26,460 [DEBUG]  Predicted next action using RulePolicy.
2025-03-03 19:17:26,460 [DEBUG]  Predicted next action 'action_listen' with confidence 1.00.
2025-03-03 19:17:26,460 [DEBUG]  [[32m[1mdebug    [0m] [1mprocessor.actions.policy_prediction[0m [36mprediction_events[0m=[35m[][0m
2025-03-03 19:17:26,460 [DEBUG]  [[32m[1mdebug    [0m] [1mprocessor.actions.log         [0m [36maction_name[0m=[35maction_listen[0m [36mrasa_events[0m=[35m[][0m
2025-03-03 19:17:26,460 [DEBUG]  No event broker configured. Skipping streaming events.
2025-03-03 19:17:26,460 [DEBUG]  Deleted lock for conversation 'PractikumStudent'.
2025-03-03 19:17:29,773 [DEBUG]  Issuing ticket for conversation 'PractikumStudent'.
2025-03-03 19:17:29,773 [DEBUG]  Acquiring lock for conversation 'PractikumStudent'.
2025-03-03 19:17:29,773 [DEBUG]  Acquired lock for conversation 'PractikumStudent'.
2025-03-03 19:17:29,773 [DEBUG]  Recreating tracker for id 'PractikumStudent'
2025-03-03 19:17:29,775 [DEBUG]  Running graph with inputs: {'__message__': [<rasa.core.channels.channel.UserMessage object at 0x378051e10>], '__tracker__': <rasa.shared.core.trackers.DialogueStateTracker object at 0x37a4c3be0>}, targets: ['run_RegexMessageHandler'] and ExecutionContext(model_id='3390a47f4b2e410dbf4b11076c8fc747', should_add_diagnostic_data=False, is_finetuning=False, node_name=None).
2025-03-03 19:17:29,775 [DEBUG]  Node 'nlu_message_converter' running 'NLUMessageConverter.convert_user_message'.
2025-03-03 19:17:29,775 [DEBUG]  Node 'run_WhitespaceTokenizer0' running 'WhitespaceTokenizer.process'.
2025-03-03 19:17:29,775 [DEBUG]  Node 'run_RegexFeaturizer1' running 'RegexFeaturizer.process'.
2025-03-03 19:17:29,775 [DEBUG]  Node 'run_LexicalSyntacticFeaturizer2' running 'LexicalSyntacticFeaturizer.process'.
2025-03-03 19:17:29,776 [DEBUG]  Node 'run_CountVectorsFeaturizer3' running 'CountVectorsFeaturizer.process'.
2025-03-03 19:17:29,777 [DEBUG]  Node 'run_LanguageModelFeaturizer4' running 'LanguageModelFeaturizer.process'.
2025-03-03 19:17:29,864 [DEBUG]  Node 'run_DIETClassifier5' running 'DIETClassifier.process'.
2025-03-03 19:17:29,865 [DEBUG]  Node 'run_EntitySynonymMapper6' running 'EntitySynonymMapper.process'.
2025-03-03 19:17:29,866 [DEBUG]  Node 'run_ResponseSelector7' running 'ResponseSelector.process'.
2025-03-03 19:17:29,866 [DEBUG]  There is no trained model for 'ResponseSelector': The component is either not trained or didn't receive enough training data.
2025-03-03 19:17:29,866 [DEBUG]  Adding following selector key to message property: default
2025-03-03 19:17:29,866 [DEBUG]  Node 'domain_provider' running 'DomainProvider.provide_inference'.
2025-03-03 19:17:29,866 [DEBUG]  Node 'run_RegexMessageHandler' running 'RegexMessageHandler.process'.
2025-03-03 19:17:29,866 [DEBUG]  [[32m[1mdebug    [0m] [1mprocessor.message.parse       [0m [36mparse_data_entities[0m=[35m[][0m [36mparse_data_intent[0m=[35m{'name': 'goodbye', 'confidence': 0.354726642370224}[0m [36mparse_data_text[0m=[35mу[0m
2025-03-03 19:17:29,866 [DEBUG]  Logged UserUtterance - tracker now has 22 events.
2025-03-03 19:17:29,866 [DEBUG]  Validating extracted slots: topic
2025-03-03 19:17:29,866 [DEBUG]  [[32m[1mdebug    [0m] [1mprocessor.extract.slots       [0m [36maction_extract_slot[0m=[35maction_extract_slots[0m [36mlen_extraction_events[0m=[35m1[0m [36mrasa_events[0m=[35m[SlotSet(key: topic, value: у)][0m
2025-03-03 19:17:29,866 [DEBUG]  Running graph with inputs: {'__tracker__': <rasa.shared.core.trackers.DialogueStateTracker object at 0x37a4c3be0>}, targets: ['select_prediction'] and ExecutionContext(model_id='3390a47f4b2e410dbf4b11076c8fc747', should_add_diagnostic_data=False, is_finetuning=False, node_name=None).
2025-03-03 19:17:29,866 [DEBUG]  Node 'rule_only_data_provider' running 'RuleOnlyDataProvider.provide'.
2025-03-03 19:17:29,866 [DEBUG]  Node 'domain_provider' running 'DomainProvider.provide_inference'.
2025-03-03 19:17:29,866 [DEBUG]  Node 'run_MemoizationPolicy0' running 'MemoizationPolicy.predict_action_probabilities'.
2025-03-03 19:17:29,867 [DEBUG]  [[32m[1mdebug    [0m] [1mmemoization.predict.actions   [0m [36mtracker_states[0m=[35m[{'user': {'intent': 'ask_architecture'}, 'prev_action': {'action_name': 'utter_architecture_response'}}, {'user': {'intent': 'goodbye'}, 'prev_action': {'action_name': 'action_listen'}}][0m
2025-03-03 19:17:29,867 [DEBUG]  There is no memorised next action
2025-03-03 19:17:29,867 [DEBUG]  Node 'run_RulePolicy1' running 'RulePolicy.predict_action_probabilities'.
2025-03-03 19:17:29,867 [DEBUG]  [[32m[1mdebug    [0m] [1mrule_policy.actions.find      [0m [36mcurrent_states[0m=[35m
[state 1] user intent: goodbye | previous action name: action_listen
[state 2] user intent: goodbye | previous action name: utter_goodbye
[state 3] user intent: ask_architecture | previous action name: action_listen
[state 4] user intent: ask_architecture | previous action name: utter_architecture_response
[state 5] user intent: ask_architecture | previous action name: action_listen
[state 6] user intent: ask_architecture | previous action name: utter_architecture_response
[state 7] user text: у | previous action name: action_listen[0m
2025-03-03 19:17:29,867 [DEBUG]  There is no applicable rule.
2025-03-03 19:17:29,867 [DEBUG]  [[32m[1mdebug    [0m] [1mrule_policy.actions.find      [0m [36mcurrent_states[0m=[35m
[state 1] user intent: goodbye | previous action name: action_listen
[state 2] user intent: goodbye | previous action name: utter_goodbye
[state 3] user intent: ask_architecture | previous action name: action_listen
[state 4] user intent: ask_architecture | previous action name: utter_architecture_response
[state 5] user intent: ask_architecture | previous action name: action_listen
[state 6] user intent: ask_architecture | previous action name: utter_architecture_response
[state 7] user intent: goodbye | previous action name: action_listen[0m
2025-03-03 19:17:29,867 [DEBUG]  There is a rule for the next action 'utter_goodbye'.
2025-03-03 19:17:29,867 [DEBUG]  Node 'run_TEDPolicy2' running 'TEDPolicy.predict_action_probabilities'.
2025-03-03 19:17:29,869 [DEBUG]  TED predicted 'action_default_ask_rephrase' based on user intent.
2025-03-03 19:17:29,869 [DEBUG]  Node 'select_prediction' running 'DefaultPolicyPredictionEnsemble.combine_predictions_from_kwargs'.
2025-03-03 19:17:29,869 [DEBUG]  Made prediction using user intent.
2025-03-03 19:17:29,869 [DEBUG]  Added `DefinePrevUserUtteredFeaturization(False)` event.
2025-03-03 19:17:29,869 [DEBUG]  Predicted next action using RulePolicy.
2025-03-03 19:17:29,869 [DEBUG]  Predicted next action 'utter_goodbye' with confidence 1.00.
2025-03-03 19:17:29,869 [DEBUG]  [[32m[1mdebug    [0m] [1mprocessor.actions.policy_prediction[0m [36mprediction_events[0m=[35m[<rasa.shared.core.events.DefinePrevUserUtteredFeaturization object at 0x37a4c2920>][0m
2025-03-03 19:17:29,869 [DEBUG]  [[32m[1mdebug    [0m] [1mprocessor.actions.log         [0m [36maction_name[0m=[35mutter_goodbye[0m [36mrasa_events[0m=[35m[BotUttered('До свидания! Если появятся вопросы по архитектуре ПО, обращайтесь.', {"elements": null, "quick_replies": null, "buttons": null, "attachment": null, "image": null, "custom": null}, {"utter_action": "utter_goodbye"}, 1741025849.869739)][0m
2025-03-03 19:17:29,869 [DEBUG]  Running graph with inputs: {'__tracker__': <rasa.shared.core.trackers.DialogueStateTracker object at 0x37a4c3be0>}, targets: ['select_prediction'] and ExecutionContext(model_id='3390a47f4b2e410dbf4b11076c8fc747', should_add_diagnostic_data=False, is_finetuning=False, node_name=None).
2025-03-03 19:17:29,870 [DEBUG]  Node 'rule_only_data_provider' running 'RuleOnlyDataProvider.provide'.
2025-03-03 19:17:29,870 [DEBUG]  Node 'domain_provider' running 'DomainProvider.provide_inference'.
2025-03-03 19:17:29,870 [DEBUG]  Node 'run_MemoizationPolicy0' running 'MemoizationPolicy.predict_action_probabilities'.
2025-03-03 19:17:29,870 [DEBUG]  [[32m[1mdebug    [0m] [1mmemoization.predict.actions   [0m [36mtracker_states[0m=[35m[{'user': {'intent': 'goodbye'}, 'prev_action': {'action_name': 'action_listen'}}, {'user': {'intent': 'goodbye'}, 'prev_action': {'action_name': 'utter_goodbye'}}][0m
2025-03-03 19:17:29,870 [DEBUG]  There is a memorised next action 'action_listen'
2025-03-03 19:17:29,870 [DEBUG]  Node 'run_RulePolicy1' running 'RulePolicy.predict_action_probabilities'.
2025-03-03 19:17:29,870 [DEBUG]  [[32m[1mdebug    [0m] [1mrule_policy.actions.find      [0m [36mcurrent_states[0m=[35m
[state 1] user intent: goodbye | previous action name: action_listen
[state 2] user intent: goodbye | previous action name: utter_goodbye
[state 3] user intent: ask_architecture | previous action name: action_listen
[state 4] user intent: ask_architecture | previous action name: utter_architecture_response
[state 5] user intent: ask_architecture | previous action name: action_listen
[state 6] user intent: ask_architecture | previous action name: utter_architecture_response
[state 7] user intent: goodbye | previous action name: action_listen
[state 8] user intent: goodbye | previous action name: utter_goodbye[0m
2025-03-03 19:17:29,870 [DEBUG]  There is a rule for the next action 'action_listen'.
2025-03-03 19:17:29,870 [DEBUG]  Node 'run_TEDPolicy2' running 'TEDPolicy.predict_action_probabilities'.
2025-03-03 19:17:29,872 [DEBUG]  TED predicted 'action_two_stage_fallback' based on user intent.
2025-03-03 19:17:29,872 [DEBUG]  Node 'select_prediction' running 'DefaultPolicyPredictionEnsemble.combine_predictions_from_kwargs'.
2025-03-03 19:17:29,872 [DEBUG]  Predicted next action using RulePolicy.
2025-03-03 19:17:29,872 [DEBUG]  Predicted next action 'action_listen' with confidence 1.00.
2025-03-03 19:17:29,872 [DEBUG]  [[32m[1mdebug    [0m] [1mprocessor.actions.policy_prediction[0m [36mprediction_events[0m=[35m[][0m
2025-03-03 19:17:29,872 [DEBUG]  [[32m[1mdebug    [0m] [1mprocessor.actions.log         [0m [36maction_name[0m=[35maction_listen[0m [36mrasa_events[0m=[35m[][0m
2025-03-03 19:17:29,872 [DEBUG]  No event broker configured. Skipping streaming events.
2025-03-03 19:17:29,872 [DEBUG]  Deleted lock for conversation 'PractikumStudent'.
2025-03-03 19:17:32,266 [DEBUG]  Issuing ticket for conversation 'PractikumStudent'.
2025-03-03 19:17:32,267 [DEBUG]  Acquiring lock for conversation 'PractikumStudent'.
2025-03-03 19:17:32,267 [DEBUG]  Acquired lock for conversation 'PractikumStudent'.
2025-03-03 19:17:32,267 [DEBUG]  Recreating tracker for id 'PractikumStudent'
2025-03-03 19:17:32,271 [DEBUG]  Running graph with inputs: {'__message__': [<rasa.core.channels.channel.UserMessage object at 0x378052290>], '__tracker__': <rasa.shared.core.trackers.DialogueStateTracker object at 0x37a4c3be0>}, targets: ['run_RegexMessageHandler'] and ExecutionContext(model_id='3390a47f4b2e410dbf4b11076c8fc747', should_add_diagnostic_data=False, is_finetuning=False, node_name=None).
2025-03-03 19:17:32,272 [DEBUG]  Node 'nlu_message_converter' running 'NLUMessageConverter.convert_user_message'.
2025-03-03 19:17:32,273 [DEBUG]  Node 'run_WhitespaceTokenizer0' running 'WhitespaceTokenizer.process'.
2025-03-03 19:17:32,273 [DEBUG]  Node 'run_RegexFeaturizer1' running 'RegexFeaturizer.process'.
2025-03-03 19:17:32,273 [DEBUG]  Node 'run_LexicalSyntacticFeaturizer2' running 'LexicalSyntacticFeaturizer.process'.
2025-03-03 19:17:32,274 [DEBUG]  Node 'run_CountVectorsFeaturizer3' running 'CountVectorsFeaturizer.process'.
2025-03-03 19:17:32,275 [DEBUG]  Node 'run_LanguageModelFeaturizer4' running 'LanguageModelFeaturizer.process'.
2025-03-03 19:17:32,364 [DEBUG]  Node 'run_DIETClassifier5' running 'DIETClassifier.process'.
2025-03-03 19:17:32,366 [DEBUG]  Node 'run_EntitySynonymMapper6' running 'EntitySynonymMapper.process'.
2025-03-03 19:17:32,366 [DEBUG]  Node 'run_ResponseSelector7' running 'ResponseSelector.process'.
2025-03-03 19:17:32,366 [DEBUG]  There is no trained model for 'ResponseSelector': The component is either not trained or didn't receive enough training data.
2025-03-03 19:17:32,366 [DEBUG]  Adding following selector key to message property: default
2025-03-03 19:17:32,366 [DEBUG]  Node 'domain_provider' running 'DomainProvider.provide_inference'.
2025-03-03 19:17:32,366 [DEBUG]  Node 'run_RegexMessageHandler' running 'RegexMessageHandler.process'.
2025-03-03 19:17:32,366 [DEBUG]  [[32m[1mdebug    [0m] [1mprocessor.message.parse       [0m [36mparse_data_entities[0m=[35m[][0m [36mparse_data_intent[0m=[35m{'name': 'goodbye', 'confidence': 0.3012368679046631}[0m [36mparse_data_text[0m=[35mq[0m
2025-03-03 19:17:32,367 [DEBUG]  Logged UserUtterance - tracker now has 28 events.
2025-03-03 19:17:32,367 [DEBUG]  Validating extracted slots: topic
2025-03-03 19:17:32,367 [DEBUG]  [[32m[1mdebug    [0m] [1mprocessor.extract.slots       [0m [36maction_extract_slot[0m=[35maction_extract_slots[0m [36mlen_extraction_events[0m=[35m1[0m [36mrasa_events[0m=[35m[SlotSet(key: topic, value: q)][0m
2025-03-03 19:17:32,367 [DEBUG]  Running graph with inputs: {'__tracker__': <rasa.shared.core.trackers.DialogueStateTracker object at 0x37a4c3be0>}, targets: ['select_prediction'] and ExecutionContext(model_id='3390a47f4b2e410dbf4b11076c8fc747', should_add_diagnostic_data=False, is_finetuning=False, node_name=None).
2025-03-03 19:17:32,367 [DEBUG]  Node 'rule_only_data_provider' running 'RuleOnlyDataProvider.provide'.
2025-03-03 19:17:32,367 [DEBUG]  Node 'domain_provider' running 'DomainProvider.provide_inference'.
2025-03-03 19:17:32,367 [DEBUG]  Node 'run_MemoizationPolicy0' running 'MemoizationPolicy.predict_action_probabilities'.
2025-03-03 19:17:32,367 [DEBUG]  [[32m[1mdebug    [0m] [1mmemoization.predict.actions   [0m [36mtracker_states[0m=[35m[{'user': {'intent': 'goodbye'}, 'prev_action': {'action_name': 'utter_goodbye'}}, {'user': {'intent': 'goodbye'}, 'prev_action': {'action_name': 'action_listen'}}][0m
2025-03-03 19:17:32,367 [DEBUG]  There is no memorised next action
2025-03-03 19:17:32,367 [DEBUG]  Node 'run_RulePolicy1' running 'RulePolicy.predict_action_probabilities'.
2025-03-03 19:17:32,367 [DEBUG]  [[32m[1mdebug    [0m] [1mrule_policy.actions.find      [0m [36mcurrent_states[0m=[35m
[state 1] user intent: goodbye | previous action name: action_listen
[state 2] user intent: goodbye | previous action name: utter_goodbye
[state 3] user intent: ask_architecture | previous action name: action_listen
[state 4] user intent: ask_architecture | previous action name: utter_architecture_response
[state 5] user intent: ask_architecture | previous action name: action_listen
[state 6] user intent: ask_architecture | previous action name: utter_architecture_response
[state 7] user intent: goodbye | previous action name: action_listen
[state 8] user intent: goodbye | previous action name: utter_goodbye
[state 9] user text: q | previous action name: action_listen[0m
2025-03-03 19:17:32,368 [DEBUG]  There is no applicable rule.
2025-03-03 19:17:32,368 [DEBUG]  [[32m[1mdebug    [0m] [1mrule_policy.actions.find      [0m [36mcurrent_states[0m=[35m
[state 1] user intent: goodbye | previous action name: action_listen
[state 2] user intent: goodbye | previous action name: utter_goodbye
[state 3] user intent: ask_architecture | previous action name: action_listen
[state 4] user intent: ask_architecture | previous action name: utter_architecture_response
[state 5] user intent: ask_architecture | previous action name: action_listen
[state 6] user intent: ask_architecture | previous action name: utter_architecture_response
[state 7] user intent: goodbye | previous action name: action_listen
[state 8] user intent: goodbye | previous action name: utter_goodbye
[state 9] user intent: goodbye | previous action name: action_listen[0m
2025-03-03 19:17:32,368 [DEBUG]  There is a rule for the next action 'utter_goodbye'.
2025-03-03 19:17:32,368 [DEBUG]  Node 'run_TEDPolicy2' running 'TEDPolicy.predict_action_probabilities'.
2025-03-03 19:17:32,370 [DEBUG]  TED predicted 'action_default_ask_rephrase' based on user intent.
2025-03-03 19:17:32,370 [DEBUG]  Node 'select_prediction' running 'DefaultPolicyPredictionEnsemble.combine_predictions_from_kwargs'.
2025-03-03 19:17:32,370 [DEBUG]  Made prediction using user intent.
2025-03-03 19:17:32,370 [DEBUG]  Added `DefinePrevUserUtteredFeaturization(False)` event.
2025-03-03 19:17:32,370 [DEBUG]  Predicted next action using RulePolicy.
2025-03-03 19:17:32,370 [DEBUG]  Predicted next action 'utter_goodbye' with confidence 1.00.
2025-03-03 19:17:32,371 [DEBUG]  [[32m[1mdebug    [0m] [1mprocessor.actions.policy_prediction[0m [36mprediction_events[0m=[35m[<rasa.shared.core.events.DefinePrevUserUtteredFeaturization object at 0x37a4c2980>][0m
2025-03-03 19:17:32,371 [DEBUG]  [[32m[1mdebug    [0m] [1mprocessor.actions.log         [0m [36maction_name[0m=[35mutter_goodbye[0m [36mrasa_events[0m=[35m[BotUttered('До свидания! Если появятся вопросы по архитектуре ПО, обращайтесь.', {"elements": null, "quick_replies": null, "buttons": null, "attachment": null, "image": null, "custom": null}, {"utter_action": "utter_goodbye"}, 1741025852.3711302)][0m
2025-03-03 19:17:32,371 [DEBUG]  Running graph with inputs: {'__tracker__': <rasa.shared.core.trackers.DialogueStateTracker object at 0x37a4c3be0>}, targets: ['select_prediction'] and ExecutionContext(model_id='3390a47f4b2e410dbf4b11076c8fc747', should_add_diagnostic_data=False, is_finetuning=False, node_name=None).
2025-03-03 19:17:32,371 [DEBUG]  Node 'rule_only_data_provider' running 'RuleOnlyDataProvider.provide'.
2025-03-03 19:17:32,371 [DEBUG]  Node 'domain_provider' running 'DomainProvider.provide_inference'.
2025-03-03 19:17:32,371 [DEBUG]  Node 'run_MemoizationPolicy0' running 'MemoizationPolicy.predict_action_probabilities'.
2025-03-03 19:17:32,372 [DEBUG]  [[32m[1mdebug    [0m] [1mmemoization.predict.actions   [0m [36mtracker_states[0m=[35m[{'user': {'intent': 'goodbye'}, 'prev_action': {'action_name': 'action_listen'}}, {'user': {'intent': 'goodbye'}, 'prev_action': {'action_name': 'utter_goodbye'}}][0m
2025-03-03 19:17:32,372 [DEBUG]  There is a memorised next action 'action_listen'
2025-03-03 19:17:32,372 [DEBUG]  Node 'run_RulePolicy1' running 'RulePolicy.predict_action_probabilities'.
2025-03-03 19:17:32,372 [DEBUG]  [[32m[1mdebug    [0m] [1mrule_policy.actions.find      [0m [36mcurrent_states[0m=[35m
[state 1] user intent: goodbye | previous action name: action_listen
[state 2] user intent: goodbye | previous action name: utter_goodbye
[state 3] user intent: ask_architecture | previous action name: action_listen
[state 4] user intent: ask_architecture | previous action name: utter_architecture_response
[state 5] user intent: ask_architecture | previous action name: action_listen
[state 6] user intent: ask_architecture | previous action name: utter_architecture_response
[state 7] user intent: goodbye | previous action name: action_listen
[state 8] user intent: goodbye | previous action name: utter_goodbye
[state 9] user intent: goodbye | previous action name: action_listen
[state 10] user intent: goodbye | previous action name: utter_goodbye[0m
2025-03-03 19:17:32,372 [DEBUG]  There is a rule for the next action 'action_listen'.
2025-03-03 19:17:32,372 [DEBUG]  Node 'run_TEDPolicy2' running 'TEDPolicy.predict_action_probabilities'.
2025-03-03 19:17:32,374 [DEBUG]  TED predicted 'action_two_stage_fallback' based on user intent.
2025-03-03 19:17:32,374 [DEBUG]  Node 'select_prediction' running 'DefaultPolicyPredictionEnsemble.combine_predictions_from_kwargs'.
2025-03-03 19:17:32,374 [DEBUG]  Predicted next action using RulePolicy.
2025-03-03 19:17:32,374 [DEBUG]  Predicted next action 'action_listen' with confidence 1.00.
2025-03-03 19:17:32,374 [DEBUG]  [[32m[1mdebug    [0m] [1mprocessor.actions.policy_prediction[0m [36mprediction_events[0m=[35m[][0m
2025-03-03 19:17:32,374 [DEBUG]  [[32m[1mdebug    [0m] [1mprocessor.actions.log         [0m [36maction_name[0m=[35maction_listen[0m [36mrasa_events[0m=[35m[][0m
2025-03-03 19:17:32,374 [DEBUG]  No event broker configured. Skipping streaming events.
2025-03-03 19:17:32,375 [DEBUG]  Deleted lock for conversation 'PractikumStudent'.
2025-03-03 19:17:32,829 [DEBUG]  Issuing ticket for conversation 'PractikumStudent'.
2025-03-03 19:17:32,830 [DEBUG]  Acquiring lock for conversation 'PractikumStudent'.
2025-03-03 19:17:32,830 [DEBUG]  Acquired lock for conversation 'PractikumStudent'.
2025-03-03 19:17:32,830 [DEBUG]  Recreating tracker for id 'PractikumStudent'
2025-03-03 19:17:32,834 [DEBUG]  Running graph with inputs: {'__message__': [<rasa.core.channels.channel.UserMessage object at 0x378052290>], '__tracker__': <rasa.shared.core.trackers.DialogueStateTracker object at 0x37a4c3be0>}, targets: ['run_RegexMessageHandler'] and ExecutionContext(model_id='3390a47f4b2e410dbf4b11076c8fc747', should_add_diagnostic_data=False, is_finetuning=False, node_name=None).
2025-03-03 19:17:32,835 [DEBUG]  Node 'nlu_message_converter' running 'NLUMessageConverter.convert_user_message'.
2025-03-03 19:17:32,835 [DEBUG]  Node 'run_WhitespaceTokenizer0' running 'WhitespaceTokenizer.process'.
2025-03-03 19:17:32,835 [DEBUG]  Node 'run_RegexFeaturizer1' running 'RegexFeaturizer.process'.
2025-03-03 19:17:32,835 [DEBUG]  Node 'run_LexicalSyntacticFeaturizer2' running 'LexicalSyntacticFeaturizer.process'.
2025-03-03 19:17:32,836 [DEBUG]  Node 'run_CountVectorsFeaturizer3' running 'CountVectorsFeaturizer.process'.
2025-03-03 19:17:32,837 [DEBUG]  Node 'run_LanguageModelFeaturizer4' running 'LanguageModelFeaturizer.process'.
2025-03-03 19:17:32,927 [DEBUG]  Node 'run_DIETClassifier5' running 'DIETClassifier.process'.
2025-03-03 19:17:32,928 [DEBUG]  Node 'run_EntitySynonymMapper6' running 'EntitySynonymMapper.process'.
2025-03-03 19:17:32,928 [DEBUG]  Node 'run_ResponseSelector7' running 'ResponseSelector.process'.
2025-03-03 19:17:32,929 [DEBUG]  There is no trained model for 'ResponseSelector': The component is either not trained or didn't receive enough training data.
2025-03-03 19:17:32,929 [DEBUG]  Adding following selector key to message property: default
2025-03-03 19:17:32,929 [DEBUG]  Node 'domain_provider' running 'DomainProvider.provide_inference'.
2025-03-03 19:17:32,929 [DEBUG]  Node 'run_RegexMessageHandler' running 'RegexMessageHandler.process'.
2025-03-03 19:17:32,929 [DEBUG]  [[32m[1mdebug    [0m] [1mprocessor.message.parse       [0m [36mparse_data_entities[0m=[35m[][0m [36mparse_data_intent[0m=[35m{'name': 'deny', 'confidence': 0.31554386019706726}[0m [36mparse_data_text[0m=[35md[0m
2025-03-03 19:17:32,929 [DEBUG]  Logged UserUtterance - tracker now has 34 events.
2025-03-03 19:17:32,929 [DEBUG]  Validating extracted slots: topic
2025-03-03 19:17:32,929 [DEBUG]  [[32m[1mdebug    [0m] [1mprocessor.extract.slots       [0m [36maction_extract_slot[0m=[35maction_extract_slots[0m [36mlen_extraction_events[0m=[35m1[0m [36mrasa_events[0m=[35m[SlotSet(key: topic, value: d)][0m
2025-03-03 19:17:32,929 [DEBUG]  Running graph with inputs: {'__tracker__': <rasa.shared.core.trackers.DialogueStateTracker object at 0x37a4c3be0>}, targets: ['select_prediction'] and ExecutionContext(model_id='3390a47f4b2e410dbf4b11076c8fc747', should_add_diagnostic_data=False, is_finetuning=False, node_name=None).
2025-03-03 19:17:32,929 [DEBUG]  Node 'rule_only_data_provider' running 'RuleOnlyDataProvider.provide'.
2025-03-03 19:17:32,929 [DEBUG]  Node 'domain_provider' running 'DomainProvider.provide_inference'.
2025-03-03 19:17:32,929 [DEBUG]  Node 'run_MemoizationPolicy0' running 'MemoizationPolicy.predict_action_probabilities'.
2025-03-03 19:17:32,930 [DEBUG]  [[32m[1mdebug    [0m] [1mmemoization.predict.actions   [0m [36mtracker_states[0m=[35m[{'user': {'intent': 'goodbye'}, 'prev_action': {'action_name': 'utter_goodbye'}}, {'user': {'intent': 'deny'}, 'prev_action': {'action_name': 'action_listen'}}][0m
2025-03-03 19:17:32,930 [DEBUG]  There is no memorised next action
2025-03-03 19:17:32,930 [DEBUG]  Node 'run_RulePolicy1' running 'RulePolicy.predict_action_probabilities'.
2025-03-03 19:17:32,930 [DEBUG]  [[32m[1mdebug    [0m] [1mrule_policy.actions.find      [0m [36mcurrent_states[0m=[35m
[state 1] user intent: goodbye | previous action name: action_listen
[state 2] user intent: goodbye | previous action name: utter_goodbye
[state 3] user intent: ask_architecture | previous action name: action_listen
[state 4] user intent: ask_architecture | previous action name: utter_architecture_response
[state 5] user intent: ask_architecture | previous action name: action_listen
[state 6] user intent: ask_architecture | previous action name: utter_architecture_response
[state 7] user intent: goodbye | previous action name: action_listen
[state 8] user intent: goodbye | previous action name: utter_goodbye
[state 9] user intent: goodbye | previous action name: action_listen
[state 10] user intent: goodbye | previous action name: utter_goodbye
[state 11] user text: d | previous action name: action_listen[0m
2025-03-03 19:17:32,930 [DEBUG]  There is no applicable rule.
2025-03-03 19:17:32,930 [DEBUG]  [[32m[1mdebug    [0m] [1mrule_policy.actions.find      [0m [36mcurrent_states[0m=[35m
[state 1] user intent: goodbye | previous action name: action_listen
[state 2] user intent: goodbye | previous action name: utter_goodbye
[state 3] user intent: ask_architecture | previous action name: action_listen
[state 4] user intent: ask_architecture | previous action name: utter_architecture_response
[state 5] user intent: ask_architecture | previous action name: action_listen
[state 6] user intent: ask_architecture | previous action name: utter_architecture_response
[state 7] user intent: goodbye | previous action name: action_listen
[state 8] user intent: goodbye | previous action name: utter_goodbye
[state 9] user intent: goodbye | previous action name: action_listen
[state 10] user intent: goodbye | previous action name: utter_goodbye
[state 11] user intent: deny | previous action name: action_listen[0m
2025-03-03 19:17:32,930 [DEBUG]  There is no applicable rule.
2025-03-03 19:17:32,930 [DEBUG]  Node 'run_TEDPolicy2' running 'TEDPolicy.predict_action_probabilities'.
2025-03-03 19:17:32,932 [DEBUG]  TED predicted 'action_default_ask_rephrase' based on user intent.
2025-03-03 19:17:32,932 [DEBUG]  Node 'select_prediction' running 'DefaultPolicyPredictionEnsemble.combine_predictions_from_kwargs'.
2025-03-03 19:17:32,932 [DEBUG]  Made prediction using user intent.
2025-03-03 19:17:32,932 [DEBUG]  Added `DefinePrevUserUtteredFeaturization(False)` event.
2025-03-03 19:17:32,932 [DEBUG]  Predicted next action using RulePolicy.
2025-03-03 19:17:32,932 [DEBUG]  Predicted next action 'action_default_fallback' with confidence 0.30.
2025-03-03 19:17:32,932 [DEBUG]  [[32m[1mdebug    [0m] [1mprocessor.actions.policy_prediction[0m [36mprediction_events[0m=[35m[<rasa.shared.core.events.DefinePrevUserUtteredFeaturization object at 0x37a4c1300>][0m
2025-03-03 19:17:32,932 [DEBUG]  [[32m[1mdebug    [0m] [1mprocessor.actions.log         [0m [36maction_name[0m=[35maction_default_fallback[0m [36mrasa_events[0m=[35m[<rasa.shared.core.events.UserUtteranceReverted object at 0x37a4c3580>][0m
2025-03-03 19:17:32,932 [DEBUG]  [[32m[1mdebug    [0m] [1mprocessor.slots.log           [0m [36mslot_values[0m=[35m	topic: q
	session_started_metadata: None[0m
2025-03-03 19:17:32,932 [DEBUG]  Running graph with inputs: {'__tracker__': <rasa.shared.core.trackers.DialogueStateTracker object at 0x37a4c3be0>}, targets: ['select_prediction'] and ExecutionContext(model_id='3390a47f4b2e410dbf4b11076c8fc747', should_add_diagnostic_data=False, is_finetuning=False, node_name=None).
2025-03-03 19:17:32,932 [DEBUG]  Node 'rule_only_data_provider' running 'RuleOnlyDataProvider.provide'.
2025-03-03 19:17:32,933 [DEBUG]  Node 'domain_provider' running 'DomainProvider.provide_inference'.
2025-03-03 19:17:32,933 [DEBUG]  Node 'run_MemoizationPolicy0' running 'MemoizationPolicy.predict_action_probabilities'.
2025-03-03 19:17:32,933 [DEBUG]  [[32m[1mdebug    [0m] [1mmemoization.predict.actions   [0m [36mtracker_states[0m=[35m[{'user': {'intent': 'goodbye'}, 'prev_action': {'action_name': 'action_listen'}}, {'user': {'intent': 'goodbye'}, 'prev_action': {'action_name': 'utter_goodbye'}}][0m
2025-03-03 19:17:32,933 [DEBUG]  There is a memorised next action 'action_listen'
2025-03-03 19:17:32,933 [DEBUG]  Node 'run_RulePolicy1' running 'RulePolicy.predict_action_probabilities'.
2025-03-03 19:17:32,933 [DEBUG]  [[32m[1mdebug    [0m] [1mrule_policy.actions.find      [0m [36mcurrent_states[0m=[35m
[state 1] user intent: goodbye | previous action name: action_listen
[state 2] user intent: goodbye | previous action name: utter_goodbye
[state 3] user intent: ask_architecture | previous action name: action_listen
[state 4] user intent: ask_architecture | previous action name: utter_architecture_response
[state 5] user intent: ask_architecture | previous action name: action_listen
[state 6] user intent: ask_architecture | previous action name: utter_architecture_response
[state 7] user intent: goodbye | previous action name: action_listen
[state 8] user intent: goodbye | previous action name: utter_goodbye
[state 9] user intent: goodbye | previous action name: action_listen
[state 10] user intent: goodbye | previous action name: utter_goodbye[0m
2025-03-03 19:17:32,933 [DEBUG]  There is a rule for the next action 'action_listen'.
2025-03-03 19:17:32,933 [DEBUG]  Node 'run_TEDPolicy2' running 'TEDPolicy.predict_action_probabilities'.
2025-03-03 19:17:32,935 [DEBUG]  TED predicted 'action_two_stage_fallback' based on user intent.
2025-03-03 19:17:32,935 [DEBUG]  Node 'select_prediction' running 'DefaultPolicyPredictionEnsemble.combine_predictions_from_kwargs'.
2025-03-03 19:17:32,935 [DEBUG]  Predicted next action using RulePolicy.
2025-03-03 19:17:32,935 [DEBUG]  Predicted next action 'action_listen' with confidence 1.00.
2025-03-03 19:17:32,935 [DEBUG]  [[32m[1mdebug    [0m] [1mprocessor.actions.policy_prediction[0m [36mprediction_events[0m=[35m[][0m
2025-03-03 19:17:32,935 [DEBUG]  [[32m[1mdebug    [0m] [1mprocessor.actions.log         [0m [36maction_name[0m=[35maction_listen[0m [36mrasa_events[0m=[35m[][0m
2025-03-03 19:17:32,935 [DEBUG]  No event broker configured. Skipping streaming events.
2025-03-03 19:17:32,936 [DEBUG]  Deleted lock for conversation 'PractikumStudent'.
2025-03-03 19:32:24,429 [DEBUG]  Issuing ticket for conversation 'PractikumStudent'.
2025-03-03 19:32:24,429 [DEBUG]  Acquiring lock for conversation 'PractikumStudent'.
2025-03-03 19:32:24,430 [DEBUG]  Acquired lock for conversation 'PractikumStudent'.
2025-03-03 19:32:24,430 [DEBUG]  Recreating tracker for id 'PractikumStudent'
2025-03-03 19:32:24,435 [DEBUG]  Running graph with inputs: {'__message__': [<rasa.core.channels.channel.UserMessage object at 0x31df36ec0>], '__tracker__': <rasa.shared.core.trackers.DialogueStateTracker object at 0x31dd046d0>}, targets: ['run_RegexMessageHandler'] and ExecutionContext(model_id='3390a47f4b2e410dbf4b11076c8fc747', should_add_diagnostic_data=False, is_finetuning=False, node_name=None).
2025-03-03 19:32:24,437 [DEBUG]  Node 'nlu_message_converter' running 'NLUMessageConverter.convert_user_message'.
2025-03-03 19:32:24,438 [DEBUG]  Node 'run_WhitespaceTokenizer0' running 'WhitespaceTokenizer.process'.
2025-03-03 19:32:24,438 [DEBUG]  Node 'run_RegexFeaturizer1' running 'RegexFeaturizer.process'.
2025-03-03 19:32:24,439 [DEBUG]  Node 'run_LexicalSyntacticFeaturizer2' running 'LexicalSyntacticFeaturizer.process'.
2025-03-03 19:32:24,440 [DEBUG]  Node 'run_CountVectorsFeaturizer3' running 'CountVectorsFeaturizer.process'.
2025-03-03 19:32:24,441 [DEBUG]  Node 'run_LanguageModelFeaturizer4' running 'LanguageModelFeaturizer.process'.
2025-03-03 19:32:24,655 [DEBUG]  Node 'run_DIETClassifier5' running 'DIETClassifier.process'.
2025-03-03 19:32:24,659 [DEBUG]  Node 'run_EntitySynonymMapper6' running 'EntitySynonymMapper.process'.
2025-03-03 19:32:24,659 [DEBUG]  Node 'run_ResponseSelector7' running 'ResponseSelector.process'.
2025-03-03 19:32:24,659 [DEBUG]  There is no trained model for 'ResponseSelector': The component is either not trained or didn't receive enough training data.
2025-03-03 19:32:24,659 [DEBUG]  Adding following selector key to message property: default
2025-03-03 19:32:24,659 [DEBUG]  Node 'domain_provider' running 'DomainProvider.provide_inference'.
2025-03-03 19:32:24,659 [DEBUG]  Node 'run_RegexMessageHandler' running 'RegexMessageHandler.process'.
2025-03-03 19:32:24,659 [DEBUG]  [[32m[1mdebug    [0m] [1mprocessor.message.parse       [0m [36mparse_data_entities[0m=[35m[][0m [36mparse_data_intent[0m=[35m{'name': 'goodbye', 'confidence': 0.33251866698265076}[0m [36mparse_data_text[0m=[35mh[0m
2025-03-03 19:32:24,660 [DEBUG]  Logged UserUtterance - tracker now has 40 events.
2025-03-03 19:32:24,660 [DEBUG]  Validating extracted slots: topic
2025-03-03 19:32:24,660 [DEBUG]  [[32m[1mdebug    [0m] [1mprocessor.extract.slots       [0m [36maction_extract_slot[0m=[35maction_extract_slots[0m [36mlen_extraction_events[0m=[35m1[0m [36mrasa_events[0m=[35m[SlotSet(key: topic, value: h)][0m
2025-03-03 19:32:24,660 [DEBUG]  Running graph with inputs: {'__tracker__': <rasa.shared.core.trackers.DialogueStateTracker object at 0x31dd046d0>}, targets: ['select_prediction'] and ExecutionContext(model_id='3390a47f4b2e410dbf4b11076c8fc747', should_add_diagnostic_data=False, is_finetuning=False, node_name=None).
2025-03-03 19:32:24,660 [DEBUG]  Node 'rule_only_data_provider' running 'RuleOnlyDataProvider.provide'.
2025-03-03 19:32:24,660 [DEBUG]  Node 'domain_provider' running 'DomainProvider.provide_inference'.
2025-03-03 19:32:24,660 [DEBUG]  Node 'run_MemoizationPolicy0' running 'MemoizationPolicy.predict_action_probabilities'.
2025-03-03 19:32:24,661 [DEBUG]  [[32m[1mdebug    [0m] [1mmemoization.predict.actions   [0m [36mtracker_states[0m=[35m[{'user': {'intent': 'goodbye'}, 'prev_action': {'action_name': 'utter_goodbye'}}, {'user': {'intent': 'goodbye'}, 'prev_action': {'action_name': 'action_listen'}}][0m
2025-03-03 19:32:24,661 [DEBUG]  There is no memorised next action
2025-03-03 19:32:24,662 [DEBUG]  Node 'run_RulePolicy1' running 'RulePolicy.predict_action_probabilities'.
2025-03-03 19:32:24,672 [DEBUG]  [[32m[1mdebug    [0m] [1mrule_policy.actions.find      [0m [36mcurrent_states[0m=[35m
[state 1] user intent: goodbye | previous action name: action_listen
[state 2] user intent: goodbye | previous action name: utter_goodbye
[state 3] user intent: ask_architecture | previous action name: action_listen
[state 4] user intent: ask_architecture | previous action name: utter_architecture_response
[state 5] user intent: ask_architecture | previous action name: action_listen
[state 6] user intent: ask_architecture | previous action name: utter_architecture_response
[state 7] user intent: goodbye | previous action name: action_listen
[state 8] user intent: goodbye | previous action name: utter_goodbye
[state 9] user intent: goodbye | previous action name: action_listen
[state 10] user intent: goodbye | previous action name: utter_goodbye
[state 11] user text: h | previous action name: action_listen[0m
2025-03-03 19:32:24,672 [DEBUG]  There is no applicable rule.
2025-03-03 19:32:24,672 [DEBUG]  [[32m[1mdebug    [0m] [1mrule_policy.actions.find      [0m [36mcurrent_states[0m=[35m
[state 1] user intent: goodbye | previous action name: action_listen
[state 2] user intent: goodbye | previous action name: utter_goodbye
[state 3] user intent: ask_architecture | previous action name: action_listen
[state 4] user intent: ask_architecture | previous action name: utter_architecture_response
[state 5] user intent: ask_architecture | previous action name: action_listen
[state 6] user intent: ask_architecture | previous action name: utter_architecture_response
[state 7] user intent: goodbye | previous action name: action_listen
[state 8] user intent: goodbye | previous action name: utter_goodbye
[state 9] user intent: goodbye | previous action name: action_listen
[state 10] user intent: goodbye | previous action name: utter_goodbye
[state 11] user intent: goodbye | previous action name: action_listen[0m
2025-03-03 19:32:24,672 [DEBUG]  There is a rule for the next action 'utter_goodbye'.
2025-03-03 19:32:24,672 [DEBUG]  Node 'run_TEDPolicy2' running 'TEDPolicy.predict_action_probabilities'.
2025-03-03 19:32:24,675 [DEBUG]  TED predicted 'action_default_ask_rephrase' based on user intent.
2025-03-03 19:32:24,675 [DEBUG]  Node 'select_prediction' running 'DefaultPolicyPredictionEnsemble.combine_predictions_from_kwargs'.
2025-03-03 19:32:24,675 [DEBUG]  Made prediction using user intent.
2025-03-03 19:32:24,675 [DEBUG]  Added `DefinePrevUserUtteredFeaturization(False)` event.
2025-03-03 19:32:24,675 [DEBUG]  Predicted next action using RulePolicy.
2025-03-03 19:32:24,675 [DEBUG]  Predicted next action 'utter_goodbye' with confidence 1.00.
2025-03-03 19:32:24,676 [DEBUG]  [[32m[1mdebug    [0m] [1mprocessor.actions.policy_prediction[0m [36mprediction_events[0m=[35m[<rasa.shared.core.events.DefinePrevUserUtteredFeaturization object at 0x37a4c1630>][0m
2025-03-03 19:32:24,676 [DEBUG]  [[32m[1mdebug    [0m] [1mprocessor.actions.log         [0m [36maction_name[0m=[35mutter_goodbye[0m [36mrasa_events[0m=[35m[BotUttered('До свидания! Если появятся вопросы по архитектуре ПО, обращайтесь.', {"elements": null, "quick_replies": null, "buttons": null, "attachment": null, "image": null, "custom": null}, {"utter_action": "utter_goodbye"}, 1741026744.6761699)][0m
2025-03-03 19:32:24,676 [DEBUG]  Running graph with inputs: {'__tracker__': <rasa.shared.core.trackers.DialogueStateTracker object at 0x31dd046d0>}, targets: ['select_prediction'] and ExecutionContext(model_id='3390a47f4b2e410dbf4b11076c8fc747', should_add_diagnostic_data=False, is_finetuning=False, node_name=None).
2025-03-03 19:32:24,676 [DEBUG]  Node 'rule_only_data_provider' running 'RuleOnlyDataProvider.provide'.
2025-03-03 19:32:24,676 [DEBUG]  Node 'domain_provider' running 'DomainProvider.provide_inference'.
2025-03-03 19:32:24,676 [DEBUG]  Node 'run_MemoizationPolicy0' running 'MemoizationPolicy.predict_action_probabilities'.
2025-03-03 19:32:24,676 [DEBUG]  [[32m[1mdebug    [0m] [1mmemoization.predict.actions   [0m [36mtracker_states[0m=[35m[{'user': {'intent': 'goodbye'}, 'prev_action': {'action_name': 'action_listen'}}, {'user': {'intent': 'goodbye'}, 'prev_action': {'action_name': 'utter_goodbye'}}][0m
2025-03-03 19:32:24,677 [DEBUG]  There is a memorised next action 'action_listen'
2025-03-03 19:32:24,677 [DEBUG]  Node 'run_RulePolicy1' running 'RulePolicy.predict_action_probabilities'.
2025-03-03 19:32:24,677 [DEBUG]  [[32m[1mdebug    [0m] [1mrule_policy.actions.find      [0m [36mcurrent_states[0m=[35m
[state 1] user intent: goodbye | previous action name: action_listen
[state 2] user intent: goodbye | previous action name: utter_goodbye
[state 3] user intent: ask_architecture | previous action name: action_listen
[state 4] user intent: ask_architecture | previous action name: utter_architecture_response
[state 5] user intent: ask_architecture | previous action name: action_listen
[state 6] user intent: ask_architecture | previous action name: utter_architecture_response
[state 7] user intent: goodbye | previous action name: action_listen
[state 8] user intent: goodbye | previous action name: utter_goodbye
[state 9] user intent: goodbye | previous action name: action_listen
[state 10] user intent: goodbye | previous action name: utter_goodbye
[state 11] user intent: goodbye | previous action name: action_listen
[state 12] user intent: goodbye | previous action name: utter_goodbye[0m
2025-03-03 19:32:24,677 [DEBUG]  There is a rule for the next action 'action_listen'.
2025-03-03 19:32:24,677 [DEBUG]  Node 'run_TEDPolicy2' running 'TEDPolicy.predict_action_probabilities'.
2025-03-03 19:32:24,678 [DEBUG]  TED predicted 'action_two_stage_fallback' based on user intent.
2025-03-03 19:32:24,678 [DEBUG]  Node 'select_prediction' running 'DefaultPolicyPredictionEnsemble.combine_predictions_from_kwargs'.
2025-03-03 19:32:24,678 [DEBUG]  Predicted next action using RulePolicy.
2025-03-03 19:32:24,679 [DEBUG]  Predicted next action 'action_listen' with confidence 1.00.
2025-03-03 19:32:24,679 [DEBUG]  [[32m[1mdebug    [0m] [1mprocessor.actions.policy_prediction[0m [36mprediction_events[0m=[35m[][0m
2025-03-03 19:32:24,679 [DEBUG]  [[32m[1mdebug    [0m] [1mprocessor.actions.log         [0m [36maction_name[0m=[35maction_listen[0m [36mrasa_events[0m=[35m[][0m
2025-03-03 19:32:24,679 [DEBUG]  No event broker configured. Skipping streaming events.
2025-03-03 19:32:24,679 [DEBUG]  Deleted lock for conversation 'PractikumStudent'.
2025-03-03 19:32:32,494 [DEBUG]  Issuing ticket for conversation 'PractikumStudent'.
2025-03-03 19:32:32,494 [DEBUG]  Acquiring lock for conversation 'PractikumStudent'.
2025-03-03 19:32:32,494 [DEBUG]  Acquired lock for conversation 'PractikumStudent'.
2025-03-03 19:32:32,494 [DEBUG]  Recreating tracker for id 'PractikumStudent'
2025-03-03 19:32:32,502 [DEBUG]  Running graph with inputs: {'__message__': [<rasa.core.channels.channel.UserMessage object at 0x31dd07b50>], '__tracker__': <rasa.shared.core.trackers.DialogueStateTracker object at 0x37c3eee00>}, targets: ['run_RegexMessageHandler'] and ExecutionContext(model_id='3390a47f4b2e410dbf4b11076c8fc747', should_add_diagnostic_data=False, is_finetuning=False, node_name=None).
2025-03-03 19:32:32,503 [DEBUG]  Node 'nlu_message_converter' running 'NLUMessageConverter.convert_user_message'.
2025-03-03 19:32:32,503 [DEBUG]  Node 'run_WhitespaceTokenizer0' running 'WhitespaceTokenizer.process'.
2025-03-03 19:32:32,503 [DEBUG]  Node 'run_RegexFeaturizer1' running 'RegexFeaturizer.process'.
2025-03-03 19:32:32,504 [DEBUG]  Node 'run_LexicalSyntacticFeaturizer2' running 'LexicalSyntacticFeaturizer.process'.
2025-03-03 19:32:32,504 [DEBUG]  Node 'run_CountVectorsFeaturizer3' running 'CountVectorsFeaturizer.process'.
2025-03-03 19:32:32,505 [DEBUG]  Node 'run_LanguageModelFeaturizer4' running 'LanguageModelFeaturizer.process'.
2025-03-03 19:32:32,827 [DEBUG]  Node 'run_DIETClassifier5' running 'DIETClassifier.process'.
2025-03-03 19:32:32,829 [DEBUG]  Node 'run_EntitySynonymMapper6' running 'EntitySynonymMapper.process'.
2025-03-03 19:32:32,829 [DEBUG]  Node 'run_ResponseSelector7' running 'ResponseSelector.process'.
2025-03-03 19:32:32,829 [DEBUG]  There is no trained model for 'ResponseSelector': The component is either not trained or didn't receive enough training data.
2025-03-03 19:32:32,829 [DEBUG]  Adding following selector key to message property: default
2025-03-03 19:32:32,829 [DEBUG]  Node 'domain_provider' running 'DomainProvider.provide_inference'.
2025-03-03 19:32:32,829 [DEBUG]  Node 'run_RegexMessageHandler' running 'RegexMessageHandler.process'.
2025-03-03 19:32:32,829 [DEBUG]  [[32m[1mdebug    [0m] [1mprocessor.message.parse       [0m [36mparse_data_entities[0m=[35m[][0m [36mparse_data_intent[0m=[35m{'name': 'ask_architecture', 'confidence': 0.33302417397499084}[0m [36mparse_data_text[0m=[35mархитетура[0m
2025-03-03 19:32:32,829 [DEBUG]  Logged UserUtterance - tracker now has 46 events.
2025-03-03 19:32:32,829 [DEBUG]  Validating extracted slots: topic
2025-03-03 19:32:32,829 [DEBUG]  [[32m[1mdebug    [0m] [1mprocessor.extract.slots       [0m [36maction_extract_slot[0m=[35maction_extract_slots[0m [36mlen_extraction_events[0m=[35m1[0m [36mrasa_events[0m=[35m[SlotSet(key: topic, value: архитетура)][0m
2025-03-03 19:32:32,829 [DEBUG]  Running graph with inputs: {'__tracker__': <rasa.shared.core.trackers.DialogueStateTracker object at 0x37c3eee00>}, targets: ['select_prediction'] and ExecutionContext(model_id='3390a47f4b2e410dbf4b11076c8fc747', should_add_diagnostic_data=False, is_finetuning=False, node_name=None).
2025-03-03 19:32:32,830 [DEBUG]  Node 'rule_only_data_provider' running 'RuleOnlyDataProvider.provide'.
2025-03-03 19:32:32,830 [DEBUG]  Node 'domain_provider' running 'DomainProvider.provide_inference'.
2025-03-03 19:32:32,830 [DEBUG]  Node 'run_MemoizationPolicy0' running 'MemoizationPolicy.predict_action_probabilities'.
2025-03-03 19:32:32,830 [DEBUG]  [[32m[1mdebug    [0m] [1mmemoization.predict.actions   [0m [36mtracker_states[0m=[35m[{'user': {'intent': 'goodbye'}, 'prev_action': {'action_name': 'utter_goodbye'}}, {'user': {'intent': 'ask_architecture'}, 'prev_action': {'action_name': 'action_listen'}}][0m
2025-03-03 19:32:32,830 [DEBUG]  There is no memorised next action
2025-03-03 19:32:32,830 [DEBUG]  Node 'run_RulePolicy1' running 'RulePolicy.predict_action_probabilities'.
2025-03-03 19:32:32,830 [DEBUG]  [[32m[1mdebug    [0m] [1mrule_policy.actions.find      [0m [36mcurrent_states[0m=[35m
[state 1] user intent: goodbye | previous action name: action_listen
[state 2] user intent: goodbye | previous action name: utter_goodbye
[state 3] user intent: ask_architecture | previous action name: action_listen
[state 4] user intent: ask_architecture | previous action name: utter_architecture_response
[state 5] user intent: ask_architecture | previous action name: action_listen
[state 6] user intent: ask_architecture | previous action name: utter_architecture_response
[state 7] user intent: goodbye | previous action name: action_listen
[state 8] user intent: goodbye | previous action name: utter_goodbye
[state 9] user intent: goodbye | previous action name: action_listen
[state 10] user intent: goodbye | previous action name: utter_goodbye
[state 11] user intent: goodbye | previous action name: action_listen
[state 12] user intent: goodbye | previous action name: utter_goodbye
[state 13] user text: архитетура | previous action name: action_listen[0m
2025-03-03 19:32:32,830 [DEBUG]  There is no applicable rule.
2025-03-03 19:32:32,830 [DEBUG]  [[32m[1mdebug    [0m] [1mrule_policy.actions.find      [0m [36mcurrent_states[0m=[35m
[state 1] user intent: goodbye | previous action name: action_listen
[state 2] user intent: goodbye | previous action name: utter_goodbye
[state 3] user intent: ask_architecture | previous action name: action_listen
[state 4] user intent: ask_architecture | previous action name: utter_architecture_response
[state 5] user intent: ask_architecture | previous action name: action_listen
[state 6] user intent: ask_architecture | previous action name: utter_architecture_response
[state 7] user intent: goodbye | previous action name: action_listen
[state 8] user intent: goodbye | previous action name: utter_goodbye
[state 9] user intent: goodbye | previous action name: action_listen
[state 10] user intent: goodbye | previous action name: utter_goodbye
[state 11] user intent: goodbye | previous action name: action_listen
[state 12] user intent: goodbye | previous action name: utter_goodbye
[state 13] user intent: ask_architecture | previous action name: action_listen[0m
2025-03-03 19:32:32,831 [DEBUG]  There is a rule for the next action 'utter_architecture_response'.
2025-03-03 19:32:32,831 [DEBUG]  Node 'run_TEDPolicy2' running 'TEDPolicy.predict_action_probabilities'.
2025-03-03 19:32:32,832 [DEBUG]  TED predicted 'action_session_start' based on user intent.
2025-03-03 19:32:32,832 [DEBUG]  Node 'select_prediction' running 'DefaultPolicyPredictionEnsemble.combine_predictions_from_kwargs'.
2025-03-03 19:32:32,832 [DEBUG]  Made prediction using user intent.
2025-03-03 19:32:32,832 [DEBUG]  Added `DefinePrevUserUtteredFeaturization(False)` event.
2025-03-03 19:32:32,832 [DEBUG]  Predicted next action using RulePolicy.
2025-03-03 19:32:32,832 [DEBUG]  Predicted next action 'utter_architecture_response' with confidence 1.00.
2025-03-03 19:32:32,832 [DEBUG]  [[32m[1mdebug    [0m] [1mprocessor.actions.policy_prediction[0m [36mprediction_events[0m=[35m[<rasa.shared.core.events.DefinePrevUserUtteredFeaturization object at 0x377c19630>][0m
2025-03-03 19:32:32,832 [DEBUG]  [[32m[1mdebug    [0m] [1mprocessor.actions.log         [0m [36maction_name[0m=[35mutter_architecture_response[0m [36mrasa_events[0m=[35m[BotUttered('Архитектура ПО включает выбор структур, которые обеспечивают масштабируемость, гибкость и поддерживаемость приложения. Задайте конкретный вопрос по этой теме, и я помогу вам с информацией.', {"elements": null, "quick_replies": null, "buttons": null, "attachment": null, "image": null, "custom": null}, {"utter_action": "utter_architecture_response"}, 1741026752.832745)][0m
2025-03-03 19:32:32,832 [DEBUG]  Running graph with inputs: {'__tracker__': <rasa.shared.core.trackers.DialogueStateTracker object at 0x37c3eee00>}, targets: ['select_prediction'] and ExecutionContext(model_id='3390a47f4b2e410dbf4b11076c8fc747', should_add_diagnostic_data=False, is_finetuning=False, node_name=None).
2025-03-03 19:32:32,833 [DEBUG]  Node 'rule_only_data_provider' running 'RuleOnlyDataProvider.provide'.
2025-03-03 19:32:32,833 [DEBUG]  Node 'domain_provider' running 'DomainProvider.provide_inference'.
2025-03-03 19:32:32,833 [DEBUG]  Node 'run_MemoizationPolicy0' running 'MemoizationPolicy.predict_action_probabilities'.
2025-03-03 19:32:32,833 [DEBUG]  [[32m[1mdebug    [0m] [1mmemoization.predict.actions   [0m [36mtracker_states[0m=[35m[{'user': {'intent': 'ask_architecture'}, 'prev_action': {'action_name': 'action_listen'}}, {'user': {'intent': 'ask_architecture'}, 'prev_action': {'action_name': 'utter_architecture_response'}}][0m
2025-03-03 19:32:32,833 [DEBUG]  There is a memorised next action 'action_listen'
2025-03-03 19:32:32,833 [DEBUG]  Node 'run_RulePolicy1' running 'RulePolicy.predict_action_probabilities'.
2025-03-03 19:32:32,833 [DEBUG]  [[32m[1mdebug    [0m] [1mrule_policy.actions.find      [0m [36mcurrent_states[0m=[35m
[state 1] user intent: goodbye | previous action name: action_listen
[state 2] user intent: goodbye | previous action name: utter_goodbye
[state 3] user intent: ask_architecture | previous action name: action_listen
[state 4] user intent: ask_architecture | previous action name: utter_architecture_response
[state 5] user intent: ask_architecture | previous action name: action_listen
[state 6] user intent: ask_architecture | previous action name: utter_architecture_response
[state 7] user intent: goodbye | previous action name: action_listen
[state 8] user intent: goodbye | previous action name: utter_goodbye
[state 9] user intent: goodbye | previous action name: action_listen
[state 10] user intent: goodbye | previous action name: utter_goodbye
[state 11] user intent: goodbye | previous action name: action_listen
[state 12] user intent: goodbye | previous action name: utter_goodbye
[state 13] user intent: ask_architecture | previous action name: action_listen
[state 14] user intent: ask_architecture | previous action name: utter_architecture_response[0m
2025-03-03 19:32:32,833 [DEBUG]  There is a rule for the next action 'action_listen'.
2025-03-03 19:32:32,833 [DEBUG]  Node 'run_TEDPolicy2' running 'TEDPolicy.predict_action_probabilities'.
2025-03-03 19:32:32,834 [DEBUG]  TED predicted 'action_two_stage_fallback' based on user intent.
2025-03-03 19:32:32,834 [DEBUG]  Node 'select_prediction' running 'DefaultPolicyPredictionEnsemble.combine_predictions_from_kwargs'.
2025-03-03 19:32:32,835 [DEBUG]  Predicted next action using RulePolicy.
2025-03-03 19:32:32,835 [DEBUG]  Predicted next action 'action_listen' with confidence 1.00.
2025-03-03 19:32:32,835 [DEBUG]  [[32m[1mdebug    [0m] [1mprocessor.actions.policy_prediction[0m [36mprediction_events[0m=[35m[][0m
2025-03-03 19:32:32,835 [DEBUG]  [[32m[1mdebug    [0m] [1mprocessor.actions.log         [0m [36maction_name[0m=[35maction_listen[0m [36mrasa_events[0m=[35m[][0m
2025-03-03 19:32:32,835 [DEBUG]  No event broker configured. Skipping streaming events.
2025-03-03 19:32:32,835 [DEBUG]  Deleted lock for conversation 'PractikumStudent'.
2025-03-03 19:32:34,769 [DEBUG]  Issuing ticket for conversation 'PractikumStudent'.
2025-03-03 19:32:34,769 [DEBUG]  Acquiring lock for conversation 'PractikumStudent'.
2025-03-03 19:32:34,769 [DEBUG]  Acquired lock for conversation 'PractikumStudent'.
2025-03-03 19:32:34,769 [DEBUG]  Recreating tracker for id 'PractikumStudent'
2025-03-03 19:32:34,777 [DEBUG]  Running graph with inputs: {'__message__': [<rasa.core.channels.channel.UserMessage object at 0x31dd046d0>], '__tracker__': <rasa.shared.core.trackers.DialogueStateTracker object at 0x377c19630>}, targets: ['run_RegexMessageHandler'] and ExecutionContext(model_id='3390a47f4b2e410dbf4b11076c8fc747', should_add_diagnostic_data=False, is_finetuning=False, node_name=None).
2025-03-03 19:32:34,778 [DEBUG]  Node 'nlu_message_converter' running 'NLUMessageConverter.convert_user_message'.
2025-03-03 19:32:34,778 [DEBUG]  Node 'run_WhitespaceTokenizer0' running 'WhitespaceTokenizer.process'.
2025-03-03 19:32:34,778 [DEBUG]  Node 'run_RegexFeaturizer1' running 'RegexFeaturizer.process'.
2025-03-03 19:32:34,778 [DEBUG]  Node 'run_LexicalSyntacticFeaturizer2' running 'LexicalSyntacticFeaturizer.process'.
2025-03-03 19:32:34,779 [DEBUG]  Node 'run_CountVectorsFeaturizer3' running 'CountVectorsFeaturizer.process'.
2025-03-03 19:32:34,780 [DEBUG]  Node 'run_LanguageModelFeaturizer4' running 'LanguageModelFeaturizer.process'.
2025-03-03 19:32:34,865 [DEBUG]  Node 'run_DIETClassifier5' running 'DIETClassifier.process'.
2025-03-03 19:32:34,867 [DEBUG]  Node 'run_EntitySynonymMapper6' running 'EntitySynonymMapper.process'.
2025-03-03 19:32:34,867 [DEBUG]  Node 'run_ResponseSelector7' running 'ResponseSelector.process'.
2025-03-03 19:32:34,867 [DEBUG]  There is no trained model for 'ResponseSelector': The component is either not trained or didn't receive enough training data.
2025-03-03 19:32:34,867 [DEBUG]  Adding following selector key to message property: default
2025-03-03 19:32:34,867 [DEBUG]  Node 'domain_provider' running 'DomainProvider.provide_inference'.
2025-03-03 19:32:34,867 [DEBUG]  Node 'run_RegexMessageHandler' running 'RegexMessageHandler.process'.
2025-03-03 19:32:34,867 [DEBUG]  [[32m[1mdebug    [0m] [1mprocessor.message.parse       [0m [36mparse_data_entities[0m=[35m[][0m [36mparse_data_intent[0m=[35m{'name': 'ask_architecture', 'confidence': 0.37323376536369324}[0m [36mparse_data_text[0m=[35mпривет[0m
2025-03-03 19:32:34,867 [DEBUG]  Logged UserUtterance - tracker now has 52 events.
2025-03-03 19:32:34,867 [DEBUG]  Validating extracted slots: topic
2025-03-03 19:32:34,868 [DEBUG]  [[32m[1mdebug    [0m] [1mprocessor.extract.slots       [0m [36maction_extract_slot[0m=[35maction_extract_slots[0m [36mlen_extraction_events[0m=[35m1[0m [36mrasa_events[0m=[35m[SlotSet(key: topic, value: привет)][0m
2025-03-03 19:32:34,868 [DEBUG]  Running graph with inputs: {'__tracker__': <rasa.shared.core.trackers.DialogueStateTracker object at 0x377c19630>}, targets: ['select_prediction'] and ExecutionContext(model_id='3390a47f4b2e410dbf4b11076c8fc747', should_add_diagnostic_data=False, is_finetuning=False, node_name=None).
2025-03-03 19:32:34,868 [DEBUG]  Node 'rule_only_data_provider' running 'RuleOnlyDataProvider.provide'.
2025-03-03 19:32:34,868 [DEBUG]  Node 'domain_provider' running 'DomainProvider.provide_inference'.
2025-03-03 19:32:34,868 [DEBUG]  Node 'run_MemoizationPolicy0' running 'MemoizationPolicy.predict_action_probabilities'.
2025-03-03 19:32:34,868 [DEBUG]  [[32m[1mdebug    [0m] [1mmemoization.predict.actions   [0m [36mtracker_states[0m=[35m[{'user': {'intent': 'ask_architecture'}, 'prev_action': {'action_name': 'utter_architecture_response'}}, {'user': {'intent': 'ask_architecture'}, 'prev_action': {'action_name': 'action_listen'}}][0m
2025-03-03 19:32:34,868 [DEBUG]  There is no memorised next action
2025-03-03 19:32:34,868 [DEBUG]  Node 'run_RulePolicy1' running 'RulePolicy.predict_action_probabilities'.
2025-03-03 19:32:34,868 [DEBUG]  [[32m[1mdebug    [0m] [1mrule_policy.actions.find      [0m [36mcurrent_states[0m=[35m
[state 1] user intent: goodbye | previous action name: action_listen
[state 2] user intent: goodbye | previous action name: utter_goodbye
[state 3] user intent: ask_architecture | previous action name: action_listen
[state 4] user intent: ask_architecture | previous action name: utter_architecture_response
[state 5] user intent: ask_architecture | previous action name: action_listen
[state 6] user intent: ask_architecture | previous action name: utter_architecture_response
[state 7] user intent: goodbye | previous action name: action_listen
[state 8] user intent: goodbye | previous action name: utter_goodbye
[state 9] user intent: goodbye | previous action name: action_listen
[state 10] user intent: goodbye | previous action name: utter_goodbye
[state 11] user intent: goodbye | previous action name: action_listen
[state 12] user intent: goodbye | previous action name: utter_goodbye
[state 13] user intent: ask_architecture | previous action name: action_listen
[state 14] user intent: ask_architecture | previous action name: utter_architecture_response
[state 15] user text: привет | previous action name: action_listen[0m
2025-03-03 19:32:34,869 [DEBUG]  There is no applicable rule.
2025-03-03 19:32:34,869 [DEBUG]  [[32m[1mdebug    [0m] [1mrule_policy.actions.find      [0m [36mcurrent_states[0m=[35m
[state 1] user intent: goodbye | previous action name: action_listen
[state 2] user intent: goodbye | previous action name: utter_goodbye
[state 3] user intent: ask_architecture | previous action name: action_listen
[state 4] user intent: ask_architecture | previous action name: utter_architecture_response
[state 5] user intent: ask_architecture | previous action name: action_listen
[state 6] user intent: ask_architecture | previous action name: utter_architecture_response
[state 7] user intent: goodbye | previous action name: action_listen
[state 8] user intent: goodbye | previous action name: utter_goodbye
[state 9] user intent: goodbye | previous action name: action_listen
[state 10] user intent: goodbye | previous action name: utter_goodbye
[state 11] user intent: goodbye | previous action name: action_listen
[state 12] user intent: goodbye | previous action name: utter_goodbye
[state 13] user intent: ask_architecture | previous action name: action_listen
[state 14] user intent: ask_architecture | previous action name: utter_architecture_response
[state 15] user intent: ask_architecture | previous action name: action_listen[0m
2025-03-03 19:32:34,869 [DEBUG]  There is a rule for the next action 'utter_architecture_response'.
2025-03-03 19:32:34,869 [DEBUG]  Node 'run_TEDPolicy2' running 'TEDPolicy.predict_action_probabilities'.
2025-03-03 19:32:34,871 [DEBUG]  TED predicted 'action_session_start' based on user intent.
2025-03-03 19:32:34,871 [DEBUG]  Node 'select_prediction' running 'DefaultPolicyPredictionEnsemble.combine_predictions_from_kwargs'.
2025-03-03 19:32:34,871 [DEBUG]  Made prediction using user intent.
2025-03-03 19:32:34,871 [DEBUG]  Added `DefinePrevUserUtteredFeaturization(False)` event.
2025-03-03 19:32:34,871 [DEBUG]  Predicted next action using RulePolicy.
2025-03-03 19:32:34,871 [DEBUG]  Predicted next action 'utter_architecture_response' with confidence 1.00.
2025-03-03 19:32:34,871 [DEBUG]  [[32m[1mdebug    [0m] [1mprocessor.actions.policy_prediction[0m [36mprediction_events[0m=[35m[<rasa.shared.core.events.DefinePrevUserUtteredFeaturization object at 0x3788ff6d0>][0m
2025-03-03 19:32:34,871 [DEBUG]  [[32m[1mdebug    [0m] [1mprocessor.actions.log         [0m [36maction_name[0m=[35mutter_architecture_response[0m [36mrasa_events[0m=[35m[BotUttered('Архитектура ПО включает выбор структур, которые обеспечивают масштабируемость, гибкость и поддерживаемость приложения. Задайте конкретный вопрос по этой теме, и я помогу вам с информацией.', {"elements": null, "quick_replies": null, "buttons": null, "attachment": null, "image": null, "custom": null}, {"utter_action": "utter_architecture_response"}, 1741026754.8717911)][0m
2025-03-03 19:32:34,871 [DEBUG]  Running graph with inputs: {'__tracker__': <rasa.shared.core.trackers.DialogueStateTracker object at 0x377c19630>}, targets: ['select_prediction'] and ExecutionContext(model_id='3390a47f4b2e410dbf4b11076c8fc747', should_add_diagnostic_data=False, is_finetuning=False, node_name=None).
2025-03-03 19:32:34,872 [DEBUG]  Node 'rule_only_data_provider' running 'RuleOnlyDataProvider.provide'.
2025-03-03 19:32:34,872 [DEBUG]  Node 'domain_provider' running 'DomainProvider.provide_inference'.
2025-03-03 19:32:34,872 [DEBUG]  Node 'run_MemoizationPolicy0' running 'MemoizationPolicy.predict_action_probabilities'.
2025-03-03 19:32:34,872 [DEBUG]  [[32m[1mdebug    [0m] [1mmemoization.predict.actions   [0m [36mtracker_states[0m=[35m[{'user': {'intent': 'ask_architecture'}, 'prev_action': {'action_name': 'action_listen'}}, {'user': {'intent': 'ask_architecture'}, 'prev_action': {'action_name': 'utter_architecture_response'}}][0m
2025-03-03 19:32:34,872 [DEBUG]  There is a memorised next action 'action_listen'
2025-03-03 19:32:34,872 [DEBUG]  Node 'run_RulePolicy1' running 'RulePolicy.predict_action_probabilities'.
2025-03-03 19:32:34,872 [DEBUG]  [[32m[1mdebug    [0m] [1mrule_policy.actions.find      [0m [36mcurrent_states[0m=[35m
[state 1] user intent: goodbye | previous action name: action_listen
[state 2] user intent: goodbye | previous action name: utter_goodbye
[state 3] user intent: ask_architecture | previous action name: action_listen
[state 4] user intent: ask_architecture | previous action name: utter_architecture_response
[state 5] user intent: ask_architecture | previous action name: action_listen
[state 6] user intent: ask_architecture | previous action name: utter_architecture_response
[state 7] user intent: goodbye | previous action name: action_listen
[state 8] user intent: goodbye | previous action name: utter_goodbye
[state 9] user intent: goodbye | previous action name: action_listen
[state 10] user intent: goodbye | previous action name: utter_goodbye
[state 11] user intent: goodbye | previous action name: action_listen
[state 12] user intent: goodbye | previous action name: utter_goodbye
[state 13] user intent: ask_architecture | previous action name: action_listen
[state 14] user intent: ask_architecture | previous action name: utter_architecture_response
[state 15] user intent: ask_architecture | previous action name: action_listen
[state 16] user intent: ask_architecture | previous action name: utter_architecture_response[0m
2025-03-03 19:32:34,872 [DEBUG]  There is a rule for the next action 'action_listen'.
2025-03-03 19:32:34,872 [DEBUG]  Node 'run_TEDPolicy2' running 'TEDPolicy.predict_action_probabilities'.
2025-03-03 19:32:34,874 [DEBUG]  TED predicted 'action_two_stage_fallback' based on user intent.
2025-03-03 19:32:34,874 [DEBUG]  Node 'select_prediction' running 'DefaultPolicyPredictionEnsemble.combine_predictions_from_kwargs'.
2025-03-03 19:32:34,874 [DEBUG]  Predicted next action using RulePolicy.
2025-03-03 19:32:34,874 [DEBUG]  Predicted next action 'action_listen' with confidence 1.00.
2025-03-03 19:32:34,874 [DEBUG]  [[32m[1mdebug    [0m] [1mprocessor.actions.policy_prediction[0m [36mprediction_events[0m=[35m[][0m
2025-03-03 19:32:34,874 [DEBUG]  [[32m[1mdebug    [0m] [1mprocessor.actions.log         [0m [36maction_name[0m=[35maction_listen[0m [36mrasa_events[0m=[35m[][0m
2025-03-03 19:32:34,874 [DEBUG]  No event broker configured. Skipping streaming events.
2025-03-03 19:32:34,875 [DEBUG]  Deleted lock for conversation 'PractikumStudent'.
2025-03-03 19:32:39,423 [DEBUG]  Issuing ticket for conversation 'PractikumStudent'.
2025-03-03 19:32:39,423 [DEBUG]  Acquiring lock for conversation 'PractikumStudent'.
2025-03-03 19:32:39,423 [DEBUG]  Acquired lock for conversation 'PractikumStudent'.
2025-03-03 19:32:39,423 [DEBUG]  Recreating tracker for id 'PractikumStudent'
2025-03-03 19:32:39,433 [DEBUG]  Running graph with inputs: {'__message__': [<rasa.core.channels.channel.UserMessage object at 0x377c19630>], '__tracker__': <rasa.shared.core.trackers.DialogueStateTracker object at 0x378b74a00>}, targets: ['run_RegexMessageHandler'] and ExecutionContext(model_id='3390a47f4b2e410dbf4b11076c8fc747', should_add_diagnostic_data=False, is_finetuning=False, node_name=None).
2025-03-03 19:32:39,433 [DEBUG]  Node 'nlu_message_converter' running 'NLUMessageConverter.convert_user_message'.
2025-03-03 19:32:39,434 [DEBUG]  Node 'run_WhitespaceTokenizer0' running 'WhitespaceTokenizer.process'.
2025-03-03 19:32:39,434 [DEBUG]  Node 'run_RegexFeaturizer1' running 'RegexFeaturizer.process'.
2025-03-03 19:32:39,434 [DEBUG]  Node 'run_LexicalSyntacticFeaturizer2' running 'LexicalSyntacticFeaturizer.process'.
2025-03-03 19:32:39,435 [DEBUG]  Node 'run_CountVectorsFeaturizer3' running 'CountVectorsFeaturizer.process'.
2025-03-03 19:32:39,435 [DEBUG]  Node 'run_LanguageModelFeaturizer4' running 'LanguageModelFeaturizer.process'.
2025-03-03 19:32:39,537 [DEBUG]  Node 'run_DIETClassifier5' running 'DIETClassifier.process'.
2025-03-03 19:32:39,539 [DEBUG]  Node 'run_EntitySynonymMapper6' running 'EntitySynonymMapper.process'.
2025-03-03 19:32:39,539 [DEBUG]  Node 'run_ResponseSelector7' running 'ResponseSelector.process'.
2025-03-03 19:32:39,539 [DEBUG]  There is no trained model for 'ResponseSelector': The component is either not trained or didn't receive enough training data.
2025-03-03 19:32:39,539 [DEBUG]  Adding following selector key to message property: default
2025-03-03 19:32:39,539 [DEBUG]  Node 'domain_provider' running 'DomainProvider.provide_inference'.
2025-03-03 19:32:39,539 [DEBUG]  Node 'run_RegexMessageHandler' running 'RegexMessageHandler.process'.
2025-03-03 19:32:39,539 [DEBUG]  [[32m[1mdebug    [0m] [1mprocessor.message.parse       [0m [36mparse_data_entities[0m=[35m[][0m [36mparse_data_intent[0m=[35m{'name': 'deny', 'confidence': 0.3176040053367615}[0m [36mparse_data_text[0m=[35mHello[0m
2025-03-03 19:32:39,539 [DEBUG]  Logged UserUtterance - tracker now has 58 events.
2025-03-03 19:32:39,540 [DEBUG]  Validating extracted slots: topic
2025-03-03 19:32:39,540 [DEBUG]  [[32m[1mdebug    [0m] [1mprocessor.extract.slots       [0m [36maction_extract_slot[0m=[35maction_extract_slots[0m [36mlen_extraction_events[0m=[35m1[0m [36mrasa_events[0m=[35m[SlotSet(key: topic, value: Hello)][0m
2025-03-03 19:32:39,540 [DEBUG]  Running graph with inputs: {'__tracker__': <rasa.shared.core.trackers.DialogueStateTracker object at 0x378b74a00>}, targets: ['select_prediction'] and ExecutionContext(model_id='3390a47f4b2e410dbf4b11076c8fc747', should_add_diagnostic_data=False, is_finetuning=False, node_name=None).
2025-03-03 19:32:39,540 [DEBUG]  Node 'rule_only_data_provider' running 'RuleOnlyDataProvider.provide'.
2025-03-03 19:32:39,540 [DEBUG]  Node 'domain_provider' running 'DomainProvider.provide_inference'.
2025-03-03 19:32:39,540 [DEBUG]  Node 'run_MemoizationPolicy0' running 'MemoizationPolicy.predict_action_probabilities'.
2025-03-03 19:32:39,540 [DEBUG]  [[32m[1mdebug    [0m] [1mmemoization.predict.actions   [0m [36mtracker_states[0m=[35m[{'user': {'intent': 'ask_architecture'}, 'prev_action': {'action_name': 'utter_architecture_response'}}, {'user': {'intent': 'deny'}, 'prev_action': {'action_name': 'action_listen'}}][0m
2025-03-03 19:32:39,540 [DEBUG]  There is no memorised next action
2025-03-03 19:32:39,540 [DEBUG]  Node 'run_RulePolicy1' running 'RulePolicy.predict_action_probabilities'.
2025-03-03 19:32:39,541 [DEBUG]  [[32m[1mdebug    [0m] [1mrule_policy.actions.find      [0m [36mcurrent_states[0m=[35m
[state 1] user intent: goodbye | previous action name: action_listen
[state 2] user intent: goodbye | previous action name: utter_goodbye
[state 3] user intent: ask_architecture | previous action name: action_listen
[state 4] user intent: ask_architecture | previous action name: utter_architecture_response
[state 5] user intent: ask_architecture | previous action name: action_listen
[state 6] user intent: ask_architecture | previous action name: utter_architecture_response
[state 7] user intent: goodbye | previous action name: action_listen
[state 8] user intent: goodbye | previous action name: utter_goodbye
[state 9] user intent: goodbye | previous action name: action_listen
[state 10] user intent: goodbye | previous action name: utter_goodbye
[state 11] user intent: goodbye | previous action name: action_listen
[state 12] user intent: goodbye | previous action name: utter_goodbye
[state 13] user intent: ask_architecture | previous action name: action_listen
[state 14] user intent: ask_architecture | previous action name: utter_architecture_response
[state 15] user intent: ask_architecture | previous action name: action_listen
[state 16] user intent: ask_architecture | previous action name: utter_architecture_response
[state 17] user text: Hello | previous action name: action_listen[0m
2025-03-03 19:32:39,541 [DEBUG]  There is no applicable rule.
2025-03-03 19:32:39,541 [DEBUG]  [[32m[1mdebug    [0m] [1mrule_policy.actions.find      [0m [36mcurrent_states[0m=[35m
[state 1] user intent: goodbye | previous action name: action_listen
[state 2] user intent: goodbye | previous action name: utter_goodbye
[state 3] user intent: ask_architecture | previous action name: action_listen
[state 4] user intent: ask_architecture | previous action name: utter_architecture_response
[state 5] user intent: ask_architecture | previous action name: action_listen
[state 6] user intent: ask_architecture | previous action name: utter_architecture_response
[state 7] user intent: goodbye | previous action name: action_listen
[state 8] user intent: goodbye | previous action name: utter_goodbye
[state 9] user intent: goodbye | previous action name: action_listen
[state 10] user intent: goodbye | previous action name: utter_goodbye
[state 11] user intent: goodbye | previous action name: action_listen
[state 12] user intent: goodbye | previous action name: utter_goodbye
[state 13] user intent: ask_architecture | previous action name: action_listen
[state 14] user intent: ask_architecture | previous action name: utter_architecture_response
[state 15] user intent: ask_architecture | previous action name: action_listen
[state 16] user intent: ask_architecture | previous action name: utter_architecture_response
[state 17] user intent: deny | previous action name: action_listen[0m
2025-03-03 19:32:39,541 [DEBUG]  There is no applicable rule.
2025-03-03 19:32:39,541 [DEBUG]  Node 'run_TEDPolicy2' running 'TEDPolicy.predict_action_probabilities'.
2025-03-03 19:32:39,544 [DEBUG]  TED predicted 'action_default_ask_rephrase' based on user intent.
2025-03-03 19:32:39,544 [DEBUG]  Node 'select_prediction' running 'DefaultPolicyPredictionEnsemble.combine_predictions_from_kwargs'.
2025-03-03 19:32:39,544 [DEBUG]  Made prediction using user intent.
2025-03-03 19:32:39,544 [DEBUG]  Added `DefinePrevUserUtteredFeaturization(False)` event.
2025-03-03 19:32:39,544 [DEBUG]  Predicted next action using RulePolicy.
2025-03-03 19:32:39,544 [DEBUG]  Predicted next action 'action_default_fallback' with confidence 0.30.
2025-03-03 19:32:39,545 [DEBUG]  [[32m[1mdebug    [0m] [1mprocessor.actions.policy_prediction[0m [36mprediction_events[0m=[35m[<rasa.shared.core.events.DefinePrevUserUtteredFeaturization object at 0x37bbe6a70>][0m
2025-03-03 19:32:39,545 [DEBUG]  [[32m[1mdebug    [0m] [1mprocessor.actions.log         [0m [36maction_name[0m=[35maction_default_fallback[0m [36mrasa_events[0m=[35m[<rasa.shared.core.events.UserUtteranceReverted object at 0x377e7cc10>][0m
2025-03-03 19:32:39,545 [DEBUG]  [[32m[1mdebug    [0m] [1mprocessor.slots.log           [0m [36mslot_values[0m=[35m	topic: привет
	session_started_metadata: None[0m
2025-03-03 19:32:39,545 [DEBUG]  Running graph with inputs: {'__tracker__': <rasa.shared.core.trackers.DialogueStateTracker object at 0x378b74a00>}, targets: ['select_prediction'] and ExecutionContext(model_id='3390a47f4b2e410dbf4b11076c8fc747', should_add_diagnostic_data=False, is_finetuning=False, node_name=None).
2025-03-03 19:32:39,545 [DEBUG]  Node 'rule_only_data_provider' running 'RuleOnlyDataProvider.provide'.
2025-03-03 19:32:39,545 [DEBUG]  Node 'domain_provider' running 'DomainProvider.provide_inference'.
2025-03-03 19:32:39,545 [DEBUG]  Node 'run_MemoizationPolicy0' running 'MemoizationPolicy.predict_action_probabilities'.
2025-03-03 19:32:39,545 [DEBUG]  [[32m[1mdebug    [0m] [1mmemoization.predict.actions   [0m [36mtracker_states[0m=[35m[{'user': {'intent': 'ask_architecture'}, 'prev_action': {'action_name': 'action_listen'}}, {'user': {'intent': 'ask_architecture'}, 'prev_action': {'action_name': 'utter_architecture_response'}}][0m
2025-03-03 19:32:39,545 [DEBUG]  There is a memorised next action 'action_listen'
2025-03-03 19:32:39,546 [DEBUG]  Node 'run_RulePolicy1' running 'RulePolicy.predict_action_probabilities'.
2025-03-03 19:32:39,546 [DEBUG]  [[32m[1mdebug    [0m] [1mrule_policy.actions.find      [0m [36mcurrent_states[0m=[35m
[state 1] user intent: goodbye | previous action name: action_listen
[state 2] user intent: goodbye | previous action name: utter_goodbye
[state 3] user intent: ask_architecture | previous action name: action_listen
[state 4] user intent: ask_architecture | previous action name: utter_architecture_response
[state 5] user intent: ask_architecture | previous action name: action_listen
[state 6] user intent: ask_architecture | previous action name: utter_architecture_response
[state 7] user intent: goodbye | previous action name: action_listen
[state 8] user intent: goodbye | previous action name: utter_goodbye
[state 9] user intent: goodbye | previous action name: action_listen
[state 10] user intent: goodbye | previous action name: utter_goodbye
[state 11] user intent: goodbye | previous action name: action_listen
[state 12] user intent: goodbye | previous action name: utter_goodbye
[state 13] user intent: ask_architecture | previous action name: action_listen
[state 14] user intent: ask_architecture | previous action name: utter_architecture_response
[state 15] user intent: ask_architecture | previous action name: action_listen
[state 16] user intent: ask_architecture | previous action name: utter_architecture_response[0m
2025-03-03 19:32:39,546 [DEBUG]  There is a rule for the next action 'action_listen'.
2025-03-03 19:32:39,546 [DEBUG]  Node 'run_TEDPolicy2' running 'TEDPolicy.predict_action_probabilities'.
2025-03-03 19:32:39,548 [DEBUG]  TED predicted 'action_two_stage_fallback' based on user intent.
2025-03-03 19:32:39,548 [DEBUG]  Node 'select_prediction' running 'DefaultPolicyPredictionEnsemble.combine_predictions_from_kwargs'.
2025-03-03 19:32:39,548 [DEBUG]  Predicted next action using RulePolicy.
2025-03-03 19:32:39,548 [DEBUG]  Predicted next action 'action_listen' with confidence 1.00.
2025-03-03 19:32:39,548 [DEBUG]  [[32m[1mdebug    [0m] [1mprocessor.actions.policy_prediction[0m [36mprediction_events[0m=[35m[][0m
2025-03-03 19:32:39,548 [DEBUG]  [[32m[1mdebug    [0m] [1mprocessor.actions.log         [0m [36maction_name[0m=[35maction_listen[0m [36mrasa_events[0m=[35m[][0m
2025-03-03 19:32:39,548 [DEBUG]  No event broker configured. Skipping streaming events.
2025-03-03 19:32:39,549 [DEBUG]  Deleted lock for conversation 'PractikumStudent'.
2025-03-03 19:32:58,402 [DEBUG]  Issuing ticket for conversation 'PractikumStudent'.
2025-03-03 19:32:58,403 [DEBUG]  Acquiring lock for conversation 'PractikumStudent'.
2025-03-03 19:32:58,404 [DEBUG]  Acquired lock for conversation 'PractikumStudent'.
2025-03-03 19:32:58,404 [DEBUG]  Recreating tracker for id 'PractikumStudent'
2025-03-03 19:32:58,411 [DEBUG]  Running graph with inputs: {'__message__': [<rasa.core.channels.channel.UserMessage object at 0x377e02ec0>], '__tracker__': <rasa.shared.core.trackers.DialogueStateTracker object at 0x377e00c70>}, targets: ['run_RegexMessageHandler'] and ExecutionContext(model_id='3390a47f4b2e410dbf4b11076c8fc747', should_add_diagnostic_data=False, is_finetuning=False, node_name=None).
2025-03-03 19:32:58,411 [DEBUG]  Node 'nlu_message_converter' running 'NLUMessageConverter.convert_user_message'.
2025-03-03 19:32:58,412 [DEBUG]  Node 'run_WhitespaceTokenizer0' running 'WhitespaceTokenizer.process'.
2025-03-03 19:32:58,412 [DEBUG]  Node 'run_RegexFeaturizer1' running 'RegexFeaturizer.process'.
2025-03-03 19:32:58,412 [DEBUG]  Node 'run_LexicalSyntacticFeaturizer2' running 'LexicalSyntacticFeaturizer.process'.
2025-03-03 19:32:58,413 [DEBUG]  Node 'run_CountVectorsFeaturizer3' running 'CountVectorsFeaturizer.process'.
2025-03-03 19:32:58,414 [DEBUG]  Node 'run_LanguageModelFeaturizer4' running 'LanguageModelFeaturizer.process'.
2025-03-03 19:32:58,522 [DEBUG]  Node 'run_DIETClassifier5' running 'DIETClassifier.process'.
2025-03-03 19:32:58,528 [DEBUG]  Node 'run_EntitySynonymMapper6' running 'EntitySynonymMapper.process'.
2025-03-03 19:32:58,528 [DEBUG]  Node 'run_ResponseSelector7' running 'ResponseSelector.process'.
2025-03-03 19:32:58,528 [DEBUG]  There is no trained model for 'ResponseSelector': The component is either not trained or didn't receive enough training data.
2025-03-03 19:32:58,528 [DEBUG]  Adding following selector key to message property: default
2025-03-03 19:32:58,528 [DEBUG]  Node 'domain_provider' running 'DomainProvider.provide_inference'.
2025-03-03 19:32:58,528 [DEBUG]  Node 'run_RegexMessageHandler' running 'RegexMessageHandler.process'.
2025-03-03 19:32:58,528 [DEBUG]  [[32m[1mdebug    [0m] [1mprocessor.message.parse       [0m [36mparse_data_entities[0m=[35m[][0m [36mparse_data_intent[0m=[35m{'name': 'ask_architecture', 'confidence': 0.4084884524345398}[0m [36mparse_data_text[0m=[35mЗдравствуйте[0m
2025-03-03 19:32:58,529 [DEBUG]  Logged UserUtterance - tracker now has 64 events.
2025-03-03 19:32:58,529 [DEBUG]  Validating extracted slots: topic
2025-03-03 19:32:58,529 [DEBUG]  [[32m[1mdebug    [0m] [1mprocessor.extract.slots       [0m [36maction_extract_slot[0m=[35maction_extract_slots[0m [36mlen_extraction_events[0m=[35m1[0m [36mrasa_events[0m=[35m[SlotSet(key: topic, value: Здравствуйте)][0m
2025-03-03 19:32:58,529 [DEBUG]  Running graph with inputs: {'__tracker__': <rasa.shared.core.trackers.DialogueStateTracker object at 0x377e00c70>}, targets: ['select_prediction'] and ExecutionContext(model_id='3390a47f4b2e410dbf4b11076c8fc747', should_add_diagnostic_data=False, is_finetuning=False, node_name=None).
2025-03-03 19:32:58,529 [DEBUG]  Node 'rule_only_data_provider' running 'RuleOnlyDataProvider.provide'.
2025-03-03 19:32:58,529 [DEBUG]  Node 'domain_provider' running 'DomainProvider.provide_inference'.
2025-03-03 19:32:58,529 [DEBUG]  Node 'run_MemoizationPolicy0' running 'MemoizationPolicy.predict_action_probabilities'.
2025-03-03 19:32:58,529 [DEBUG]  [[32m[1mdebug    [0m] [1mmemoization.predict.actions   [0m [36mtracker_states[0m=[35m[{'user': {'intent': 'ask_architecture'}, 'prev_action': {'action_name': 'utter_architecture_response'}}, {'user': {'intent': 'ask_architecture'}, 'prev_action': {'action_name': 'action_listen'}}][0m
2025-03-03 19:32:58,529 [DEBUG]  There is no memorised next action
2025-03-03 19:32:58,529 [DEBUG]  Node 'run_RulePolicy1' running 'RulePolicy.predict_action_probabilities'.
2025-03-03 19:32:58,530 [DEBUG]  [[32m[1mdebug    [0m] [1mrule_policy.actions.find      [0m [36mcurrent_states[0m=[35m
[state 1] user intent: goodbye | previous action name: action_listen
[state 2] user intent: goodbye | previous action name: utter_goodbye
[state 3] user intent: ask_architecture | previous action name: action_listen
[state 4] user intent: ask_architecture | previous action name: utter_architecture_response
[state 5] user intent: ask_architecture | previous action name: action_listen
[state 6] user intent: ask_architecture | previous action name: utter_architecture_response
[state 7] user intent: goodbye | previous action name: action_listen
[state 8] user intent: goodbye | previous action name: utter_goodbye
[state 9] user intent: goodbye | previous action name: action_listen
[state 10] user intent: goodbye | previous action name: utter_goodbye
[state 11] user intent: goodbye | previous action name: action_listen
[state 12] user intent: goodbye | previous action name: utter_goodbye
[state 13] user intent: ask_architecture | previous action name: action_listen
[state 14] user intent: ask_architecture | previous action name: utter_architecture_response
[state 15] user intent: ask_architecture | previous action name: action_listen
[state 16] user intent: ask_architecture | previous action name: utter_architecture_response
[state 17] user text: Здравствуйте | previous action name: action_listen[0m
2025-03-03 19:32:58,530 [DEBUG]  There is no applicable rule.
2025-03-03 19:32:58,530 [DEBUG]  [[32m[1mdebug    [0m] [1mrule_policy.actions.find      [0m [36mcurrent_states[0m=[35m
[state 1] user intent: goodbye | previous action name: action_listen
[state 2] user intent: goodbye | previous action name: utter_goodbye
[state 3] user intent: ask_architecture | previous action name: action_listen
[state 4] user intent: ask_architecture | previous action name: utter_architecture_response
[state 5] user intent: ask_architecture | previous action name: action_listen
[state 6] user intent: ask_architecture | previous action name: utter_architecture_response
[state 7] user intent: goodbye | previous action name: action_listen
[state 8] user intent: goodbye | previous action name: utter_goodbye
[state 9] user intent: goodbye | previous action name: action_listen
[state 10] user intent: goodbye | previous action name: utter_goodbye
[state 11] user intent: goodbye | previous action name: action_listen
[state 12] user intent: goodbye | previous action name: utter_goodbye
[state 13] user intent: ask_architecture | previous action name: action_listen
[state 14] user intent: ask_architecture | previous action name: utter_architecture_response
[state 15] user intent: ask_architecture | previous action name: action_listen
[state 16] user intent: ask_architecture | previous action name: utter_architecture_response
[state 17] user intent: ask_architecture | previous action name: action_listen[0m
2025-03-03 19:32:58,530 [DEBUG]  There is a rule for the next action 'utter_architecture_response'.
2025-03-03 19:32:58,530 [DEBUG]  Node 'run_TEDPolicy2' running 'TEDPolicy.predict_action_probabilities'.
2025-03-03 19:32:58,532 [DEBUG]  TED predicted 'action_session_start' based on user intent.
2025-03-03 19:32:58,532 [DEBUG]  Node 'select_prediction' running 'DefaultPolicyPredictionEnsemble.combine_predictions_from_kwargs'.
2025-03-03 19:32:58,532 [DEBUG]  Made prediction using user intent.
2025-03-03 19:32:58,532 [DEBUG]  Added `DefinePrevUserUtteredFeaturization(False)` event.
2025-03-03 19:32:58,532 [DEBUG]  Predicted next action using RulePolicy.
2025-03-03 19:32:58,532 [DEBUG]  Predicted next action 'utter_architecture_response' with confidence 1.00.
2025-03-03 19:32:58,533 [DEBUG]  [[32m[1mdebug    [0m] [1mprocessor.actions.policy_prediction[0m [36mprediction_events[0m=[35m[<rasa.shared.core.events.DefinePrevUserUtteredFeaturization object at 0x377e7dcf0>][0m
2025-03-03 19:32:58,533 [DEBUG]  [[32m[1mdebug    [0m] [1mprocessor.actions.log         [0m [36maction_name[0m=[35mutter_architecture_response[0m [36mrasa_events[0m=[35m[BotUttered('Архитектура ПО включает выбор структур, которые обеспечивают масштабируемость, гибкость и поддерживаемость приложения. Задайте конкретный вопрос по этой теме, и я помогу вам с информацией.', {"elements": null, "quick_replies": null, "buttons": null, "attachment": null, "image": null, "custom": null}, {"utter_action": "utter_architecture_response"}, 1741026778.533181)][0m
2025-03-03 19:32:58,533 [DEBUG]  Running graph with inputs: {'__tracker__': <rasa.shared.core.trackers.DialogueStateTracker object at 0x377e00c70>}, targets: ['select_prediction'] and ExecutionContext(model_id='3390a47f4b2e410dbf4b11076c8fc747', should_add_diagnostic_data=False, is_finetuning=False, node_name=None).
2025-03-03 19:32:58,533 [DEBUG]  Node 'rule_only_data_provider' running 'RuleOnlyDataProvider.provide'.
2025-03-03 19:32:58,533 [DEBUG]  Node 'domain_provider' running 'DomainProvider.provide_inference'.
2025-03-03 19:32:58,533 [DEBUG]  Node 'run_MemoizationPolicy0' running 'MemoizationPolicy.predict_action_probabilities'.
2025-03-03 19:32:58,533 [DEBUG]  [[32m[1mdebug    [0m] [1mmemoization.predict.actions   [0m [36mtracker_states[0m=[35m[{'user': {'intent': 'ask_architecture'}, 'prev_action': {'action_name': 'action_listen'}}, {'user': {'intent': 'ask_architecture'}, 'prev_action': {'action_name': 'utter_architecture_response'}}][0m
2025-03-03 19:32:58,533 [DEBUG]  There is a memorised next action 'action_listen'
2025-03-03 19:32:58,534 [DEBUG]  Node 'run_RulePolicy1' running 'RulePolicy.predict_action_probabilities'.
2025-03-03 19:32:58,534 [DEBUG]  [[32m[1mdebug    [0m] [1mrule_policy.actions.find      [0m [36mcurrent_states[0m=[35m
[state 1] user intent: goodbye | previous action name: action_listen
[state 2] user intent: goodbye | previous action name: utter_goodbye
[state 3] user intent: ask_architecture | previous action name: action_listen
[state 4] user intent: ask_architecture | previous action name: utter_architecture_response
[state 5] user intent: ask_architecture | previous action name: action_listen
[state 6] user intent: ask_architecture | previous action name: utter_architecture_response
[state 7] user intent: goodbye | previous action name: action_listen
[state 8] user intent: goodbye | previous action name: utter_goodbye
[state 9] user intent: goodbye | previous action name: action_listen
[state 10] user intent: goodbye | previous action name: utter_goodbye
[state 11] user intent: goodbye | previous action name: action_listen
[state 12] user intent: goodbye | previous action name: utter_goodbye
[state 13] user intent: ask_architecture | previous action name: action_listen
[state 14] user intent: ask_architecture | previous action name: utter_architecture_response
[state 15] user intent: ask_architecture | previous action name: action_listen
[state 16] user intent: ask_architecture | previous action name: utter_architecture_response
[state 17] user intent: ask_architecture | previous action name: action_listen
[state 18] user intent: ask_architecture | previous action name: utter_architecture_response[0m
2025-03-03 19:32:58,534 [DEBUG]  There is a rule for the next action 'action_listen'.
2025-03-03 19:32:58,534 [DEBUG]  Node 'run_TEDPolicy2' running 'TEDPolicy.predict_action_probabilities'.
2025-03-03 19:32:58,536 [DEBUG]  TED predicted 'action_two_stage_fallback' based on user intent.
2025-03-03 19:32:58,536 [DEBUG]  Node 'select_prediction' running 'DefaultPolicyPredictionEnsemble.combine_predictions_from_kwargs'.
2025-03-03 19:32:58,536 [DEBUG]  Predicted next action using RulePolicy.
2025-03-03 19:32:58,536 [DEBUG]  Predicted next action 'action_listen' with confidence 1.00.
2025-03-03 19:32:58,536 [DEBUG]  [[32m[1mdebug    [0m] [1mprocessor.actions.policy_prediction[0m [36mprediction_events[0m=[35m[][0m
2025-03-03 19:32:58,536 [DEBUG]  [[32m[1mdebug    [0m] [1mprocessor.actions.log         [0m [36maction_name[0m=[35maction_listen[0m [36mrasa_events[0m=[35m[][0m
2025-03-03 19:32:58,536 [DEBUG]  No event broker configured. Skipping streaming events.
2025-03-03 19:32:58,537 [DEBUG]  Deleted lock for conversation 'PractikumStudent'.
2025-03-03 19:33:30,943 [DEBUG]  Issuing ticket for conversation 'PractikumStudent'.
2025-03-03 19:33:30,944 [DEBUG]  Acquiring lock for conversation 'PractikumStudent'.
2025-03-03 19:33:30,944 [DEBUG]  Acquired lock for conversation 'PractikumStudent'.
2025-03-03 19:33:30,944 [DEBUG]  Recreating tracker for id 'PractikumStudent'
2025-03-03 19:33:30,953 [DEBUG]  Running graph with inputs: {'__message__': [<rasa.core.channels.channel.UserMessage object at 0x37777f4c0>], '__tracker__': <rasa.shared.core.trackers.DialogueStateTracker object at 0x31e112530>}, targets: ['run_RegexMessageHandler'] and ExecutionContext(model_id='3390a47f4b2e410dbf4b11076c8fc747', should_add_diagnostic_data=False, is_finetuning=False, node_name=None).
2025-03-03 19:33:30,954 [DEBUG]  Node 'nlu_message_converter' running 'NLUMessageConverter.convert_user_message'.
2025-03-03 19:33:30,954 [DEBUG]  Node 'run_WhitespaceTokenizer0' running 'WhitespaceTokenizer.process'.
2025-03-03 19:33:30,954 [DEBUG]  Node 'run_RegexFeaturizer1' running 'RegexFeaturizer.process'.
2025-03-03 19:33:30,954 [DEBUG]  Node 'run_LexicalSyntacticFeaturizer2' running 'LexicalSyntacticFeaturizer.process'.
2025-03-03 19:33:30,954 [DEBUG]  Node 'run_CountVectorsFeaturizer3' running 'CountVectorsFeaturizer.process'.
2025-03-03 19:33:30,955 [DEBUG]  Node 'run_LanguageModelFeaturizer4' running 'LanguageModelFeaturizer.process'.
2025-03-03 19:33:31,045 [DEBUG]  Node 'run_DIETClassifier5' running 'DIETClassifier.process'.
2025-03-03 19:33:31,046 [DEBUG]  Node 'run_EntitySynonymMapper6' running 'EntitySynonymMapper.process'.
2025-03-03 19:33:31,046 [DEBUG]  Node 'run_ResponseSelector7' running 'ResponseSelector.process'.
2025-03-03 19:33:31,047 [DEBUG]  There is no trained model for 'ResponseSelector': The component is either not trained or didn't receive enough training data.
2025-03-03 19:33:31,047 [DEBUG]  Adding following selector key to message property: default
2025-03-03 19:33:31,047 [DEBUG]  Node 'domain_provider' running 'DomainProvider.provide_inference'.
2025-03-03 19:33:31,047 [DEBUG]  Node 'run_RegexMessageHandler' running 'RegexMessageHandler.process'.
2025-03-03 19:33:31,047 [DEBUG]  [[32m[1mdebug    [0m] [1mprocessor.message.parse       [0m [36mparse_data_entities[0m=[35m[][0m [36mparse_data_intent[0m=[35m{'name': 'ask_architecture', 'confidence': 0.32021698355674744}[0m [36mparse_data_text[0m=[35mПока[0m
2025-03-03 19:33:31,047 [DEBUG]  Logged UserUtterance - tracker now has 70 events.
2025-03-03 19:33:31,047 [DEBUG]  Validating extracted slots: topic
2025-03-03 19:33:31,047 [DEBUG]  [[32m[1mdebug    [0m] [1mprocessor.extract.slots       [0m [36maction_extract_slot[0m=[35maction_extract_slots[0m [36mlen_extraction_events[0m=[35m1[0m [36mrasa_events[0m=[35m[SlotSet(key: topic, value: Пока)][0m
2025-03-03 19:33:31,047 [DEBUG]  Running graph with inputs: {'__tracker__': <rasa.shared.core.trackers.DialogueStateTracker object at 0x31e112530>}, targets: ['select_prediction'] and ExecutionContext(model_id='3390a47f4b2e410dbf4b11076c8fc747', should_add_diagnostic_data=False, is_finetuning=False, node_name=None).
2025-03-03 19:33:31,047 [DEBUG]  Node 'rule_only_data_provider' running 'RuleOnlyDataProvider.provide'.
2025-03-03 19:33:31,047 [DEBUG]  Node 'domain_provider' running 'DomainProvider.provide_inference'.
2025-03-03 19:33:31,047 [DEBUG]  Node 'run_MemoizationPolicy0' running 'MemoizationPolicy.predict_action_probabilities'.
2025-03-03 19:33:31,048 [DEBUG]  [[32m[1mdebug    [0m] [1mmemoization.predict.actions   [0m [36mtracker_states[0m=[35m[{'user': {'intent': 'ask_architecture'}, 'prev_action': {'action_name': 'utter_architecture_response'}}, {'user': {'intent': 'ask_architecture'}, 'prev_action': {'action_name': 'action_listen'}}][0m
2025-03-03 19:33:31,048 [DEBUG]  There is no memorised next action
2025-03-03 19:33:31,048 [DEBUG]  Node 'run_RulePolicy1' running 'RulePolicy.predict_action_probabilities'.
2025-03-03 19:33:31,048 [DEBUG]  [[32m[1mdebug    [0m] [1mrule_policy.actions.find      [0m [36mcurrent_states[0m=[35m
[state 1] user intent: goodbye | previous action name: action_listen
[state 2] user intent: goodbye | previous action name: utter_goodbye
[state 3] user intent: ask_architecture | previous action name: action_listen
[state 4] user intent: ask_architecture | previous action name: utter_architecture_response
[state 5] user intent: ask_architecture | previous action name: action_listen
[state 6] user intent: ask_architecture | previous action name: utter_architecture_response
[state 7] user intent: goodbye | previous action name: action_listen
[state 8] user intent: goodbye | previous action name: utter_goodbye
[state 9] user intent: goodbye | previous action name: action_listen
[state 10] user intent: goodbye | previous action name: utter_goodbye
[state 11] user intent: goodbye | previous action name: action_listen
[state 12] user intent: goodbye | previous action name: utter_goodbye
[state 13] user intent: ask_architecture | previous action name: action_listen
[state 14] user intent: ask_architecture | previous action name: utter_architecture_response
[state 15] user intent: ask_architecture | previous action name: action_listen
[state 16] user intent: ask_architecture | previous action name: utter_architecture_response
[state 17] user intent: ask_architecture | previous action name: action_listen
[state 18] user intent: ask_architecture | previous action name: utter_architecture_response
[state 19] user text: Пока | previous action name: action_listen[0m
2025-03-03 19:33:31,048 [DEBUG]  There is no applicable rule.
2025-03-03 19:33:31,048 [DEBUG]  [[32m[1mdebug    [0m] [1mrule_policy.actions.find      [0m [36mcurrent_states[0m=[35m
[state 1] user intent: goodbye | previous action name: action_listen
[state 2] user intent: goodbye | previous action name: utter_goodbye
[state 3] user intent: ask_architecture | previous action name: action_listen
[state 4] user intent: ask_architecture | previous action name: utter_architecture_response
[state 5] user intent: ask_architecture | previous action name: action_listen
[state 6] user intent: ask_architecture | previous action name: utter_architecture_response
[state 7] user intent: goodbye | previous action name: action_listen
[state 8] user intent: goodbye | previous action name: utter_goodbye
[state 9] user intent: goodbye | previous action name: action_listen
[state 10] user intent: goodbye | previous action name: utter_goodbye
[state 11] user intent: goodbye | previous action name: action_listen
[state 12] user intent: goodbye | previous action name: utter_goodbye
[state 13] user intent: ask_architecture | previous action name: action_listen
[state 14] user intent: ask_architecture | previous action name: utter_architecture_response
[state 15] user intent: ask_architecture | previous action name: action_listen
[state 16] user intent: ask_architecture | previous action name: utter_architecture_response
[state 17] user intent: ask_architecture | previous action name: action_listen
[state 18] user intent: ask_architecture | previous action name: utter_architecture_response
[state 19] user intent: ask_architecture | previous action name: action_listen[0m
2025-03-03 19:33:31,048 [DEBUG]  There is a rule for the next action 'utter_architecture_response'.
2025-03-03 19:33:31,048 [DEBUG]  Node 'run_TEDPolicy2' running 'TEDPolicy.predict_action_probabilities'.
2025-03-03 19:33:31,050 [DEBUG]  TED predicted 'action_session_start' based on user intent.
2025-03-03 19:33:31,050 [DEBUG]  Node 'select_prediction' running 'DefaultPolicyPredictionEnsemble.combine_predictions_from_kwargs'.
2025-03-03 19:33:31,050 [DEBUG]  Made prediction using user intent.
2025-03-03 19:33:31,050 [DEBUG]  Added `DefinePrevUserUtteredFeaturization(False)` event.
2025-03-03 19:33:31,050 [DEBUG]  Predicted next action using RulePolicy.
2025-03-03 19:33:31,050 [DEBUG]  Predicted next action 'utter_architecture_response' with confidence 1.00.
2025-03-03 19:33:31,051 [DEBUG]  [[32m[1mdebug    [0m] [1mprocessor.actions.policy_prediction[0m [36mprediction_events[0m=[35m[<rasa.shared.core.events.DefinePrevUserUtteredFeaturization object at 0x37bbea3e0>][0m
2025-03-03 19:33:31,051 [DEBUG]  [[32m[1mdebug    [0m] [1mprocessor.actions.log         [0m [36maction_name[0m=[35mutter_architecture_response[0m [36mrasa_events[0m=[35m[BotUttered('Архитектура ПО включает выбор структур, которые обеспечивают масштабируемость, гибкость и поддерживаемость приложения. Задайте конкретный вопрос по этой теме, и я помогу вам с информацией.', {"elements": null, "quick_replies": null, "buttons": null, "attachment": null, "image": null, "custom": null}, {"utter_action": "utter_architecture_response"}, 1741026811.050967)][0m
2025-03-03 19:33:31,051 [DEBUG]  Running graph with inputs: {'__tracker__': <rasa.shared.core.trackers.DialogueStateTracker object at 0x31e112530>}, targets: ['select_prediction'] and ExecutionContext(model_id='3390a47f4b2e410dbf4b11076c8fc747', should_add_diagnostic_data=False, is_finetuning=False, node_name=None).
2025-03-03 19:33:31,051 [DEBUG]  Node 'rule_only_data_provider' running 'RuleOnlyDataProvider.provide'.
2025-03-03 19:33:31,051 [DEBUG]  Node 'domain_provider' running 'DomainProvider.provide_inference'.
2025-03-03 19:33:31,051 [DEBUG]  Node 'run_MemoizationPolicy0' running 'MemoizationPolicy.predict_action_probabilities'.
2025-03-03 19:33:31,051 [DEBUG]  [[32m[1mdebug    [0m] [1mmemoization.predict.actions   [0m [36mtracker_states[0m=[35m[{'user': {'intent': 'ask_architecture'}, 'prev_action': {'action_name': 'action_listen'}}, {'user': {'intent': 'ask_architecture'}, 'prev_action': {'action_name': 'utter_architecture_response'}}][0m
2025-03-03 19:33:31,051 [DEBUG]  There is a memorised next action 'action_listen'
2025-03-03 19:33:31,051 [DEBUG]  Node 'run_RulePolicy1' running 'RulePolicy.predict_action_probabilities'.
2025-03-03 19:33:31,051 [DEBUG]  [[32m[1mdebug    [0m] [1mrule_policy.actions.find      [0m [36mcurrent_states[0m=[35m
[state 1] user intent: goodbye | previous action name: action_listen
[state 2] user intent: goodbye | previous action name: utter_goodbye
[state 3] user intent: ask_architecture | previous action name: action_listen
[state 4] user intent: ask_architecture | previous action name: utter_architecture_response
[state 5] user intent: ask_architecture | previous action name: action_listen
[state 6] user intent: ask_architecture | previous action name: utter_architecture_response
[state 7] user intent: goodbye | previous action name: action_listen
[state 8] user intent: goodbye | previous action name: utter_goodbye
[state 9] user intent: goodbye | previous action name: action_listen
[state 10] user intent: goodbye | previous action name: utter_goodbye
[state 11] user intent: goodbye | previous action name: action_listen
[state 12] user intent: goodbye | previous action name: utter_goodbye
[state 13] user intent: ask_architecture | previous action name: action_listen
[state 14] user intent: ask_architecture | previous action name: utter_architecture_response
[state 15] user intent: ask_architecture | previous action name: action_listen
[state 16] user intent: ask_architecture | previous action name: utter_architecture_response
[state 17] user intent: ask_architecture | previous action name: action_listen
[state 18] user intent: ask_architecture | previous action name: utter_architecture_response
[state 19] user intent: ask_architecture | previous action name: action_listen
[state 20] user intent: ask_architecture | previous action name: utter_architecture_response[0m
2025-03-03 19:33:31,052 [DEBUG]  There is a rule for the next action 'action_listen'.
2025-03-03 19:33:31,052 [DEBUG]  Node 'run_TEDPolicy2' running 'TEDPolicy.predict_action_probabilities'.
2025-03-03 19:33:31,053 [DEBUG]  TED predicted 'action_two_stage_fallback' based on user intent.
2025-03-03 19:33:31,053 [DEBUG]  Node 'select_prediction' running 'DefaultPolicyPredictionEnsemble.combine_predictions_from_kwargs'.
2025-03-03 19:33:31,053 [DEBUG]  Predicted next action using RulePolicy.
2025-03-03 19:33:31,053 [DEBUG]  Predicted next action 'action_listen' with confidence 1.00.
2025-03-03 19:33:31,053 [DEBUG]  [[32m[1mdebug    [0m] [1mprocessor.actions.policy_prediction[0m [36mprediction_events[0m=[35m[][0m
2025-03-03 19:33:31,053 [DEBUG]  [[32m[1mdebug    [0m] [1mprocessor.actions.log         [0m [36maction_name[0m=[35maction_listen[0m [36mrasa_events[0m=[35m[][0m
2025-03-03 19:33:31,054 [DEBUG]  No event broker configured. Skipping streaming events.
2025-03-03 19:33:31,054 [DEBUG]  Deleted lock for conversation 'PractikumStudent'.
2025-03-03 19:33:37,715 [DEBUG]  Issuing ticket for conversation 'PractikumStudent'.
2025-03-03 19:33:37,715 [DEBUG]  Acquiring lock for conversation 'PractikumStudent'.
2025-03-03 19:33:37,715 [DEBUG]  Acquired lock for conversation 'PractikumStudent'.
2025-03-03 19:33:37,715 [DEBUG]  Recreating tracker for id 'PractikumStudent'
2025-03-03 19:33:37,726 [DEBUG]  Running graph with inputs: {'__message__': [<rasa.core.channels.channel.UserMessage object at 0x37777f4c0>], '__tracker__': <rasa.shared.core.trackers.DialogueStateTracker object at 0x37a5e1000>}, targets: ['run_RegexMessageHandler'] and ExecutionContext(model_id='3390a47f4b2e410dbf4b11076c8fc747', should_add_diagnostic_data=False, is_finetuning=False, node_name=None).
2025-03-03 19:33:37,726 [DEBUG]  Node 'nlu_message_converter' running 'NLUMessageConverter.convert_user_message'.
2025-03-03 19:33:37,727 [DEBUG]  Node 'run_WhitespaceTokenizer0' running 'WhitespaceTokenizer.process'.
2025-03-03 19:33:37,727 [DEBUG]  Node 'run_RegexFeaturizer1' running 'RegexFeaturizer.process'.
2025-03-03 19:33:37,728 [DEBUG]  Node 'run_LexicalSyntacticFeaturizer2' running 'LexicalSyntacticFeaturizer.process'.
2025-03-03 19:33:37,728 [DEBUG]  Node 'run_CountVectorsFeaturizer3' running 'CountVectorsFeaturizer.process'.
2025-03-03 19:33:37,729 [DEBUG]  Node 'run_LanguageModelFeaturizer4' running 'LanguageModelFeaturizer.process'.
2025-03-03 19:33:37,812 [DEBUG]  Node 'run_DIETClassifier5' running 'DIETClassifier.process'.
2025-03-03 19:33:37,814 [DEBUG]  Node 'run_EntitySynonymMapper6' running 'EntitySynonymMapper.process'.
2025-03-03 19:33:37,814 [DEBUG]  Node 'run_ResponseSelector7' running 'ResponseSelector.process'.
2025-03-03 19:33:37,814 [DEBUG]  There is no trained model for 'ResponseSelector': The component is either not trained or didn't receive enough training data.
2025-03-03 19:33:37,814 [DEBUG]  Adding following selector key to message property: default
2025-03-03 19:33:37,814 [DEBUG]  Node 'domain_provider' running 'DomainProvider.provide_inference'.
2025-03-03 19:33:37,814 [DEBUG]  Node 'run_RegexMessageHandler' running 'RegexMessageHandler.process'.
2025-03-03 19:33:37,814 [DEBUG]  [[32m[1mdebug    [0m] [1mprocessor.message.parse       [0m [36mparse_data_entities[0m=[35m[][0m [36mparse_data_intent[0m=[35m{'name': 'deny', 'confidence': 0.3224544823169708}[0m [36mparse_data_text[0m=[35mgoodbye[0m
2025-03-03 19:33:37,814 [DEBUG]  Logged UserUtterance - tracker now has 76 events.
2025-03-03 19:33:37,814 [DEBUG]  Validating extracted slots: topic
2025-03-03 19:33:37,815 [DEBUG]  [[32m[1mdebug    [0m] [1mprocessor.extract.slots       [0m [36maction_extract_slot[0m=[35maction_extract_slots[0m [36mlen_extraction_events[0m=[35m1[0m [36mrasa_events[0m=[35m[SlotSet(key: topic, value: goodbye)][0m
2025-03-03 19:33:37,815 [DEBUG]  Running graph with inputs: {'__tracker__': <rasa.shared.core.trackers.DialogueStateTracker object at 0x37a5e1000>}, targets: ['select_prediction'] and ExecutionContext(model_id='3390a47f4b2e410dbf4b11076c8fc747', should_add_diagnostic_data=False, is_finetuning=False, node_name=None).
2025-03-03 19:33:37,815 [DEBUG]  Node 'rule_only_data_provider' running 'RuleOnlyDataProvider.provide'.
2025-03-03 19:33:37,815 [DEBUG]  Node 'domain_provider' running 'DomainProvider.provide_inference'.
2025-03-03 19:33:37,815 [DEBUG]  Node 'run_MemoizationPolicy0' running 'MemoizationPolicy.predict_action_probabilities'.
2025-03-03 19:33:37,815 [DEBUG]  [[32m[1mdebug    [0m] [1mmemoization.predict.actions   [0m [36mtracker_states[0m=[35m[{'user': {'intent': 'ask_architecture'}, 'prev_action': {'action_name': 'utter_architecture_response'}}, {'user': {'intent': 'deny'}, 'prev_action': {'action_name': 'action_listen'}}][0m
2025-03-03 19:33:37,815 [DEBUG]  There is no memorised next action
2025-03-03 19:33:37,815 [DEBUG]  Node 'run_RulePolicy1' running 'RulePolicy.predict_action_probabilities'.
2025-03-03 19:33:37,816 [DEBUG]  [[32m[1mdebug    [0m] [1mrule_policy.actions.find      [0m [36mcurrent_states[0m=[35m
[state 1] user intent: goodbye | previous action name: action_listen
[state 2] user intent: goodbye | previous action name: utter_goodbye
[state 3] user intent: ask_architecture | previous action name: action_listen
[state 4] user intent: ask_architecture | previous action name: utter_architecture_response
[state 5] user intent: ask_architecture | previous action name: action_listen
[state 6] user intent: ask_architecture | previous action name: utter_architecture_response
[state 7] user intent: goodbye | previous action name: action_listen
[state 8] user intent: goodbye | previous action name: utter_goodbye
[state 9] user intent: goodbye | previous action name: action_listen
[state 10] user intent: goodbye | previous action name: utter_goodbye
[state 11] user intent: goodbye | previous action name: action_listen
[state 12] user intent: goodbye | previous action name: utter_goodbye
[state 13] user intent: ask_architecture | previous action name: action_listen
[state 14] user intent: ask_architecture | previous action name: utter_architecture_response
[state 15] user intent: ask_architecture | previous action name: action_listen
[state 16] user intent: ask_architecture | previous action name: utter_architecture_response
[state 17] user intent: ask_architecture | previous action name: action_listen
[state 18] user intent: ask_architecture | previous action name: utter_architecture_response
[state 19] user intent: ask_architecture | previous action name: action_listen
[state 20] user intent: ask_architecture | previous action name: utter_architecture_response
[state 21] user text: goodbye | previous action name: action_listen[0m
2025-03-03 19:33:37,816 [DEBUG]  There is no applicable rule.
2025-03-03 19:33:37,816 [DEBUG]  [[32m[1mdebug    [0m] [1mrule_policy.actions.find      [0m [36mcurrent_states[0m=[35m
[state 1] user intent: goodbye | previous action name: action_listen
[state 2] user intent: goodbye | previous action name: utter_goodbye
[state 3] user intent: ask_architecture | previous action name: action_listen
[state 4] user intent: ask_architecture | previous action name: utter_architecture_response
[state 5] user intent: ask_architecture | previous action name: action_listen
[state 6] user intent: ask_architecture | previous action name: utter_architecture_response
[state 7] user intent: goodbye | previous action name: action_listen
[state 8] user intent: goodbye | previous action name: utter_goodbye
[state 9] user intent: goodbye | previous action name: action_listen
[state 10] user intent: goodbye | previous action name: utter_goodbye
[state 11] user intent: goodbye | previous action name: action_listen
[state 12] user intent: goodbye | previous action name: utter_goodbye
[state 13] user intent: ask_architecture | previous action name: action_listen
[state 14] user intent: ask_architecture | previous action name: utter_architecture_response
[state 15] user intent: ask_architecture | previous action name: action_listen
[state 16] user intent: ask_architecture | previous action name: utter_architecture_response
[state 17] user intent: ask_architecture | previous action name: action_listen
[state 18] user intent: ask_architecture | previous action name: utter_architecture_response
[state 19] user intent: ask_architecture | previous action name: action_listen
[state 20] user intent: ask_architecture | previous action name: utter_architecture_response
[state 21] user intent: deny | previous action name: action_listen[0m
2025-03-03 19:33:37,816 [DEBUG]  There is no applicable rule.
2025-03-03 19:33:37,816 [DEBUG]  Node 'run_TEDPolicy2' running 'TEDPolicy.predict_action_probabilities'.
2025-03-03 19:33:37,818 [DEBUG]  TED predicted 'action_default_ask_rephrase' based on user intent.
2025-03-03 19:33:37,819 [DEBUG]  Node 'select_prediction' running 'DefaultPolicyPredictionEnsemble.combine_predictions_from_kwargs'.
2025-03-03 19:33:37,819 [DEBUG]  Made prediction using user intent.
2025-03-03 19:33:37,819 [DEBUG]  Added `DefinePrevUserUtteredFeaturization(False)` event.
2025-03-03 19:33:37,819 [DEBUG]  Predicted next action using RulePolicy.
2025-03-03 19:33:37,819 [DEBUG]  Predicted next action 'action_default_fallback' with confidence 0.30.
2025-03-03 19:33:37,819 [DEBUG]  [[32m[1mdebug    [0m] [1mprocessor.actions.policy_prediction[0m [36mprediction_events[0m=[35m[<rasa.shared.core.events.DefinePrevUserUtteredFeaturization object at 0x37bd65c60>][0m
2025-03-03 19:33:37,819 [DEBUG]  [[32m[1mdebug    [0m] [1mprocessor.actions.log         [0m [36maction_name[0m=[35maction_default_fallback[0m [36mrasa_events[0m=[35m[<rasa.shared.core.events.UserUtteranceReverted object at 0x37802eb90>][0m
2025-03-03 19:33:37,819 [DEBUG]  [[32m[1mdebug    [0m] [1mprocessor.slots.log           [0m [36mslot_values[0m=[35m	topic: Пока
	session_started_metadata: None[0m
2025-03-03 19:33:37,819 [DEBUG]  Running graph with inputs: {'__tracker__': <rasa.shared.core.trackers.DialogueStateTracker object at 0x37a5e1000>}, targets: ['select_prediction'] and ExecutionContext(model_id='3390a47f4b2e410dbf4b11076c8fc747', should_add_diagnostic_data=False, is_finetuning=False, node_name=None).
2025-03-03 19:33:37,819 [DEBUG]  Node 'rule_only_data_provider' running 'RuleOnlyDataProvider.provide'.
2025-03-03 19:33:37,819 [DEBUG]  Node 'domain_provider' running 'DomainProvider.provide_inference'.
2025-03-03 19:33:37,820 [DEBUG]  Node 'run_MemoizationPolicy0' running 'MemoizationPolicy.predict_action_probabilities'.
2025-03-03 19:33:37,820 [DEBUG]  [[32m[1mdebug    [0m] [1mmemoization.predict.actions   [0m [36mtracker_states[0m=[35m[{'user': {'intent': 'ask_architecture'}, 'prev_action': {'action_name': 'action_listen'}}, {'user': {'intent': 'ask_architecture'}, 'prev_action': {'action_name': 'utter_architecture_response'}}][0m
2025-03-03 19:33:37,820 [DEBUG]  There is a memorised next action 'action_listen'
2025-03-03 19:33:37,820 [DEBUG]  Node 'run_RulePolicy1' running 'RulePolicy.predict_action_probabilities'.
2025-03-03 19:33:37,820 [DEBUG]  [[32m[1mdebug    [0m] [1mrule_policy.actions.find      [0m [36mcurrent_states[0m=[35m
[state 1] user intent: goodbye | previous action name: action_listen
[state 2] user intent: goodbye | previous action name: utter_goodbye
[state 3] user intent: ask_architecture | previous action name: action_listen
[state 4] user intent: ask_architecture | previous action name: utter_architecture_response
[state 5] user intent: ask_architecture | previous action name: action_listen
[state 6] user intent: ask_architecture | previous action name: utter_architecture_response
[state 7] user intent: goodbye | previous action name: action_listen
[state 8] user intent: goodbye | previous action name: utter_goodbye
[state 9] user intent: goodbye | previous action name: action_listen
[state 10] user intent: goodbye | previous action name: utter_goodbye
[state 11] user intent: goodbye | previous action name: action_listen
[state 12] user intent: goodbye | previous action name: utter_goodbye
[state 13] user intent: ask_architecture | previous action name: action_listen
[state 14] user intent: ask_architecture | previous action name: utter_architecture_response
[state 15] user intent: ask_architecture | previous action name: action_listen
[state 16] user intent: ask_architecture | previous action name: utter_architecture_response
[state 17] user intent: ask_architecture | previous action name: action_listen
[state 18] user intent: ask_architecture | previous action name: utter_architecture_response
[state 19] user intent: ask_architecture | previous action name: action_listen
[state 20] user intent: ask_architecture | previous action name: utter_architecture_response[0m
2025-03-03 19:33:37,820 [DEBUG]  There is a rule for the next action 'action_listen'.
2025-03-03 19:33:37,820 [DEBUG]  Node 'run_TEDPolicy2' running 'TEDPolicy.predict_action_probabilities'.
2025-03-03 19:33:37,822 [DEBUG]  TED predicted 'action_two_stage_fallback' based on user intent.
2025-03-03 19:33:37,822 [DEBUG]  Node 'select_prediction' running 'DefaultPolicyPredictionEnsemble.combine_predictions_from_kwargs'.
2025-03-03 19:33:37,823 [DEBUG]  Predicted next action using RulePolicy.
2025-03-03 19:33:37,823 [DEBUG]  Predicted next action 'action_listen' with confidence 1.00.
2025-03-03 19:33:37,823 [DEBUG]  [[32m[1mdebug    [0m] [1mprocessor.actions.policy_prediction[0m [36mprediction_events[0m=[35m[][0m
2025-03-03 19:33:37,823 [DEBUG]  [[32m[1mdebug    [0m] [1mprocessor.actions.log         [0m [36maction_name[0m=[35maction_listen[0m [36mrasa_events[0m=[35m[][0m
2025-03-03 19:33:37,823 [DEBUG]  No event broker configured. Skipping streaming events.
2025-03-03 19:33:37,823 [DEBUG]  Deleted lock for conversation 'PractikumStudent'.
2025-03-03 19:33:58,404 [DEBUG]  Issuing ticket for conversation 'PractikumStudent'.
2025-03-03 19:33:58,405 [DEBUG]  Acquiring lock for conversation 'PractikumStudent'.
2025-03-03 19:33:58,405 [DEBUG]  Acquired lock for conversation 'PractikumStudent'.
2025-03-03 19:33:58,405 [DEBUG]  Recreating tracker for id 'PractikumStudent'
2025-03-03 19:33:58,415 [DEBUG]  Running graph with inputs: {'__message__': [<rasa.core.channels.channel.UserMessage object at 0x37bd8b340>], '__tracker__': <rasa.shared.core.trackers.DialogueStateTracker object at 0x377e7e470>}, targets: ['run_RegexMessageHandler'] and ExecutionContext(model_id='3390a47f4b2e410dbf4b11076c8fc747', should_add_diagnostic_data=False, is_finetuning=False, node_name=None).
2025-03-03 19:33:58,415 [DEBUG]  Node 'nlu_message_converter' running 'NLUMessageConverter.convert_user_message'.
2025-03-03 19:33:58,415 [DEBUG]  Node 'run_WhitespaceTokenizer0' running 'WhitespaceTokenizer.process'.
2025-03-03 19:33:58,417 [DEBUG]  Node 'run_RegexFeaturizer1' running 'RegexFeaturizer.process'.
2025-03-03 19:33:58,417 [DEBUG]  Node 'run_LexicalSyntacticFeaturizer2' running 'LexicalSyntacticFeaturizer.process'.
2025-03-03 19:33:58,418 [DEBUG]  Node 'run_CountVectorsFeaturizer3' running 'CountVectorsFeaturizer.process'.
2025-03-03 19:33:58,419 [DEBUG]  Node 'run_LanguageModelFeaturizer4' running 'LanguageModelFeaturizer.process'.
2025-03-03 19:33:58,531 [DEBUG]  Node 'run_DIETClassifier5' running 'DIETClassifier.process'.
2025-03-03 19:33:58,533 [DEBUG]  Node 'run_EntitySynonymMapper6' running 'EntitySynonymMapper.process'.
2025-03-03 19:33:58,533 [DEBUG]  Node 'run_ResponseSelector7' running 'ResponseSelector.process'.
2025-03-03 19:33:58,533 [DEBUG]  There is no trained model for 'ResponseSelector': The component is either not trained or didn't receive enough training data.
2025-03-03 19:33:58,533 [DEBUG]  Adding following selector key to message property: default
2025-03-03 19:33:58,533 [DEBUG]  Node 'domain_provider' running 'DomainProvider.provide_inference'.
2025-03-03 19:33:58,533 [DEBUG]  Node 'run_RegexMessageHandler' running 'RegexMessageHandler.process'.
2025-03-03 19:33:58,533 [DEBUG]  [[32m[1mdebug    [0m] [1mprocessor.message.parse       [0m [36mparse_data_entities[0m=[35m[][0m [36mparse_data_intent[0m=[35m{'name': 'ask_architecture', 'confidence': 0.4516390264034271}[0m [36mparse_data_text[0m=[35mРасскажите больше об этом[0m
2025-03-03 19:33:58,533 [DEBUG]  Logged UserUtterance - tracker now has 82 events.
2025-03-03 19:33:58,533 [DEBUG]  Validating extracted slots: topic
2025-03-03 19:33:58,533 [DEBUG]  [[32m[1mdebug    [0m] [1mprocessor.extract.slots       [0m [36maction_extract_slot[0m=[35maction_extract_slots[0m [36mlen_extraction_events[0m=[35m1[0m [36mrasa_events[0m=[35m[SlotSet(key: topic, value: Расскажите больше об этом)][0m
2025-03-03 19:33:58,533 [DEBUG]  Running graph with inputs: {'__tracker__': <rasa.shared.core.trackers.DialogueStateTracker object at 0x377e7e470>}, targets: ['select_prediction'] and ExecutionContext(model_id='3390a47f4b2e410dbf4b11076c8fc747', should_add_diagnostic_data=False, is_finetuning=False, node_name=None).
2025-03-03 19:33:58,533 [DEBUG]  Node 'rule_only_data_provider' running 'RuleOnlyDataProvider.provide'.
2025-03-03 19:33:58,533 [DEBUG]  Node 'domain_provider' running 'DomainProvider.provide_inference'.
2025-03-03 19:33:58,533 [DEBUG]  Node 'run_MemoizationPolicy0' running 'MemoizationPolicy.predict_action_probabilities'.
2025-03-03 19:33:58,534 [DEBUG]  [[32m[1mdebug    [0m] [1mmemoization.predict.actions   [0m [36mtracker_states[0m=[35m[{'user': {'intent': 'ask_architecture'}, 'prev_action': {'action_name': 'utter_architecture_response'}}, {'user': {'intent': 'ask_architecture'}, 'prev_action': {'action_name': 'action_listen'}}][0m
2025-03-03 19:33:58,534 [DEBUG]  There is no memorised next action
2025-03-03 19:33:58,534 [DEBUG]  Node 'run_RulePolicy1' running 'RulePolicy.predict_action_probabilities'.
2025-03-03 19:33:58,534 [DEBUG]  [[32m[1mdebug    [0m] [1mrule_policy.actions.find      [0m [36mcurrent_states[0m=[35m
[state 1] user intent: goodbye | previous action name: action_listen
[state 2] user intent: goodbye | previous action name: utter_goodbye
[state 3] user intent: ask_architecture | previous action name: action_listen
[state 4] user intent: ask_architecture | previous action name: utter_architecture_response
[state 5] user intent: ask_architecture | previous action name: action_listen
[state 6] user intent: ask_architecture | previous action name: utter_architecture_response
[state 7] user intent: goodbye | previous action name: action_listen
[state 8] user intent: goodbye | previous action name: utter_goodbye
[state 9] user intent: goodbye | previous action name: action_listen
[state 10] user intent: goodbye | previous action name: utter_goodbye
[state 11] user intent: goodbye | previous action name: action_listen
[state 12] user intent: goodbye | previous action name: utter_goodbye
[state 13] user intent: ask_architecture | previous action name: action_listen
[state 14] user intent: ask_architecture | previous action name: utter_architecture_response
[state 15] user intent: ask_architecture | previous action name: action_listen
[state 16] user intent: ask_architecture | previous action name: utter_architecture_response
[state 17] user intent: ask_architecture | previous action name: action_listen
[state 18] user intent: ask_architecture | previous action name: utter_architecture_response
[state 19] user intent: ask_architecture | previous action name: action_listen
[state 20] user intent: ask_architecture | previous action name: utter_architecture_response
[state 21] user text: Расскажите больше об этом | previous action name: action_listen[0m
2025-03-03 19:33:58,534 [DEBUG]  There is no applicable rule.
2025-03-03 19:33:58,534 [DEBUG]  [[32m[1mdebug    [0m] [1mrule_policy.actions.find      [0m [36mcurrent_states[0m=[35m
[state 1] user intent: goodbye | previous action name: action_listen
[state 2] user intent: goodbye | previous action name: utter_goodbye
[state 3] user intent: ask_architecture | previous action name: action_listen
[state 4] user intent: ask_architecture | previous action name: utter_architecture_response
[state 5] user intent: ask_architecture | previous action name: action_listen
[state 6] user intent: ask_architecture | previous action name: utter_architecture_response
[state 7] user intent: goodbye | previous action name: action_listen
[state 8] user intent: goodbye | previous action name: utter_goodbye
[state 9] user intent: goodbye | previous action name: action_listen
[state 10] user intent: goodbye | previous action name: utter_goodbye
[state 11] user intent: goodbye | previous action name: action_listen
[state 12] user intent: goodbye | previous action name: utter_goodbye
[state 13] user intent: ask_architecture | previous action name: action_listen
[state 14] user intent: ask_architecture | previous action name: utter_architecture_response
[state 15] user intent: ask_architecture | previous action name: action_listen
[state 16] user intent: ask_architecture | previous action name: utter_architecture_response
[state 17] user intent: ask_architecture | previous action name: action_listen
[state 18] user intent: ask_architecture | previous action name: utter_architecture_response
[state 19] user intent: ask_architecture | previous action name: action_listen
[state 20] user intent: ask_architecture | previous action name: utter_architecture_response
[state 21] user intent: ask_architecture | previous action name: action_listen[0m
2025-03-03 19:33:58,534 [DEBUG]  There is a rule for the next action 'utter_architecture_response'.
2025-03-03 19:33:58,535 [DEBUG]  Node 'run_TEDPolicy2' running 'TEDPolicy.predict_action_probabilities'.
2025-03-03 19:33:58,536 [DEBUG]  TED predicted 'action_session_start' based on user intent.
2025-03-03 19:33:58,536 [DEBUG]  Node 'select_prediction' running 'DefaultPolicyPredictionEnsemble.combine_predictions_from_kwargs'.
2025-03-03 19:33:58,536 [DEBUG]  Made prediction using user intent.
2025-03-03 19:33:58,536 [DEBUG]  Added `DefinePrevUserUtteredFeaturization(False)` event.
2025-03-03 19:33:58,536 [DEBUG]  Predicted next action using RulePolicy.
2025-03-03 19:33:58,536 [DEBUG]  Predicted next action 'utter_architecture_response' with confidence 1.00.
2025-03-03 19:33:58,537 [DEBUG]  [[32m[1mdebug    [0m] [1mprocessor.actions.policy_prediction[0m [36mprediction_events[0m=[35m[<rasa.shared.core.events.DefinePrevUserUtteredFeaturization object at 0x378b9ee00>][0m
2025-03-03 19:33:58,537 [DEBUG]  [[32m[1mdebug    [0m] [1mprocessor.actions.log         [0m [36maction_name[0m=[35mutter_architecture_response[0m [36mrasa_events[0m=[35m[BotUttered('Архитектура ПО включает выбор структур, которые обеспечивают масштабируемость, гибкость и поддерживаемость приложения. Задайте конкретный вопрос по этой теме, и я помогу вам с информацией.', {"elements": null, "quick_replies": null, "buttons": null, "attachment": null, "image": null, "custom": null}, {"utter_action": "utter_architecture_response"}, 1741026838.5371351)][0m
2025-03-03 19:33:58,537 [DEBUG]  Running graph with inputs: {'__tracker__': <rasa.shared.core.trackers.DialogueStateTracker object at 0x377e7e470>}, targets: ['select_prediction'] and ExecutionContext(model_id='3390a47f4b2e410dbf4b11076c8fc747', should_add_diagnostic_data=False, is_finetuning=False, node_name=None).
2025-03-03 19:33:58,537 [DEBUG]  Node 'rule_only_data_provider' running 'RuleOnlyDataProvider.provide'.
2025-03-03 19:33:58,537 [DEBUG]  Node 'domain_provider' running 'DomainProvider.provide_inference'.
2025-03-03 19:33:58,537 [DEBUG]  Node 'run_MemoizationPolicy0' running 'MemoizationPolicy.predict_action_probabilities'.
2025-03-03 19:33:58,537 [DEBUG]  [[32m[1mdebug    [0m] [1mmemoization.predict.actions   [0m [36mtracker_states[0m=[35m[{'user': {'intent': 'ask_architecture'}, 'prev_action': {'action_name': 'action_listen'}}, {'user': {'intent': 'ask_architecture'}, 'prev_action': {'action_name': 'utter_architecture_response'}}][0m
2025-03-03 19:33:58,537 [DEBUG]  There is a memorised next action 'action_listen'
2025-03-03 19:33:58,537 [DEBUG]  Node 'run_RulePolicy1' running 'RulePolicy.predict_action_probabilities'.
2025-03-03 19:33:58,538 [DEBUG]  [[32m[1mdebug    [0m] [1mrule_policy.actions.find      [0m [36mcurrent_states[0m=[35m
[state 1] user intent: goodbye | previous action name: action_listen
[state 2] user intent: goodbye | previous action name: utter_goodbye
[state 3] user intent: ask_architecture | previous action name: action_listen
[state 4] user intent: ask_architecture | previous action name: utter_architecture_response
[state 5] user intent: ask_architecture | previous action name: action_listen
[state 6] user intent: ask_architecture | previous action name: utter_architecture_response
[state 7] user intent: goodbye | previous action name: action_listen
[state 8] user intent: goodbye | previous action name: utter_goodbye
[state 9] user intent: goodbye | previous action name: action_listen
[state 10] user intent: goodbye | previous action name: utter_goodbye
[state 11] user intent: goodbye | previous action name: action_listen
[state 12] user intent: goodbye | previous action name: utter_goodbye
[state 13] user intent: ask_architecture | previous action name: action_listen
[state 14] user intent: ask_architecture | previous action name: utter_architecture_response
[state 15] user intent: ask_architecture | previous action name: action_listen
[state 16] user intent: ask_architecture | previous action name: utter_architecture_response
[state 17] user intent: ask_architecture | previous action name: action_listen
[state 18] user intent: ask_architecture | previous action name: utter_architecture_response
[state 19] user intent: ask_architecture | previous action name: action_listen
[state 20] user intent: ask_architecture | previous action name: utter_architecture_response
[state 21] user intent: ask_architecture | previous action name: action_listen
[state 22] user intent: ask_architecture | previous action name: utter_architecture_response[0m
2025-03-03 19:33:58,538 [DEBUG]  There is a rule for the next action 'action_listen'.
2025-03-03 19:33:58,538 [DEBUG]  Node 'run_TEDPolicy2' running 'TEDPolicy.predict_action_probabilities'.
2025-03-03 19:33:58,539 [DEBUG]  TED predicted 'action_two_stage_fallback' based on user intent.
2025-03-03 19:33:58,539 [DEBUG]  Node 'select_prediction' running 'DefaultPolicyPredictionEnsemble.combine_predictions_from_kwargs'.
2025-03-03 19:33:58,539 [DEBUG]  Predicted next action using RulePolicy.
2025-03-03 19:33:58,539 [DEBUG]  Predicted next action 'action_listen' with confidence 1.00.
2025-03-03 19:33:58,540 [DEBUG]  [[32m[1mdebug    [0m] [1mprocessor.actions.policy_prediction[0m [36mprediction_events[0m=[35m[][0m
2025-03-03 19:33:58,540 [DEBUG]  [[32m[1mdebug    [0m] [1mprocessor.actions.log         [0m [36maction_name[0m=[35maction_listen[0m [36mrasa_events[0m=[35m[][0m
2025-03-03 19:33:58,540 [DEBUG]  No event broker configured. Skipping streaming events.
2025-03-03 19:33:58,540 [DEBUG]  Deleted lock for conversation 'PractikumStudent'.
2025-03-03 19:34:03,664 [DEBUG]  Issuing ticket for conversation 'PractikumStudent'.
2025-03-03 19:34:03,664 [DEBUG]  Acquiring lock for conversation 'PractikumStudent'.
2025-03-03 19:34:03,664 [DEBUG]  Acquired lock for conversation 'PractikumStudent'.
2025-03-03 19:34:03,665 [DEBUG]  Recreating tracker for id 'PractikumStudent'
2025-03-03 19:34:03,676 [DEBUG]  Running graph with inputs: {'__message__': [<rasa.core.channels.channel.UserMessage object at 0x378052a10>], '__tracker__': <rasa.shared.core.trackers.DialogueStateTracker object at 0x31f007430>}, targets: ['run_RegexMessageHandler'] and ExecutionContext(model_id='3390a47f4b2e410dbf4b11076c8fc747', should_add_diagnostic_data=False, is_finetuning=False, node_name=None).
2025-03-03 19:34:03,677 [DEBUG]  Node 'nlu_message_converter' running 'NLUMessageConverter.convert_user_message'.
2025-03-03 19:34:03,677 [DEBUG]  Node 'run_WhitespaceTokenizer0' running 'WhitespaceTokenizer.process'.
2025-03-03 19:34:03,677 [DEBUG]  Node 'run_RegexFeaturizer1' running 'RegexFeaturizer.process'.
2025-03-03 19:34:03,678 [DEBUG]  Node 'run_LexicalSyntacticFeaturizer2' running 'LexicalSyntacticFeaturizer.process'.
2025-03-03 19:34:03,678 [DEBUG]  Node 'run_CountVectorsFeaturizer3' running 'CountVectorsFeaturizer.process'.
2025-03-03 19:34:03,678 [DEBUG]  Node 'run_LanguageModelFeaturizer4' running 'LanguageModelFeaturizer.process'.
2025-03-03 19:34:03,773 [DEBUG]  Node 'run_DIETClassifier5' running 'DIETClassifier.process'.
2025-03-03 19:34:03,775 [DEBUG]  Node 'run_EntitySynonymMapper6' running 'EntitySynonymMapper.process'.
2025-03-03 19:34:03,775 [DEBUG]  Node 'run_ResponseSelector7' running 'ResponseSelector.process'.
2025-03-03 19:34:03,775 [DEBUG]  There is no trained model for 'ResponseSelector': The component is either not trained or didn't receive enough training data.
2025-03-03 19:34:03,775 [DEBUG]  Adding following selector key to message property: default
2025-03-03 19:34:03,775 [DEBUG]  Node 'domain_provider' running 'DomainProvider.provide_inference'.
2025-03-03 19:34:03,775 [DEBUG]  Node 'run_RegexMessageHandler' running 'RegexMessageHandler.process'.
2025-03-03 19:34:03,775 [DEBUG]  [[32m[1mdebug    [0m] [1mprocessor.message.parse       [0m [36mparse_data_entities[0m=[35m[][0m [36mparse_data_intent[0m=[35m{'name': 'ask_architecture', 'confidence': 0.3696173131465912}[0m [36mparse_data_text[0m=[35mРасскажи[0m
2025-03-03 19:34:03,775 [DEBUG]  Logged UserUtterance - tracker now has 88 events.
2025-03-03 19:34:03,775 [DEBUG]  Validating extracted slots: topic
2025-03-03 19:34:03,776 [DEBUG]  [[32m[1mdebug    [0m] [1mprocessor.extract.slots       [0m [36maction_extract_slot[0m=[35maction_extract_slots[0m [36mlen_extraction_events[0m=[35m1[0m [36mrasa_events[0m=[35m[SlotSet(key: topic, value: Расскажи)][0m
2025-03-03 19:34:03,776 [DEBUG]  Running graph with inputs: {'__tracker__': <rasa.shared.core.trackers.DialogueStateTracker object at 0x31f007430>}, targets: ['select_prediction'] and ExecutionContext(model_id='3390a47f4b2e410dbf4b11076c8fc747', should_add_diagnostic_data=False, is_finetuning=False, node_name=None).
2025-03-03 19:34:03,776 [DEBUG]  Node 'rule_only_data_provider' running 'RuleOnlyDataProvider.provide'.
2025-03-03 19:34:03,776 [DEBUG]  Node 'domain_provider' running 'DomainProvider.provide_inference'.
2025-03-03 19:34:03,776 [DEBUG]  Node 'run_MemoizationPolicy0' running 'MemoizationPolicy.predict_action_probabilities'.
2025-03-03 19:34:03,776 [DEBUG]  [[32m[1mdebug    [0m] [1mmemoization.predict.actions   [0m [36mtracker_states[0m=[35m[{'user': {'intent': 'ask_architecture'}, 'prev_action': {'action_name': 'utter_architecture_response'}}, {'user': {'intent': 'ask_architecture'}, 'prev_action': {'action_name': 'action_listen'}}][0m
2025-03-03 19:34:03,776 [DEBUG]  There is no memorised next action
2025-03-03 19:34:03,776 [DEBUG]  Node 'run_RulePolicy1' running 'RulePolicy.predict_action_probabilities'.
2025-03-03 19:34:03,776 [DEBUG]  [[32m[1mdebug    [0m] [1mrule_policy.actions.find      [0m [36mcurrent_states[0m=[35m
[state 1] user intent: goodbye | previous action name: action_listen
[state 2] user intent: goodbye | previous action name: utter_goodbye
[state 3] user intent: ask_architecture | previous action name: action_listen
[state 4] user intent: ask_architecture | previous action name: utter_architecture_response
[state 5] user intent: ask_architecture | previous action name: action_listen
[state 6] user intent: ask_architecture | previous action name: utter_architecture_response
[state 7] user intent: goodbye | previous action name: action_listen
[state 8] user intent: goodbye | previous action name: utter_goodbye
[state 9] user intent: goodbye | previous action name: action_listen
[state 10] user intent: goodbye | previous action name: utter_goodbye
[state 11] user intent: goodbye | previous action name: action_listen
[state 12] user intent: goodbye | previous action name: utter_goodbye
[state 13] user intent: ask_architecture | previous action name: action_listen
[state 14] user intent: ask_architecture | previous action name: utter_architecture_response
[state 15] user intent: ask_architecture | previous action name: action_listen
[state 16] user intent: ask_architecture | previous action name: utter_architecture_response
[state 17] user intent: ask_architecture | previous action name: action_listen
[state 18] user intent: ask_architecture | previous action name: utter_architecture_response
[state 19] user intent: ask_architecture | previous action name: action_listen
[state 20] user intent: ask_architecture | previous action name: utter_architecture_response
[state 21] user intent: ask_architecture | previous action name: action_listen
[state 22] user intent: ask_architecture | previous action name: utter_architecture_response
[state 23] user text: Расскажи | previous action name: action_listen[0m
2025-03-03 19:34:03,777 [DEBUG]  There is no applicable rule.
2025-03-03 19:34:03,777 [DEBUG]  [[32m[1mdebug    [0m] [1mrule_policy.actions.find      [0m [36mcurrent_states[0m=[35m
[state 1] user intent: goodbye | previous action name: action_listen
[state 2] user intent: goodbye | previous action name: utter_goodbye
[state 3] user intent: ask_architecture | previous action name: action_listen
[state 4] user intent: ask_architecture | previous action name: utter_architecture_response
[state 5] user intent: ask_architecture | previous action name: action_listen
[state 6] user intent: ask_architecture | previous action name: utter_architecture_response
[state 7] user intent: goodbye | previous action name: action_listen
[state 8] user intent: goodbye | previous action name: utter_goodbye
[state 9] user intent: goodbye | previous action name: action_listen
[state 10] user intent: goodbye | previous action name: utter_goodbye
[state 11] user intent: goodbye | previous action name: action_listen
[state 12] user intent: goodbye | previous action name: utter_goodbye
[state 13] user intent: ask_architecture | previous action name: action_listen
[state 14] user intent: ask_architecture | previous action name: utter_architecture_response
[state 15] user intent: ask_architecture | previous action name: action_listen
[state 16] user intent: ask_architecture | previous action name: utter_architecture_response
[state 17] user intent: ask_architecture | previous action name: action_listen
[state 18] user intent: ask_architecture | previous action name: utter_architecture_response
[state 19] user intent: ask_architecture | previous action name: action_listen
[state 20] user intent: ask_architecture | previous action name: utter_architecture_response
[state 21] user intent: ask_architecture | previous action name: action_listen
[state 22] user intent: ask_architecture | previous action name: utter_architecture_response
[state 23] user intent: ask_architecture | previous action name: action_listen[0m
2025-03-03 19:34:03,777 [DEBUG]  There is a rule for the next action 'utter_architecture_response'.
2025-03-03 19:34:03,777 [DEBUG]  Node 'run_TEDPolicy2' running 'TEDPolicy.predict_action_probabilities'.
2025-03-03 19:34:03,779 [DEBUG]  TED predicted 'action_session_start' based on user intent.
2025-03-03 19:34:03,779 [DEBUG]  Node 'select_prediction' running 'DefaultPolicyPredictionEnsemble.combine_predictions_from_kwargs'.
2025-03-03 19:34:03,779 [DEBUG]  Made prediction using user intent.
2025-03-03 19:34:03,779 [DEBUG]  Added `DefinePrevUserUtteredFeaturization(False)` event.
2025-03-03 19:34:03,779 [DEBUG]  Predicted next action using RulePolicy.
2025-03-03 19:34:03,779 [DEBUG]  Predicted next action 'utter_architecture_response' with confidence 1.00.
2025-03-03 19:34:03,779 [DEBUG]  [[32m[1mdebug    [0m] [1mprocessor.actions.policy_prediction[0m [36mprediction_events[0m=[35m[<rasa.shared.core.events.DefinePrevUserUtteredFeaturization object at 0x37c0820b0>][0m
2025-03-03 19:34:03,779 [DEBUG]  [[32m[1mdebug    [0m] [1mprocessor.actions.log         [0m [36maction_name[0m=[35mutter_architecture_response[0m [36mrasa_events[0m=[35m[BotUttered('Архитектура ПО включает выбор структур, которые обеспечивают масштабируемость, гибкость и поддерживаемость приложения. Задайте конкретный вопрос по этой теме, и я помогу вам с информацией.', {"elements": null, "quick_replies": null, "buttons": null, "attachment": null, "image": null, "custom": null}, {"utter_action": "utter_architecture_response"}, 1741026843.7797592)][0m
2025-03-03 19:34:03,780 [DEBUG]  Running graph with inputs: {'__tracker__': <rasa.shared.core.trackers.DialogueStateTracker object at 0x31f007430>}, targets: ['select_prediction'] and ExecutionContext(model_id='3390a47f4b2e410dbf4b11076c8fc747', should_add_diagnostic_data=False, is_finetuning=False, node_name=None).
2025-03-03 19:34:03,780 [DEBUG]  Node 'rule_only_data_provider' running 'RuleOnlyDataProvider.provide'.
2025-03-03 19:34:03,780 [DEBUG]  Node 'domain_provider' running 'DomainProvider.provide_inference'.
2025-03-03 19:34:03,780 [DEBUG]  Node 'run_MemoizationPolicy0' running 'MemoizationPolicy.predict_action_probabilities'.
2025-03-03 19:34:03,780 [DEBUG]  [[32m[1mdebug    [0m] [1mmemoization.predict.actions   [0m [36mtracker_states[0m=[35m[{'user': {'intent': 'ask_architecture'}, 'prev_action': {'action_name': 'action_listen'}}, {'user': {'intent': 'ask_architecture'}, 'prev_action': {'action_name': 'utter_architecture_response'}}][0m
2025-03-03 19:34:03,780 [DEBUG]  There is a memorised next action 'action_listen'
2025-03-03 19:34:03,780 [DEBUG]  Node 'run_RulePolicy1' running 'RulePolicy.predict_action_probabilities'.
2025-03-03 19:34:03,780 [DEBUG]  [[32m[1mdebug    [0m] [1mrule_policy.actions.find      [0m [36mcurrent_states[0m=[35m
[state 1] user intent: goodbye | previous action name: action_listen
[state 2] user intent: goodbye | previous action name: utter_goodbye
[state 3] user intent: ask_architecture | previous action name: action_listen
[state 4] user intent: ask_architecture | previous action name: utter_architecture_response
[state 5] user intent: ask_architecture | previous action name: action_listen
[state 6] user intent: ask_architecture | previous action name: utter_architecture_response
[state 7] user intent: goodbye | previous action name: action_listen
[state 8] user intent: goodbye | previous action name: utter_goodbye
[state 9] user intent: goodbye | previous action name: action_listen
[state 10] user intent: goodbye | previous action name: utter_goodbye
[state 11] user intent: goodbye | previous action name: action_listen
[state 12] user intent: goodbye | previous action name: utter_goodbye
[state 13] user intent: ask_architecture | previous action name: action_listen
[state 14] user intent: ask_architecture | previous action name: utter_architecture_response
[state 15] user intent: ask_architecture | previous action name: action_listen
[state 16] user intent: ask_architecture | previous action name: utter_architecture_response
[state 17] user intent: ask_architecture | previous action name: action_listen
[state 18] user intent: ask_architecture | previous action name: utter_architecture_response
[state 19] user intent: ask_architecture | previous action name: action_listen
[state 20] user intent: ask_architecture | previous action name: utter_architecture_response
[state 21] user intent: ask_architecture | previous action name: action_listen
[state 22] user intent: ask_architecture | previous action name: utter_architecture_response
[state 23] user intent: ask_architecture | previous action name: action_listen
[state 24] user intent: ask_architecture | previous action name: utter_architecture_response[0m
2025-03-03 19:34:03,781 [DEBUG]  There is a rule for the next action 'action_listen'.
2025-03-03 19:34:03,781 [DEBUG]  Node 'run_TEDPolicy2' running 'TEDPolicy.predict_action_probabilities'.
2025-03-03 19:34:03,782 [DEBUG]  TED predicted 'action_two_stage_fallback' based on user intent.
2025-03-03 19:34:03,782 [DEBUG]  Node 'select_prediction' running 'DefaultPolicyPredictionEnsemble.combine_predictions_from_kwargs'.
2025-03-03 19:34:03,782 [DEBUG]  Predicted next action using RulePolicy.
2025-03-03 19:34:03,782 [DEBUG]  Predicted next action 'action_listen' with confidence 1.00.
2025-03-03 19:34:03,783 [DEBUG]  [[32m[1mdebug    [0m] [1mprocessor.actions.policy_prediction[0m [36mprediction_events[0m=[35m[][0m
2025-03-03 19:34:03,783 [DEBUG]  [[32m[1mdebug    [0m] [1mprocessor.actions.log         [0m [36maction_name[0m=[35maction_listen[0m [36mrasa_events[0m=[35m[][0m
2025-03-03 19:34:03,783 [DEBUG]  No event broker configured. Skipping streaming events.
2025-03-03 19:34:03,783 [DEBUG]  Deleted lock for conversation 'PractikumStudent'.
2025-03-03 19:34:11,857 [DEBUG]  Issuing ticket for conversation 'PractikumStudent'.
2025-03-03 19:34:11,859 [DEBUG]  Acquiring lock for conversation 'PractikumStudent'.
2025-03-03 19:34:11,859 [DEBUG]  Acquired lock for conversation 'PractikumStudent'.
2025-03-03 19:34:11,860 [DEBUG]  Recreating tracker for id 'PractikumStudent'
2025-03-03 19:34:11,870 [DEBUG]  Running graph with inputs: {'__message__': [<rasa.core.channels.channel.UserMessage object at 0x3780722f0>], '__tracker__': <rasa.shared.core.trackers.DialogueStateTracker object at 0x37bbe9ff0>}, targets: ['run_RegexMessageHandler'] and ExecutionContext(model_id='3390a47f4b2e410dbf4b11076c8fc747', should_add_diagnostic_data=False, is_finetuning=False, node_name=None).
2025-03-03 19:34:11,871 [DEBUG]  Node 'nlu_message_converter' running 'NLUMessageConverter.convert_user_message'.
2025-03-03 19:34:11,871 [DEBUG]  Node 'run_WhitespaceTokenizer0' running 'WhitespaceTokenizer.process'.
2025-03-03 19:34:11,871 [DEBUG]  Node 'run_RegexFeaturizer1' running 'RegexFeaturizer.process'.
2025-03-03 19:34:11,871 [DEBUG]  Node 'run_LexicalSyntacticFeaturizer2' running 'LexicalSyntacticFeaturizer.process'.
2025-03-03 19:34:11,872 [DEBUG]  Node 'run_CountVectorsFeaturizer3' running 'CountVectorsFeaturizer.process'.
2025-03-03 19:34:11,872 [DEBUG]  Node 'run_LanguageModelFeaturizer4' running 'LanguageModelFeaturizer.process'.
2025-03-03 19:34:11,990 [DEBUG]  Node 'run_DIETClassifier5' running 'DIETClassifier.process'.
2025-03-03 19:34:11,991 [DEBUG]  Node 'run_EntitySynonymMapper6' running 'EntitySynonymMapper.process'.
2025-03-03 19:34:11,991 [DEBUG]  Node 'run_ResponseSelector7' running 'ResponseSelector.process'.
2025-03-03 19:34:11,991 [DEBUG]  There is no trained model for 'ResponseSelector': The component is either not trained or didn't receive enough training data.
2025-03-03 19:34:11,991 [DEBUG]  Adding following selector key to message property: default
2025-03-03 19:34:11,991 [DEBUG]  Node 'domain_provider' running 'DomainProvider.provide_inference'.
2025-03-03 19:34:11,992 [DEBUG]  Node 'run_RegexMessageHandler' running 'RegexMessageHandler.process'.
2025-03-03 19:34:11,992 [DEBUG]  [[32m[1mdebug    [0m] [1mprocessor.message.parse       [0m [36mparse_data_entities[0m=[35m[][0m [36mparse_data_intent[0m=[35m{'name': 'ask_architecture', 'confidence': 0.3961784839630127}[0m [36mparse_data_text[0m=[35mКакие есть детали?[0m
2025-03-03 19:34:11,992 [DEBUG]  Logged UserUtterance - tracker now has 94 events.
2025-03-03 19:34:11,992 [DEBUG]  Validating extracted slots: topic
2025-03-03 19:34:11,992 [DEBUG]  [[32m[1mdebug    [0m] [1mprocessor.extract.slots       [0m [36maction_extract_slot[0m=[35maction_extract_slots[0m [36mlen_extraction_events[0m=[35m1[0m [36mrasa_events[0m=[35m[SlotSet(key: topic, value: Какие есть детали?)][0m
2025-03-03 19:34:11,992 [DEBUG]  Running graph with inputs: {'__tracker__': <rasa.shared.core.trackers.DialogueStateTracker object at 0x37bbe9ff0>}, targets: ['select_prediction'] and ExecutionContext(model_id='3390a47f4b2e410dbf4b11076c8fc747', should_add_diagnostic_data=False, is_finetuning=False, node_name=None).
2025-03-03 19:34:11,992 [DEBUG]  Node 'rule_only_data_provider' running 'RuleOnlyDataProvider.provide'.
2025-03-03 19:34:11,992 [DEBUG]  Node 'domain_provider' running 'DomainProvider.provide_inference'.
2025-03-03 19:34:11,992 [DEBUG]  Node 'run_MemoizationPolicy0' running 'MemoizationPolicy.predict_action_probabilities'.
2025-03-03 19:34:11,993 [DEBUG]  [[32m[1mdebug    [0m] [1mmemoization.predict.actions   [0m [36mtracker_states[0m=[35m[{'user': {'intent': 'ask_architecture'}, 'prev_action': {'action_name': 'utter_architecture_response'}}, {'user': {'intent': 'ask_architecture'}, 'prev_action': {'action_name': 'action_listen'}}][0m
2025-03-03 19:34:11,993 [DEBUG]  There is no memorised next action
2025-03-03 19:34:11,993 [DEBUG]  Node 'run_RulePolicy1' running 'RulePolicy.predict_action_probabilities'.
2025-03-03 19:34:11,993 [DEBUG]  [[32m[1mdebug    [0m] [1mrule_policy.actions.find      [0m [36mcurrent_states[0m=[35m
[state 1] user intent: goodbye | previous action name: action_listen
[state 2] user intent: goodbye | previous action name: utter_goodbye
[state 3] user intent: ask_architecture | previous action name: action_listen
[state 4] user intent: ask_architecture | previous action name: utter_architecture_response
[state 5] user intent: ask_architecture | previous action name: action_listen
[state 6] user intent: ask_architecture | previous action name: utter_architecture_response
[state 7] user intent: goodbye | previous action name: action_listen
[state 8] user intent: goodbye | previous action name: utter_goodbye
[state 9] user intent: goodbye | previous action name: action_listen
[state 10] user intent: goodbye | previous action name: utter_goodbye
[state 11] user intent: goodbye | previous action name: action_listen
[state 12] user intent: goodbye | previous action name: utter_goodbye
[state 13] user intent: ask_architecture | previous action name: action_listen
[state 14] user intent: ask_architecture | previous action name: utter_architecture_response
[state 15] user intent: ask_architecture | previous action name: action_listen
[state 16] user intent: ask_architecture | previous action name: utter_architecture_response
[state 17] user intent: ask_architecture | previous action name: action_listen
[state 18] user intent: ask_architecture | previous action name: utter_architecture_response
[state 19] user intent: ask_architecture | previous action name: action_listen
[state 20] user intent: ask_architecture | previous action name: utter_architecture_response
[state 21] user intent: ask_architecture | previous action name: action_listen
[state 22] user intent: ask_architecture | previous action name: utter_architecture_response
[state 23] user intent: ask_architecture | previous action name: action_listen
[state 24] user intent: ask_architecture | previous action name: utter_architecture_response
[state 25] user text: Какие есть детали? | previous action name: action_listen[0m
2025-03-03 19:34:11,993 [DEBUG]  There is no applicable rule.
2025-03-03 19:34:11,993 [DEBUG]  [[32m[1mdebug    [0m] [1mrule_policy.actions.find      [0m [36mcurrent_states[0m=[35m
[state 1] user intent: goodbye | previous action name: action_listen
[state 2] user intent: goodbye | previous action name: utter_goodbye
[state 3] user intent: ask_architecture | previous action name: action_listen
[state 4] user intent: ask_architecture | previous action name: utter_architecture_response
[state 5] user intent: ask_architecture | previous action name: action_listen
[state 6] user intent: ask_architecture | previous action name: utter_architecture_response
[state 7] user intent: goodbye | previous action name: action_listen
[state 8] user intent: goodbye | previous action name: utter_goodbye
[state 9] user intent: goodbye | previous action name: action_listen
[state 10] user intent: goodbye | previous action name: utter_goodbye
[state 11] user intent: goodbye | previous action name: action_listen
[state 12] user intent: goodbye | previous action name: utter_goodbye
[state 13] user intent: ask_architecture | previous action name: action_listen
[state 14] user intent: ask_architecture | previous action name: utter_architecture_response
[state 15] user intent: ask_architecture | previous action name: action_listen
[state 16] user intent: ask_architecture | previous action name: utter_architecture_response
[state 17] user intent: ask_architecture | previous action name: action_listen
[state 18] user intent: ask_architecture | previous action name: utter_architecture_response
[state 19] user intent: ask_architecture | previous action name: action_listen
[state 20] user intent: ask_architecture | previous action name: utter_architecture_response
[state 21] user intent: ask_architecture | previous action name: action_listen
[state 22] user intent: ask_architecture | previous action name: utter_architecture_response
[state 23] user intent: ask_architecture | previous action name: action_listen
[state 24] user intent: ask_architecture | previous action name: utter_architecture_response
[state 25] user intent: ask_architecture | previous action name: action_listen[0m
2025-03-03 19:34:11,994 [DEBUG]  There is a rule for the next action 'utter_architecture_response'.
2025-03-03 19:34:11,994 [DEBUG]  Node 'run_TEDPolicy2' running 'TEDPolicy.predict_action_probabilities'.
2025-03-03 19:34:11,995 [DEBUG]  TED predicted 'action_session_start' based on user intent.
2025-03-03 19:34:11,995 [DEBUG]  Node 'select_prediction' running 'DefaultPolicyPredictionEnsemble.combine_predictions_from_kwargs'.
2025-03-03 19:34:11,995 [DEBUG]  Made prediction using user intent.
2025-03-03 19:34:11,996 [DEBUG]  Added `DefinePrevUserUtteredFeaturization(False)` event.
2025-03-03 19:34:11,996 [DEBUG]  Predicted next action using RulePolicy.
2025-03-03 19:34:11,996 [DEBUG]  Predicted next action 'utter_architecture_response' with confidence 1.00.
2025-03-03 19:34:11,996 [DEBUG]  [[32m[1mdebug    [0m] [1mprocessor.actions.policy_prediction[0m [36mprediction_events[0m=[35m[<rasa.shared.core.events.DefinePrevUserUtteredFeaturization object at 0x37c3c63e0>][0m
2025-03-03 19:34:11,996 [DEBUG]  [[32m[1mdebug    [0m] [1mprocessor.actions.log         [0m [36maction_name[0m=[35mutter_architecture_response[0m [36mrasa_events[0m=[35m[BotUttered('Архитектура ПО включает выбор структур, которые обеспечивают масштабируемость, гибкость и поддерживаемость приложения. Задайте конкретный вопрос по этой теме, и я помогу вам с информацией.', {"elements": null, "quick_replies": null, "buttons": null, "attachment": null, "image": null, "custom": null}, {"utter_action": "utter_architecture_response"}, 1741026851.996427)][0m
2025-03-03 19:34:11,996 [DEBUG]  Running graph with inputs: {'__tracker__': <rasa.shared.core.trackers.DialogueStateTracker object at 0x37bbe9ff0>}, targets: ['select_prediction'] and ExecutionContext(model_id='3390a47f4b2e410dbf4b11076c8fc747', should_add_diagnostic_data=False, is_finetuning=False, node_name=None).
2025-03-03 19:34:11,996 [DEBUG]  Node 'rule_only_data_provider' running 'RuleOnlyDataProvider.provide'.
2025-03-03 19:34:11,996 [DEBUG]  Node 'domain_provider' running 'DomainProvider.provide_inference'.
2025-03-03 19:34:11,996 [DEBUG]  Node 'run_MemoizationPolicy0' running 'MemoizationPolicy.predict_action_probabilities'.
2025-03-03 19:34:11,997 [DEBUG]  [[32m[1mdebug    [0m] [1mmemoization.predict.actions   [0m [36mtracker_states[0m=[35m[{'user': {'intent': 'ask_architecture'}, 'prev_action': {'action_name': 'action_listen'}}, {'user': {'intent': 'ask_architecture'}, 'prev_action': {'action_name': 'utter_architecture_response'}}][0m
2025-03-03 19:34:11,997 [DEBUG]  There is a memorised next action 'action_listen'
2025-03-03 19:34:11,997 [DEBUG]  Node 'run_RulePolicy1' running 'RulePolicy.predict_action_probabilities'.
2025-03-03 19:34:11,997 [DEBUG]  [[32m[1mdebug    [0m] [1mrule_policy.actions.find      [0m [36mcurrent_states[0m=[35m
[state 1] user intent: goodbye | previous action name: action_listen
[state 2] user intent: goodbye | previous action name: utter_goodbye
[state 3] user intent: ask_architecture | previous action name: action_listen
[state 4] user intent: ask_architecture | previous action name: utter_architecture_response
[state 5] user intent: ask_architecture | previous action name: action_listen
[state 6] user intent: ask_architecture | previous action name: utter_architecture_response
[state 7] user intent: goodbye | previous action name: action_listen
[state 8] user intent: goodbye | previous action name: utter_goodbye
[state 9] user intent: goodbye | previous action name: action_listen
[state 10] user intent: goodbye | previous action name: utter_goodbye
[state 11] user intent: goodbye | previous action name: action_listen
[state 12] user intent: goodbye | previous action name: utter_goodbye
[state 13] user intent: ask_architecture | previous action name: action_listen
[state 14] user intent: ask_architecture | previous action name: utter_architecture_response
[state 15] user intent: ask_architecture | previous action name: action_listen
[state 16] user intent: ask_architecture | previous action name: utter_architecture_response
[state 17] user intent: ask_architecture | previous action name: action_listen
[state 18] user intent: ask_architecture | previous action name: utter_architecture_response
[state 19] user intent: ask_architecture | previous action name: action_listen
[state 20] user intent: ask_architecture | previous action name: utter_architecture_response
[state 21] user intent: ask_architecture | previous action name: action_listen
[state 22] user intent: ask_architecture | previous action name: utter_architecture_response
[state 23] user intent: ask_architecture | previous action name: action_listen
[state 24] user intent: ask_architecture | previous action name: utter_architecture_response
[state 25] user intent: ask_architecture | previous action name: action_listen
[state 26] user intent: ask_architecture | previous action name: utter_architecture_response[0m
2025-03-03 19:34:11,997 [DEBUG]  There is a rule for the next action 'action_listen'.
2025-03-03 19:34:11,997 [DEBUG]  Node 'run_TEDPolicy2' running 'TEDPolicy.predict_action_probabilities'.
2025-03-03 19:34:11,999 [DEBUG]  TED predicted 'action_two_stage_fallback' based on user intent.
2025-03-03 19:34:11,999 [DEBUG]  Node 'select_prediction' running 'DefaultPolicyPredictionEnsemble.combine_predictions_from_kwargs'.
2025-03-03 19:34:11,999 [DEBUG]  Predicted next action using RulePolicy.
2025-03-03 19:34:11,999 [DEBUG]  Predicted next action 'action_listen' with confidence 1.00.
2025-03-03 19:34:11,999 [DEBUG]  [[32m[1mdebug    [0m] [1mprocessor.actions.policy_prediction[0m [36mprediction_events[0m=[35m[][0m
2025-03-03 19:34:11,999 [DEBUG]  [[32m[1mdebug    [0m] [1mprocessor.actions.log         [0m [36maction_name[0m=[35maction_listen[0m [36mrasa_events[0m=[35m[][0m
2025-03-03 19:34:11,999 [DEBUG]  No event broker configured. Skipping streaming events.
2025-03-03 19:34:11,999 [DEBUG]  Deleted lock for conversation 'PractikumStudent'.
2025-03-03 20:33:39,693 [DEBUG]  Available web server routes: 
/conversations/<conversation_id:path>/messages     POST                           add_message
/conversations/<conversation_id:path>/tracker/events POST                           append_events
/webhooks/rasa                                     GET                            custom_webhook_RasaChatInput.health
/webhooks/rasa/webhook                             POST                           custom_webhook_RasaChatInput.receive
/webhooks/rest                                     GET                            custom_webhook_RestInput.health
/webhooks/rest/webhook                             POST                           custom_webhook_RestInput.receive
/model/test/intents                                POST                           evaluate_intents
/model/test/stories                                POST                           evaluate_stories
/conversations/<conversation_id:path>/execute      POST                           execute_action
/domain                                            GET                            get_domain
/                                                  GET                            hello
/model                                             PUT                            load_model
/model/parse                                       POST                           parse
/conversations/<conversation_id:path>/predict      POST                           predict
/conversations/<conversation_id:path>/tracker/events PUT                            replace_events
/conversations/<conversation_id:path>/story        GET                            retrieve_story
/conversations/<conversation_id:path>/tracker      GET                            retrieve_tracker
/status                                            GET                            status
/model/predict                                     POST                           tracker_predict
/model/train                                       POST                           train
/conversations/<conversation_id:path>/trigger_intent POST                           trigger_intent
/model                                             DELETE                         unload_model
/version                                           GET                            version
2025-03-03 20:33:39,694 [INFO ]  Starting Rasa server on http://0.0.0.0:5005
2025-03-03 20:33:39,694 [DEBUG]  Using the default number of Sanic workers (1).
2025-03-03 20:33:39,753 [DEBUG]  Skipping telemetry reporting: no license hash found.
2025-03-03 20:33:39,774 [DEBUG]  Connected to InMemoryTrackerStore.
2025-03-03 20:33:39,774 [DEBUG]  Connected to lock store 'InMemoryLockStore'.
2025-03-03 20:33:39,774 [DEBUG]  Instantiated NLG to 'TemplatedNaturalLanguageGenerator'.
2025-03-03 20:33:39,775 [INFO ]  Loading model models/20250303-203247-sophisticated-actress.tar.gz...
2025-03-03 20:33:39,802 [DEBUG]  Extracted model to '/var/folders/d2/y1cj5jqj27v3r9jxvkp9xpb00000gn/T/tmpls0mjw47'.
2025-03-03 20:33:39,803 [DEBUG]  Node 'nlu_message_converter' loading 'NLUMessageConverter.load' and kwargs: '{}'.
2025-03-03 20:33:39,803 [DEBUG]  Node 'run_WhitespaceTokenizer0' loading 'WhitespaceTokenizer.load' and kwargs: '{}'.
2025-03-03 20:33:39,804 [DEBUG]  Node 'run_RegexFeaturizer1' loading 'RegexFeaturizer.load' and kwargs: '{}'.
2025-03-03 20:33:39,804 [DEBUG]  Resource 'train_RegexFeaturizer1' was requested for reading.
2025-03-03 20:33:39,804 [DEBUG]  Node 'run_LexicalSyntacticFeaturizer2' loading 'LexicalSyntacticFeaturizer.load' and kwargs: '{}'.
2025-03-03 20:33:39,804 [DEBUG]  Resource 'train_LexicalSyntacticFeaturizer2' was requested for reading.
2025-03-03 20:33:39,805 [DEBUG]  Node 'run_CountVectorsFeaturizer3' loading 'CountVectorsFeaturizer.load' and kwargs: '{}'.
2025-03-03 20:33:39,805 [DEBUG]  Resource 'train_CountVectorsFeaturizer3' was requested for reading.
2025-03-03 20:33:39,805 [DEBUG]  Node 'run_LanguageModelFeaturizer4' loading 'LanguageModelFeaturizer.load' and kwargs: '{}'.
2025-03-03 20:33:40,289 [DEBUG]  Loading Tokenizer and Model for bert
2025-03-03 20:33:40,290 [DEBUG]  Starting new HTTPS connection (1): huggingface.co:443
2025-03-03 20:33:40,481 [DEBUG]  https://huggingface.co:443 "HEAD /bert-base-cased/resolve/main/tokenizer_config.json HTTP/1.1" 200 0
2025-03-03 20:33:40,938 [DEBUG]  https://huggingface.co:443 "HEAD /bert-base-cased/resolve/main/config.json HTTP/1.1" 200 0
2025-03-03 20:33:41,528 [DEBUG]  Node 'run_DIETClassifier5' loading 'DIETClassifier.load' and kwargs: '{}'.
2025-03-03 20:33:41,529 [DEBUG]  Resource 'train_DIETClassifier5' was requested for reading.
2025-03-03 20:33:41,529 [DEBUG]  Loading the model from /var/folders/d2/y1cj5jqj27v3r9jxvkp9xpb00000gn/T/tmpa8cv1b6k/train_DIETClassifier5/DIETClassifier.tf_model with finetune_mode=False...
2025-03-03 20:33:41,535 [DEBUG]  You specified 'DIET' to train entities, but no entities are present in the training data. Skipping training of entities.
2025-03-03 20:33:41,542 [DEBUG]  Following metrics will be logged during training: 
2025-03-03 20:33:41,542 [DEBUG]    t_loss (total loss)
2025-03-03 20:33:41,542 [DEBUG]    i_acc (intent acc)
2025-03-03 20:33:41,542 [DEBUG]    i_loss (intent loss)
2025-03-03 20:33:41,552 [WARNI]  At this time, the v2.11+ optimizer `tf.keras.optimizers.Adam` runs slowly on M1/M2 Macs, please use the legacy Keras optimizer instead, located at `tf.keras.optimizers.legacy.Adam`.
2025-03-03 20:33:41,553 [WARNI]  There is a known slowdown when using v2.11+ Keras optimizers on M1/M2 Macs. Falling back to the legacy Keras optimizer, i.e., `tf.keras.optimizers.legacy.Adam`.
2025-03-03 20:33:43,753 [DEBUG]  Finished loading the model.
2025-03-03 20:33:43,754 [DEBUG]  Node 'run_EntitySynonymMapper6' loading 'EntitySynonymMapper.load' and kwargs: '{}'.
2025-03-03 20:33:43,754 [DEBUG]  Resource 'train_EntitySynonymMapper6' was requested for reading.
2025-03-03 20:33:43,754 [DEBUG]  Failed to load ABCMeta from model storage. Resource 'train_EntitySynonymMapper6' doesn't exist.
2025-03-03 20:33:43,755 [DEBUG]  Node 'run_ResponseSelector7' loading 'ResponseSelector.load' and kwargs: '{}'.
2025-03-03 20:33:43,755 [DEBUG]  Resource 'train_ResponseSelector7' was requested for reading.
2025-03-03 20:33:43,755 [DEBUG]  Failed to load ABCMeta from model storage. Resource 'train_ResponseSelector7' doesn't exist.
2025-03-03 20:33:43,755 [DEBUG]  Resource 'train_ResponseSelector7' was requested for reading.
2025-03-03 20:33:43,755 [DEBUG]  Failed to load ResponseSelector from model storage. Resource 'train_ResponseSelector7' doesn't exist.
2025-03-03 20:33:43,755 [DEBUG]  Node 'run_RegexMessageHandler' loading 'RegexMessageHandler.load' and kwargs: '{}'.
2025-03-03 20:33:43,755 [DEBUG]  Node 'domain_provider' loading 'DomainProvider.load' and kwargs: '{}'.
2025-03-03 20:33:43,755 [DEBUG]  Resource 'domain_provider' was requested for reading.
2025-03-03 20:33:43,762 [DEBUG]  Node 'run_MemoizationPolicy0' loading 'MemoizationPolicy.load' and kwargs: '{}'.
2025-03-03 20:33:43,762 [DEBUG]  Resource 'train_MemoizationPolicy0' was requested for reading.
2025-03-03 20:33:43,762 [DEBUG]  Node 'run_RulePolicy1' loading 'RulePolicy.load' and kwargs: '{}'.
2025-03-03 20:33:43,762 [DEBUG]  Resource 'train_RulePolicy1' was requested for reading.
2025-03-03 20:33:43,763 [DEBUG]  Node 'run_TEDPolicy2' loading 'TEDPolicy.load' and kwargs: '{}'.
2025-03-03 20:33:43,763 [DEBUG]  Resource 'train_TEDPolicy2' was requested for reading.
2025-03-03 20:33:43,764 [DEBUG]  Loading the model from /var/folders/d2/y1cj5jqj27v3r9jxvkp9xpb00000gn/T/tmpa8cv1b6k/train_TEDPolicy2/ted_policy.tf_model with finetune_mode=False...
2025-03-03 20:33:43,782 [WARNI]  At this time, the v2.11+ optimizer `tf.keras.optimizers.Adam` runs slowly on M1/M2 Macs, please use the legacy Keras optimizer instead, located at `tf.keras.optimizers.legacy.Adam`.
2025-03-03 20:33:43,782 [WARNI]  There is a known slowdown when using v2.11+ Keras optimizers on M1/M2 Macs. Falling back to the legacy Keras optimizer, i.e., `tf.keras.optimizers.legacy.Adam`.
2025-03-03 20:33:46,502 [DEBUG]  Finished loading the model.
2025-03-03 20:33:46,502 [DEBUG]  Node 'rule_only_data_provider' loading 'RuleOnlyDataProvider.load' and kwargs: '{}'.
2025-03-03 20:33:46,502 [DEBUG]  Resource 'train_RulePolicy1' was requested for reading.
2025-03-03 20:33:46,502 [DEBUG]  Node 'select_prediction' loading 'DefaultPolicyPredictionEnsemble.load' and kwargs: '{}'.
2025-03-03 20:33:46,504 [INFO ]  Rasa server is up and running.
2025-03-03 20:33:46,505 [INFO ]  Enabling coroutine debugging. Loop id 13290254544.
2025-03-03 20:34:27,181 [DEBUG]  Issuing ticket for conversation 'PractikumStudent'.
2025-03-03 20:34:27,182 [DEBUG]  Acquiring lock for conversation 'PractikumStudent'.
2025-03-03 20:34:27,182 [DEBUG]  Acquired lock for conversation 'PractikumStudent'.
2025-03-03 20:34:27,182 [DEBUG]  Could not find tracker for conversation ID 'PractikumStudent'.
2025-03-03 20:34:27,183 [DEBUG]  No event broker configured. Skipping streaming events.
2025-03-03 20:34:27,183 [DEBUG]  Starting a new session for conversation ID 'PractikumStudent'.
2025-03-03 20:34:27,186 [DEBUG]  [[32m[1mdebug    [0m] [1mprocessor.actions.policy_prediction[0m [36mprediction_events[0m=[35m[][0m
2025-03-03 20:34:27,187 [DEBUG]  [[32m[1mdebug    [0m] [1mprocessor.actions.log         [0m [36maction_name[0m=[35maction_session_start[0m [36mrasa_events[0m=[35m[<rasa.shared.core.events.SessionStarted object at 0x36eac5420>, ActionExecuted(action: action_listen, policy: None, confidence: None)][0m
2025-03-03 20:34:27,187 [DEBUG]  [[32m[1mdebug    [0m] [1mprocessor.slots.log           [0m [36mslot_values[0m=[35m	topic: None
	session_started_metadata: None[0m
2025-03-03 20:34:27,187 [DEBUG]  Running graph with inputs: {'__message__': [<rasa.core.channels.channel.UserMessage object at 0x36ea7be80>], '__tracker__': <rasa.shared.core.trackers.DialogueStateTracker object at 0x36af47fa0>}, targets: ['run_RegexMessageHandler'] and ExecutionContext(model_id='0e1709f3972049a0abcb59237a211de2', should_add_diagnostic_data=False, is_finetuning=False, node_name=None).
2025-03-03 20:34:27,188 [DEBUG]  Node 'nlu_message_converter' running 'NLUMessageConverter.convert_user_message'.
2025-03-03 20:34:27,188 [DEBUG]  Node 'run_WhitespaceTokenizer0' running 'WhitespaceTokenizer.process'.
2025-03-03 20:34:27,190 [DEBUG]  Node 'run_RegexFeaturizer1' running 'RegexFeaturizer.process'.
2025-03-03 20:34:27,190 [DEBUG]  Node 'run_LexicalSyntacticFeaturizer2' running 'LexicalSyntacticFeaturizer.process'.
2025-03-03 20:34:27,190 [DEBUG]  Node 'run_CountVectorsFeaturizer3' running 'CountVectorsFeaturizer.process'.
2025-03-03 20:34:27,191 [DEBUG]  Node 'run_LanguageModelFeaturizer4' running 'LanguageModelFeaturizer.process'.
2025-03-03 20:34:27,305 [DEBUG]  Node 'run_DIETClassifier5' running 'DIETClassifier.process'.
2025-03-03 20:34:27,357 [DEBUG]  Node 'run_EntitySynonymMapper6' running 'EntitySynonymMapper.process'.
2025-03-03 20:34:27,357 [DEBUG]  Node 'run_ResponseSelector7' running 'ResponseSelector.process'.
2025-03-03 20:34:27,357 [DEBUG]  There is no trained model for 'ResponseSelector': The component is either not trained or didn't receive enough training data.
2025-03-03 20:34:27,357 [DEBUG]  Adding following selector key to message property: default
2025-03-03 20:34:27,357 [DEBUG]  Node 'domain_provider' running 'DomainProvider.provide_inference'.
2025-03-03 20:34:27,357 [DEBUG]  Node 'run_RegexMessageHandler' running 'RegexMessageHandler.process'.
2025-03-03 20:34:27,357 [DEBUG]  [[32m[1mdebug    [0m] [1mprocessor.message.parse       [0m [36mparse_data_entities[0m=[35m[][0m [36mparse_data_intent[0m=[35m{'name': 'deny', 'confidence': 0.20294907689094543}[0m [36mparse_data_text[0m=[35mпривет[0m
2025-03-03 20:34:27,357 [DEBUG]  Logged UserUtterance - tracker now has 4 events.
2025-03-03 20:34:27,358 [DEBUG]  Validating extracted slots: topic
2025-03-03 20:34:27,358 [DEBUG]  [[32m[1mdebug    [0m] [1mprocessor.extract.slots       [0m [36maction_extract_slot[0m=[35maction_extract_slots[0m [36mlen_extraction_events[0m=[35m1[0m [36mrasa_events[0m=[35m[SlotSet(key: topic, value: привет)][0m
2025-03-03 20:34:27,358 [DEBUG]  Running graph with inputs: {'__tracker__': <rasa.shared.core.trackers.DialogueStateTracker object at 0x36af47fa0>}, targets: ['select_prediction'] and ExecutionContext(model_id='0e1709f3972049a0abcb59237a211de2', should_add_diagnostic_data=False, is_finetuning=False, node_name=None).
2025-03-03 20:34:27,358 [DEBUG]  Node 'rule_only_data_provider' running 'RuleOnlyDataProvider.provide'.
2025-03-03 20:34:27,358 [DEBUG]  Node 'domain_provider' running 'DomainProvider.provide_inference'.
2025-03-03 20:34:27,358 [DEBUG]  Node 'run_MemoizationPolicy0' running 'MemoizationPolicy.predict_action_probabilities'.
2025-03-03 20:34:27,359 [DEBUG]  [[32m[1mdebug    [0m] [1mmemoization.predict.actions   [0m [36mtracker_states[0m=[35m[{}, {'user': {'intent': 'deny'}, 'prev_action': {'action_name': 'action_listen'}}][0m
2025-03-03 20:34:27,359 [DEBUG]  There is no memorised next action
2025-03-03 20:34:27,359 [DEBUG]  Node 'run_RulePolicy1' running 'RulePolicy.predict_action_probabilities'.
2025-03-03 20:34:27,359 [DEBUG]  [[32m[1mdebug    [0m] [1mrule_policy.actions.find      [0m [36mcurrent_states[0m=[35m
[state 1] user text: привет | previous action name: action_listen[0m
2025-03-03 20:34:27,359 [DEBUG]  There is no applicable rule.
2025-03-03 20:34:27,359 [DEBUG]  [[32m[1mdebug    [0m] [1mrule_policy.actions.find      [0m [36mcurrent_states[0m=[35m
[state 1] user intent: deny | previous action name: action_listen[0m
2025-03-03 20:34:27,359 [DEBUG]  There is no applicable rule.
2025-03-03 20:34:27,359 [DEBUG]  Node 'run_TEDPolicy2' running 'TEDPolicy.predict_action_probabilities'.
2025-03-03 20:34:27,361 [DEBUG]  TED predicted 'utter_ask_more' based on user intent.
2025-03-03 20:34:27,361 [DEBUG]  Node 'select_prediction' running 'DefaultPolicyPredictionEnsemble.combine_predictions_from_kwargs'.
2025-03-03 20:34:27,361 [DEBUG]  Made prediction using user intent.
2025-03-03 20:34:27,361 [DEBUG]  Added `DefinePrevUserUtteredFeaturization(False)` event.
2025-03-03 20:34:27,361 [DEBUG]  Predicted next action using RulePolicy.
2025-03-03 20:34:27,361 [DEBUG]  Predicted next action 'action_default_fallback' with confidence 0.30.
2025-03-03 20:34:27,361 [DEBUG]  [[32m[1mdebug    [0m] [1mprocessor.actions.policy_prediction[0m [36mprediction_events[0m=[35m[<rasa.shared.core.events.DefinePrevUserUtteredFeaturization object at 0x36ecda5f0>][0m
2025-03-03 20:34:27,361 [DEBUG]  [[32m[1mdebug    [0m] [1mprocessor.actions.log         [0m [36maction_name[0m=[35maction_default_fallback[0m [36mrasa_events[0m=[35m[<rasa.shared.core.events.UserUtteranceReverted object at 0x36ecd94e0>][0m
2025-03-03 20:34:27,361 [DEBUG]  [[32m[1mdebug    [0m] [1mprocessor.slots.log           [0m [36mslot_values[0m=[35m	topic: None
	session_started_metadata: None[0m
2025-03-03 20:34:27,361 [DEBUG]  Predicted next action 'action_listen' with confidence 1.00.
2025-03-03 20:34:27,361 [DEBUG]  [[32m[1mdebug    [0m] [1mprocessor.actions.policy_prediction[0m [36mprediction_events[0m=[35m[][0m
2025-03-03 20:34:27,361 [DEBUG]  [[32m[1mdebug    [0m] [1mprocessor.actions.log         [0m [36maction_name[0m=[35maction_listen[0m [36mrasa_events[0m=[35m[][0m
2025-03-03 20:34:27,361 [DEBUG]  No event broker configured. Skipping streaming events.
2025-03-03 20:34:27,362 [DEBUG]  Deleted lock for conversation 'PractikumStudent'.
2025-03-03 20:34:35,550 [DEBUG]  Available web server routes: 
/conversations/<conversation_id:path>/messages     POST                           add_message
/conversations/<conversation_id:path>/tracker/events POST                           append_events
/webhooks/rasa                                     GET                            custom_webhook_RasaChatInput.health
/webhooks/rasa/webhook                             POST                           custom_webhook_RasaChatInput.receive
/webhooks/rest                                     GET                            custom_webhook_RestInput.health
/webhooks/rest/webhook                             POST                           custom_webhook_RestInput.receive
/model/test/intents                                POST                           evaluate_intents
/model/test/stories                                POST                           evaluate_stories
/conversations/<conversation_id:path>/execute      POST                           execute_action
/domain                                            GET                            get_domain
/                                                  GET                            hello
/model                                             PUT                            load_model
/model/parse                                       POST                           parse
/conversations/<conversation_id:path>/predict      POST                           predict
/conversations/<conversation_id:path>/tracker/events PUT                            replace_events
/conversations/<conversation_id:path>/story        GET                            retrieve_story
/conversations/<conversation_id:path>/tracker      GET                            retrieve_tracker
/status                                            GET                            status
/model/predict                                     POST                           tracker_predict
/model/train                                       POST                           train
/conversations/<conversation_id:path>/trigger_intent POST                           trigger_intent
/model                                             DELETE                         unload_model
/version                                           GET                            version
2025-03-03 20:34:35,551 [INFO ]  Starting Rasa server on http://0.0.0.0:5005
2025-03-03 20:34:35,551 [DEBUG]  Using the default number of Sanic workers (1).
2025-03-03 20:34:35,616 [DEBUG]  Skipping telemetry reporting: no license hash found.
2025-03-03 20:34:35,639 [DEBUG]  Connected to InMemoryTrackerStore.
2025-03-03 20:34:35,639 [DEBUG]  Connected to lock store 'InMemoryLockStore'.
2025-03-03 20:34:35,639 [DEBUG]  Instantiated NLG to 'TemplatedNaturalLanguageGenerator'.
2025-03-03 20:34:35,640 [INFO ]  Loading model models/20250303-203247-sophisticated-actress.tar.gz...
2025-03-03 20:34:35,667 [DEBUG]  Extracted model to '/var/folders/d2/y1cj5jqj27v3r9jxvkp9xpb00000gn/T/tmph5672m2o'.
2025-03-03 20:34:35,669 [DEBUG]  Node 'nlu_message_converter' loading 'NLUMessageConverter.load' and kwargs: '{}'.
2025-03-03 20:34:35,669 [DEBUG]  Node 'run_WhitespaceTokenizer0' loading 'WhitespaceTokenizer.load' and kwargs: '{}'.
2025-03-03 20:34:35,670 [DEBUG]  Node 'run_RegexFeaturizer1' loading 'RegexFeaturizer.load' and kwargs: '{}'.
2025-03-03 20:34:35,670 [DEBUG]  Resource 'train_RegexFeaturizer1' was requested for reading.
2025-03-03 20:34:35,670 [DEBUG]  Node 'run_LexicalSyntacticFeaturizer2' loading 'LexicalSyntacticFeaturizer.load' and kwargs: '{}'.
2025-03-03 20:34:35,670 [DEBUG]  Resource 'train_LexicalSyntacticFeaturizer2' was requested for reading.
2025-03-03 20:34:35,670 [DEBUG]  Node 'run_CountVectorsFeaturizer3' loading 'CountVectorsFeaturizer.load' and kwargs: '{}'.
2025-03-03 20:34:35,670 [DEBUG]  Resource 'train_CountVectorsFeaturizer3' was requested for reading.
2025-03-03 20:34:35,670 [DEBUG]  Node 'run_LanguageModelFeaturizer4' loading 'LanguageModelFeaturizer.load' and kwargs: '{}'.
2025-03-03 20:34:36,159 [DEBUG]  Loading Tokenizer and Model for bert
2025-03-03 20:34:36,160 [DEBUG]  Starting new HTTPS connection (1): huggingface.co:443
2025-03-03 20:34:36,405 [DEBUG]  https://huggingface.co:443 "HEAD /bert-base-cased/resolve/main/tokenizer_config.json HTTP/1.1" 200 0
2025-03-03 20:34:36,616 [DEBUG]  https://huggingface.co:443 "HEAD /bert-base-cased/resolve/main/config.json HTTP/1.1" 200 0
2025-03-03 20:34:37,705 [DEBUG]  Node 'run_DIETClassifier5' loading 'DIETClassifier.load' and kwargs: '{}'.
2025-03-03 20:34:37,705 [DEBUG]  Resource 'train_DIETClassifier5' was requested for reading.
2025-03-03 20:34:37,706 [DEBUG]  Loading the model from /var/folders/d2/y1cj5jqj27v3r9jxvkp9xpb00000gn/T/tmpv1o0yrx5/train_DIETClassifier5/DIETClassifier.tf_model with finetune_mode=False...
2025-03-03 20:34:37,711 [DEBUG]  You specified 'DIET' to train entities, but no entities are present in the training data. Skipping training of entities.
2025-03-03 20:34:37,719 [DEBUG]  Following metrics will be logged during training: 
2025-03-03 20:34:37,719 [DEBUG]    t_loss (total loss)
2025-03-03 20:34:37,719 [DEBUG]    i_acc (intent acc)
2025-03-03 20:34:37,719 [DEBUG]    i_loss (intent loss)
2025-03-03 20:34:37,729 [WARNI]  At this time, the v2.11+ optimizer `tf.keras.optimizers.Adam` runs slowly on M1/M2 Macs, please use the legacy Keras optimizer instead, located at `tf.keras.optimizers.legacy.Adam`.
2025-03-03 20:34:37,729 [WARNI]  There is a known slowdown when using v2.11+ Keras optimizers on M1/M2 Macs. Falling back to the legacy Keras optimizer, i.e., `tf.keras.optimizers.legacy.Adam`.
2025-03-03 20:34:39,948 [DEBUG]  Finished loading the model.
2025-03-03 20:34:39,948 [DEBUG]  Node 'run_EntitySynonymMapper6' loading 'EntitySynonymMapper.load' and kwargs: '{}'.
2025-03-03 20:34:39,948 [DEBUG]  Resource 'train_EntitySynonymMapper6' was requested for reading.
2025-03-03 20:34:39,948 [DEBUG]  Failed to load ABCMeta from model storage. Resource 'train_EntitySynonymMapper6' doesn't exist.
2025-03-03 20:34:39,949 [DEBUG]  Node 'run_ResponseSelector7' loading 'ResponseSelector.load' and kwargs: '{}'.
2025-03-03 20:34:39,949 [DEBUG]  Resource 'train_ResponseSelector7' was requested for reading.
2025-03-03 20:34:39,949 [DEBUG]  Failed to load ABCMeta from model storage. Resource 'train_ResponseSelector7' doesn't exist.
2025-03-03 20:34:39,949 [DEBUG]  Resource 'train_ResponseSelector7' was requested for reading.
2025-03-03 20:34:39,949 [DEBUG]  Failed to load ResponseSelector from model storage. Resource 'train_ResponseSelector7' doesn't exist.
2025-03-03 20:34:39,949 [DEBUG]  Node 'run_RegexMessageHandler' loading 'RegexMessageHandler.load' and kwargs: '{}'.
2025-03-03 20:34:39,949 [DEBUG]  Node 'domain_provider' loading 'DomainProvider.load' and kwargs: '{}'.
2025-03-03 20:34:39,949 [DEBUG]  Resource 'domain_provider' was requested for reading.
2025-03-03 20:34:39,957 [DEBUG]  Node 'run_MemoizationPolicy0' loading 'MemoizationPolicy.load' and kwargs: '{}'.
2025-03-03 20:34:39,957 [DEBUG]  Resource 'train_MemoizationPolicy0' was requested for reading.
2025-03-03 20:34:39,957 [DEBUG]  Node 'run_RulePolicy1' loading 'RulePolicy.load' and kwargs: '{}'.
2025-03-03 20:34:39,957 [DEBUG]  Resource 'train_RulePolicy1' was requested for reading.
2025-03-03 20:34:39,957 [DEBUG]  Node 'run_TEDPolicy2' loading 'TEDPolicy.load' and kwargs: '{}'.
2025-03-03 20:34:39,957 [DEBUG]  Resource 'train_TEDPolicy2' was requested for reading.
2025-03-03 20:34:39,958 [DEBUG]  Loading the model from /var/folders/d2/y1cj5jqj27v3r9jxvkp9xpb00000gn/T/tmpv1o0yrx5/train_TEDPolicy2/ted_policy.tf_model with finetune_mode=False...
2025-03-03 20:34:39,977 [WARNI]  At this time, the v2.11+ optimizer `tf.keras.optimizers.Adam` runs slowly on M1/M2 Macs, please use the legacy Keras optimizer instead, located at `tf.keras.optimizers.legacy.Adam`.
2025-03-03 20:34:39,977 [WARNI]  There is a known slowdown when using v2.11+ Keras optimizers on M1/M2 Macs. Falling back to the legacy Keras optimizer, i.e., `tf.keras.optimizers.legacy.Adam`.
2025-03-03 20:34:42,688 [DEBUG]  Finished loading the model.
2025-03-03 20:34:42,688 [DEBUG]  Node 'rule_only_data_provider' loading 'RuleOnlyDataProvider.load' and kwargs: '{}'.
2025-03-03 20:34:42,688 [DEBUG]  Resource 'train_RulePolicy1' was requested for reading.
2025-03-03 20:34:42,688 [DEBUG]  Node 'select_prediction' loading 'DefaultPolicyPredictionEnsemble.load' and kwargs: '{}'.
2025-03-03 20:34:42,690 [INFO ]  Rasa server is up and running.
2025-03-03 20:34:42,690 [INFO ]  Enabling coroutine debugging. Loop id 13292646608.
2025-03-03 20:34:52,842 [DEBUG]  Issuing ticket for conversation 'PractikumStudent'.
2025-03-03 20:34:52,843 [DEBUG]  Acquiring lock for conversation 'PractikumStudent'.
2025-03-03 20:34:52,843 [DEBUG]  Acquired lock for conversation 'PractikumStudent'.
2025-03-03 20:34:52,843 [DEBUG]  Could not find tracker for conversation ID 'PractikumStudent'.
2025-03-03 20:34:52,843 [DEBUG]  No event broker configured. Skipping streaming events.
2025-03-03 20:34:52,843 [DEBUG]  Starting a new session for conversation ID 'PractikumStudent'.
2025-03-03 20:34:52,846 [DEBUG]  [[32m[1mdebug    [0m] [1mprocessor.actions.policy_prediction[0m [36mprediction_events[0m=[35m[][0m
2025-03-03 20:34:52,847 [DEBUG]  [[32m[1mdebug    [0m] [1mprocessor.actions.log         [0m [36maction_name[0m=[35maction_session_start[0m [36mrasa_events[0m=[35m[<rasa.shared.core.events.SessionStarted object at 0x37427b970>, ActionExecuted(action: action_listen, policy: None, confidence: None)][0m
2025-03-03 20:34:52,847 [DEBUG]  [[32m[1mdebug    [0m] [1mprocessor.slots.log           [0m [36mslot_values[0m=[35m	topic: None
	session_started_metadata: None[0m
2025-03-03 20:34:52,847 [DEBUG]  Running graph with inputs: {'__message__': [<rasa.core.channels.channel.UserMessage object at 0x376040ee0>], '__tracker__': <rasa.shared.core.trackers.DialogueStateTracker object at 0x3786c4940>}, targets: ['run_RegexMessageHandler'] and ExecutionContext(model_id='0e1709f3972049a0abcb59237a211de2', should_add_diagnostic_data=False, is_finetuning=False, node_name=None).
2025-03-03 20:34:52,848 [DEBUG]  Node 'nlu_message_converter' running 'NLUMessageConverter.convert_user_message'.
2025-03-03 20:34:52,848 [DEBUG]  Node 'run_WhitespaceTokenizer0' running 'WhitespaceTokenizer.process'.
2025-03-03 20:34:52,849 [DEBUG]  Node 'run_RegexFeaturizer1' running 'RegexFeaturizer.process'.
2025-03-03 20:34:52,849 [DEBUG]  Node 'run_LexicalSyntacticFeaturizer2' running 'LexicalSyntacticFeaturizer.process'.
2025-03-03 20:34:52,850 [DEBUG]  Node 'run_CountVectorsFeaturizer3' running 'CountVectorsFeaturizer.process'.
2025-03-03 20:34:52,850 [DEBUG]  Node 'run_LanguageModelFeaturizer4' running 'LanguageModelFeaturizer.process'.
2025-03-03 20:34:52,959 [DEBUG]  Node 'run_DIETClassifier5' running 'DIETClassifier.process'.
2025-03-03 20:34:53,013 [DEBUG]  Node 'run_EntitySynonymMapper6' running 'EntitySynonymMapper.process'.
2025-03-03 20:34:53,013 [DEBUG]  Node 'run_ResponseSelector7' running 'ResponseSelector.process'.
2025-03-03 20:34:53,013 [DEBUG]  There is no trained model for 'ResponseSelector': The component is either not trained or didn't receive enough training data.
2025-03-03 20:34:53,013 [DEBUG]  Adding following selector key to message property: default
2025-03-03 20:34:53,013 [DEBUG]  Node 'domain_provider' running 'DomainProvider.provide_inference'.
2025-03-03 20:34:53,013 [DEBUG]  Node 'run_RegexMessageHandler' running 'RegexMessageHandler.process'.
2025-03-03 20:34:53,013 [DEBUG]  [[32m[1mdebug    [0m] [1mprocessor.message.parse       [0m [36mparse_data_entities[0m=[35m[][0m [36mparse_data_intent[0m=[35m{'name': 'deny', 'confidence': 0.20294907689094543}[0m [36mparse_data_text[0m=[35mпривет[0m
2025-03-03 20:34:53,013 [DEBUG]  Logged UserUtterance - tracker now has 4 events.
2025-03-03 20:34:53,015 [DEBUG]  Validating extracted slots: topic
2025-03-03 20:34:53,015 [DEBUG]  [[32m[1mdebug    [0m] [1mprocessor.extract.slots       [0m [36maction_extract_slot[0m=[35maction_extract_slots[0m [36mlen_extraction_events[0m=[35m1[0m [36mrasa_events[0m=[35m[SlotSet(key: topic, value: привет)][0m
2025-03-03 20:34:53,015 [DEBUG]  Running graph with inputs: {'__tracker__': <rasa.shared.core.trackers.DialogueStateTracker object at 0x3786c4940>}, targets: ['select_prediction'] and ExecutionContext(model_id='0e1709f3972049a0abcb59237a211de2', should_add_diagnostic_data=False, is_finetuning=False, node_name=None).
2025-03-03 20:34:53,015 [DEBUG]  Node 'rule_only_data_provider' running 'RuleOnlyDataProvider.provide'.
2025-03-03 20:34:53,015 [DEBUG]  Node 'domain_provider' running 'DomainProvider.provide_inference'.
2025-03-03 20:34:53,015 [DEBUG]  Node 'run_MemoizationPolicy0' running 'MemoizationPolicy.predict_action_probabilities'.
2025-03-03 20:34:53,015 [DEBUG]  [[32m[1mdebug    [0m] [1mmemoization.predict.actions   [0m [36mtracker_states[0m=[35m[{}, {'user': {'intent': 'deny'}, 'prev_action': {'action_name': 'action_listen'}}][0m
2025-03-03 20:34:53,015 [DEBUG]  There is no memorised next action
2025-03-03 20:34:53,015 [DEBUG]  Node 'run_RulePolicy1' running 'RulePolicy.predict_action_probabilities'.
2025-03-03 20:34:53,016 [DEBUG]  [[32m[1mdebug    [0m] [1mrule_policy.actions.find      [0m [36mcurrent_states[0m=[35m
[state 1] user text: привет | previous action name: action_listen[0m
2025-03-03 20:34:53,016 [DEBUG]  There is no applicable rule.
2025-03-03 20:34:53,016 [DEBUG]  [[32m[1mdebug    [0m] [1mrule_policy.actions.find      [0m [36mcurrent_states[0m=[35m
[state 1] user intent: deny | previous action name: action_listen[0m
2025-03-03 20:34:53,016 [DEBUG]  There is no applicable rule.
2025-03-03 20:34:53,016 [DEBUG]  Node 'run_TEDPolicy2' running 'TEDPolicy.predict_action_probabilities'.
2025-03-03 20:34:53,017 [DEBUG]  TED predicted 'utter_ask_more' based on user intent.
2025-03-03 20:34:53,017 [DEBUG]  Node 'select_prediction' running 'DefaultPolicyPredictionEnsemble.combine_predictions_from_kwargs'.
2025-03-03 20:34:53,017 [DEBUG]  Made prediction using user intent.
2025-03-03 20:34:53,017 [DEBUG]  Added `DefinePrevUserUtteredFeaturization(False)` event.
2025-03-03 20:34:53,017 [DEBUG]  Predicted next action using RulePolicy.
2025-03-03 20:34:53,017 [DEBUG]  Predicted next action 'action_default_fallback' with confidence 0.30.
2025-03-03 20:34:53,018 [DEBUG]  [[32m[1mdebug    [0m] [1mprocessor.actions.policy_prediction[0m [36mprediction_events[0m=[35m[<rasa.shared.core.events.DefinePrevUserUtteredFeaturization object at 0x374278250>][0m
2025-03-03 20:34:53,018 [DEBUG]  [[32m[1mdebug    [0m] [1mprocessor.actions.log         [0m [36maction_name[0m=[35maction_default_fallback[0m [36mrasa_events[0m=[35m[<rasa.shared.core.events.UserUtteranceReverted object at 0x374279b40>][0m
2025-03-03 20:34:53,018 [DEBUG]  [[32m[1mdebug    [0m] [1mprocessor.slots.log           [0m [36mslot_values[0m=[35m	topic: None
	session_started_metadata: None[0m
2025-03-03 20:34:53,018 [DEBUG]  Predicted next action 'action_listen' with confidence 1.00.
2025-03-03 20:34:53,018 [DEBUG]  [[32m[1mdebug    [0m] [1mprocessor.actions.policy_prediction[0m [36mprediction_events[0m=[35m[][0m
2025-03-03 20:34:53,018 [DEBUG]  [[32m[1mdebug    [0m] [1mprocessor.actions.log         [0m [36maction_name[0m=[35maction_listen[0m [36mrasa_events[0m=[35m[][0m
2025-03-03 20:34:53,018 [DEBUG]  No event broker configured. Skipping streaming events.
2025-03-03 20:34:53,018 [DEBUG]  Deleted lock for conversation 'PractikumStudent'.
2025-03-03 20:34:55,282 [DEBUG]  Issuing ticket for conversation 'PractikumStudent'.
2025-03-03 20:34:55,282 [DEBUG]  Acquiring lock for conversation 'PractikumStudent'.
2025-03-03 20:34:55,283 [DEBUG]  Acquired lock for conversation 'PractikumStudent'.
2025-03-03 20:34:55,283 [DEBUG]  Recreating tracker for id 'PractikumStudent'
2025-03-03 20:34:55,286 [DEBUG]  Running graph with inputs: {'__message__': [<rasa.core.channels.channel.UserMessage object at 0x376040c10>], '__tracker__': <rasa.shared.core.trackers.DialogueStateTracker object at 0x3786c4940>}, targets: ['run_RegexMessageHandler'] and ExecutionContext(model_id='0e1709f3972049a0abcb59237a211de2', should_add_diagnostic_data=False, is_finetuning=False, node_name=None).
2025-03-03 20:34:55,287 [DEBUG]  Node 'nlu_message_converter' running 'NLUMessageConverter.convert_user_message'.
2025-03-03 20:34:55,287 [DEBUG]  Node 'run_WhitespaceTokenizer0' running 'WhitespaceTokenizer.process'.
2025-03-03 20:34:55,288 [DEBUG]  Node 'run_RegexFeaturizer1' running 'RegexFeaturizer.process'.
2025-03-03 20:34:55,288 [DEBUG]  Node 'run_LexicalSyntacticFeaturizer2' running 'LexicalSyntacticFeaturizer.process'.
2025-03-03 20:34:55,289 [DEBUG]  Node 'run_CountVectorsFeaturizer3' running 'CountVectorsFeaturizer.process'.
2025-03-03 20:34:55,289 [DEBUG]  Node 'run_LanguageModelFeaturizer4' running 'LanguageModelFeaturizer.process'.
2025-03-03 20:34:55,381 [DEBUG]  Node 'run_DIETClassifier5' running 'DIETClassifier.process'.
2025-03-03 20:34:55,383 [DEBUG]  Node 'run_EntitySynonymMapper6' running 'EntitySynonymMapper.process'.
2025-03-03 20:34:55,383 [DEBUG]  Node 'run_ResponseSelector7' running 'ResponseSelector.process'.
2025-03-03 20:34:55,383 [DEBUG]  There is no trained model for 'ResponseSelector': The component is either not trained or didn't receive enough training data.
2025-03-03 20:34:55,383 [DEBUG]  Adding following selector key to message property: default
2025-03-03 20:34:55,383 [DEBUG]  Node 'domain_provider' running 'DomainProvider.provide_inference'.
2025-03-03 20:34:55,383 [DEBUG]  Node 'run_RegexMessageHandler' running 'RegexMessageHandler.process'.
2025-03-03 20:34:55,383 [DEBUG]  [[32m[1mdebug    [0m] [1mprocessor.message.parse       [0m [36mparse_data_entities[0m=[35m[][0m [36mparse_data_intent[0m=[35m{'name': 'ask_architecture', 'confidence': 0.3169708847999573}[0m [36mparse_data_text[0m=[35mа[0m
2025-03-03 20:34:55,384 [DEBUG]  Logged UserUtterance - tracker now has 10 events.
2025-03-03 20:34:55,384 [DEBUG]  Validating extracted slots: topic
2025-03-03 20:34:55,384 [DEBUG]  [[32m[1mdebug    [0m] [1mprocessor.extract.slots       [0m [36maction_extract_slot[0m=[35maction_extract_slots[0m [36mlen_extraction_events[0m=[35m1[0m [36mrasa_events[0m=[35m[SlotSet(key: topic, value: а)][0m
2025-03-03 20:34:55,384 [DEBUG]  Running graph with inputs: {'__tracker__': <rasa.shared.core.trackers.DialogueStateTracker object at 0x3786c4940>}, targets: ['select_prediction'] and ExecutionContext(model_id='0e1709f3972049a0abcb59237a211de2', should_add_diagnostic_data=False, is_finetuning=False, node_name=None).
2025-03-03 20:34:55,384 [DEBUG]  Node 'rule_only_data_provider' running 'RuleOnlyDataProvider.provide'.
2025-03-03 20:34:55,384 [DEBUG]  Node 'domain_provider' running 'DomainProvider.provide_inference'.
2025-03-03 20:34:55,384 [DEBUG]  Node 'run_MemoizationPolicy0' running 'MemoizationPolicy.predict_action_probabilities'.
2025-03-03 20:34:55,384 [DEBUG]  [[32m[1mdebug    [0m] [1mmemoization.predict.actions   [0m [36mtracker_states[0m=[35m[{}, {'user': {'intent': 'ask_architecture'}, 'prev_action': {'action_name': 'action_listen'}}][0m
2025-03-03 20:34:55,384 [DEBUG]  There is no memorised next action
2025-03-03 20:34:55,384 [DEBUG]  Node 'run_RulePolicy1' running 'RulePolicy.predict_action_probabilities'.
2025-03-03 20:34:55,384 [DEBUG]  [[32m[1mdebug    [0m] [1mrule_policy.actions.find      [0m [36mcurrent_states[0m=[35m
[state 1] user text: а | previous action name: action_listen[0m
2025-03-03 20:34:55,384 [DEBUG]  There is no applicable rule.
2025-03-03 20:34:55,385 [DEBUG]  [[32m[1mdebug    [0m] [1mrule_policy.actions.find      [0m [36mcurrent_states[0m=[35m
[state 1] user intent: ask_architecture | previous action name: action_listen[0m
2025-03-03 20:34:55,385 [DEBUG]  There is a rule for the next action 'utter_architecture_response'.
2025-03-03 20:34:55,385 [DEBUG]  Node 'run_TEDPolicy2' running 'TEDPolicy.predict_action_probabilities'.
2025-03-03 20:34:55,386 [DEBUG]  TED predicted 'action_default_ask_affirmation' based on user intent.
2025-03-03 20:34:55,386 [DEBUG]  Node 'select_prediction' running 'DefaultPolicyPredictionEnsemble.combine_predictions_from_kwargs'.
2025-03-03 20:34:55,386 [DEBUG]  Made prediction using user intent.
2025-03-03 20:34:55,386 [DEBUG]  Added `DefinePrevUserUtteredFeaturization(False)` event.
2025-03-03 20:34:55,386 [DEBUG]  Predicted next action using RulePolicy.
2025-03-03 20:34:55,386 [DEBUG]  Predicted next action 'utter_architecture_response' with confidence 1.00.
2025-03-03 20:34:55,387 [DEBUG]  [[32m[1mdebug    [0m] [1mprocessor.actions.policy_prediction[0m [36mprediction_events[0m=[35m[<rasa.shared.core.events.DefinePrevUserUtteredFeaturization object at 0x374279c00>][0m
2025-03-03 20:34:55,387 [DEBUG]  [[32m[1mdebug    [0m] [1mprocessor.actions.log         [0m [36maction_name[0m=[35mutter_architecture_response[0m [36mrasa_events[0m=[35m[BotUttered('Архитектура ПО включает выбор структур, которые обеспечивают масштабируемость, гибкость и поддерживаемость приложения. Задайте конкретный вопрос по этой теме, и я помогу вам с информацией.', {"elements": null, "quick_replies": null, "buttons": null, "attachment": null, "image": null, "custom": null}, {"utter_action": "utter_architecture_response"}, 1741030495.387069)][0m
2025-03-03 20:34:55,387 [DEBUG]  Running graph with inputs: {'__tracker__': <rasa.shared.core.trackers.DialogueStateTracker object at 0x3786c4940>}, targets: ['select_prediction'] and ExecutionContext(model_id='0e1709f3972049a0abcb59237a211de2', should_add_diagnostic_data=False, is_finetuning=False, node_name=None).
2025-03-03 20:34:55,387 [DEBUG]  Node 'rule_only_data_provider' running 'RuleOnlyDataProvider.provide'.
2025-03-03 20:34:55,387 [DEBUG]  Node 'domain_provider' running 'DomainProvider.provide_inference'.
2025-03-03 20:34:55,387 [DEBUG]  Node 'run_MemoizationPolicy0' running 'MemoizationPolicy.predict_action_probabilities'.
2025-03-03 20:34:55,387 [DEBUG]  [[32m[1mdebug    [0m] [1mmemoization.predict.actions   [0m [36mtracker_states[0m=[35m[{'user': {'intent': 'ask_architecture'}, 'prev_action': {'action_name': 'action_listen'}}, {'user': {'intent': 'ask_architecture'}, 'prev_action': {'action_name': 'utter_architecture_response'}}][0m
2025-03-03 20:34:55,387 [DEBUG]  There is a memorised next action 'action_listen'
2025-03-03 20:34:55,387 [DEBUG]  Node 'run_RulePolicy1' running 'RulePolicy.predict_action_probabilities'.
2025-03-03 20:34:55,387 [DEBUG]  [[32m[1mdebug    [0m] [1mrule_policy.actions.find      [0m [36mcurrent_states[0m=[35m
[state 1] user intent: ask_architecture | previous action name: action_listen
[state 2] user intent: ask_architecture | previous action name: utter_architecture_response[0m
2025-03-03 20:34:55,387 [DEBUG]  There is a rule for the next action 'action_listen'.
2025-03-03 20:34:55,387 [DEBUG]  Node 'run_TEDPolicy2' running 'TEDPolicy.predict_action_probabilities'.
2025-03-03 20:34:55,389 [DEBUG]  TED predicted 'utter_ask_more' based on user intent.
2025-03-03 20:34:55,389 [DEBUG]  Node 'select_prediction' running 'DefaultPolicyPredictionEnsemble.combine_predictions_from_kwargs'.
2025-03-03 20:34:55,389 [DEBUG]  Predicted next action using RulePolicy.
2025-03-03 20:34:55,389 [DEBUG]  Predicted next action 'action_listen' with confidence 1.00.
2025-03-03 20:34:55,389 [DEBUG]  [[32m[1mdebug    [0m] [1mprocessor.actions.policy_prediction[0m [36mprediction_events[0m=[35m[][0m
2025-03-03 20:34:55,389 [DEBUG]  [[32m[1mdebug    [0m] [1mprocessor.actions.log         [0m [36maction_name[0m=[35maction_listen[0m [36mrasa_events[0m=[35m[][0m
2025-03-03 20:34:55,389 [DEBUG]  No event broker configured. Skipping streaming events.
2025-03-03 20:34:55,389 [DEBUG]  Deleted lock for conversation 'PractikumStudent'.
2025-03-03 20:34:56,897 [DEBUG]  Issuing ticket for conversation 'PractikumStudent'.
2025-03-03 20:34:56,898 [DEBUG]  Acquiring lock for conversation 'PractikumStudent'.
2025-03-03 20:34:56,898 [DEBUG]  Acquired lock for conversation 'PractikumStudent'.
2025-03-03 20:34:56,898 [DEBUG]  Recreating tracker for id 'PractikumStudent'
2025-03-03 20:34:56,900 [DEBUG]  Running graph with inputs: {'__message__': [<rasa.core.channels.channel.UserMessage object at 0x376040f70>], '__tracker__': <rasa.shared.core.trackers.DialogueStateTracker object at 0x375ad46d0>}, targets: ['run_RegexMessageHandler'] and ExecutionContext(model_id='0e1709f3972049a0abcb59237a211de2', should_add_diagnostic_data=False, is_finetuning=False, node_name=None).
2025-03-03 20:34:56,901 [DEBUG]  Node 'nlu_message_converter' running 'NLUMessageConverter.convert_user_message'.
2025-03-03 20:34:56,902 [DEBUG]  Node 'run_WhitespaceTokenizer0' running 'WhitespaceTokenizer.process'.
2025-03-03 20:34:56,902 [DEBUG]  Node 'run_RegexFeaturizer1' running 'RegexFeaturizer.process'.
2025-03-03 20:34:56,902 [DEBUG]  Node 'run_LexicalSyntacticFeaturizer2' running 'LexicalSyntacticFeaturizer.process'.
2025-03-03 20:34:56,902 [DEBUG]  Node 'run_CountVectorsFeaturizer3' running 'CountVectorsFeaturizer.process'.
2025-03-03 20:34:56,904 [DEBUG]  Node 'run_LanguageModelFeaturizer4' running 'LanguageModelFeaturizer.process'.
2025-03-03 20:34:56,999 [DEBUG]  Node 'run_DIETClassifier5' running 'DIETClassifier.process'.
2025-03-03 20:34:57,000 [DEBUG]  Node 'run_EntitySynonymMapper6' running 'EntitySynonymMapper.process'.
2025-03-03 20:34:57,000 [DEBUG]  Node 'run_ResponseSelector7' running 'ResponseSelector.process'.
2025-03-03 20:34:57,000 [DEBUG]  There is no trained model for 'ResponseSelector': The component is either not trained or didn't receive enough training data.
2025-03-03 20:34:57,000 [DEBUG]  Adding following selector key to message property: default
2025-03-03 20:34:57,000 [DEBUG]  Node 'domain_provider' running 'DomainProvider.provide_inference'.
2025-03-03 20:34:57,001 [DEBUG]  Node 'run_RegexMessageHandler' running 'RegexMessageHandler.process'.
2025-03-03 20:34:57,001 [DEBUG]  [[32m[1mdebug    [0m] [1mprocessor.message.parse       [0m [36mparse_data_entities[0m=[35m[][0m [36mparse_data_intent[0m=[35m{'name': 'ask_architecture', 'confidence': 0.3169708847999573}[0m [36mparse_data_text[0m=[35mа[0m
2025-03-03 20:34:57,001 [DEBUG]  Logged UserUtterance - tracker now has 16 events.
2025-03-03 20:34:57,001 [DEBUG]  Validating extracted slots: topic
2025-03-03 20:34:57,001 [DEBUG]  [[32m[1mdebug    [0m] [1mprocessor.extract.slots       [0m [36maction_extract_slot[0m=[35maction_extract_slots[0m [36mlen_extraction_events[0m=[35m1[0m [36mrasa_events[0m=[35m[SlotSet(key: topic, value: а)][0m
2025-03-03 20:34:57,001 [DEBUG]  Running graph with inputs: {'__tracker__': <rasa.shared.core.trackers.DialogueStateTracker object at 0x375ad46d0>}, targets: ['select_prediction'] and ExecutionContext(model_id='0e1709f3972049a0abcb59237a211de2', should_add_diagnostic_data=False, is_finetuning=False, node_name=None).
2025-03-03 20:34:57,001 [DEBUG]  Node 'rule_only_data_provider' running 'RuleOnlyDataProvider.provide'.
2025-03-03 20:34:57,001 [DEBUG]  Node 'domain_provider' running 'DomainProvider.provide_inference'.
2025-03-03 20:34:57,001 [DEBUG]  Node 'run_MemoizationPolicy0' running 'MemoizationPolicy.predict_action_probabilities'.
2025-03-03 20:34:57,001 [DEBUG]  [[32m[1mdebug    [0m] [1mmemoization.predict.actions   [0m [36mtracker_states[0m=[35m[{'user': {'intent': 'ask_architecture'}, 'prev_action': {'action_name': 'utter_architecture_response'}}, {'user': {'intent': 'ask_architecture'}, 'prev_action': {'action_name': 'action_listen'}}][0m
2025-03-03 20:34:57,002 [DEBUG]  There is no memorised next action
2025-03-03 20:34:57,002 [DEBUG]  Node 'run_RulePolicy1' running 'RulePolicy.predict_action_probabilities'.
2025-03-03 20:34:57,002 [DEBUG]  [[32m[1mdebug    [0m] [1mrule_policy.actions.find      [0m [36mcurrent_states[0m=[35m
[state 1] user intent: ask_architecture | previous action name: action_listen
[state 2] user intent: ask_architecture | previous action name: utter_architecture_response
[state 3] user text: а | previous action name: action_listen[0m
2025-03-03 20:34:57,002 [DEBUG]  There is no applicable rule.
2025-03-03 20:34:57,002 [DEBUG]  [[32m[1mdebug    [0m] [1mrule_policy.actions.find      [0m [36mcurrent_states[0m=[35m
[state 1] user intent: ask_architecture | previous action name: action_listen
[state 2] user intent: ask_architecture | previous action name: utter_architecture_response
[state 3] user intent: ask_architecture | previous action name: action_listen[0m
2025-03-03 20:34:57,002 [DEBUG]  There is a rule for the next action 'utter_architecture_response'.
2025-03-03 20:34:57,002 [DEBUG]  Node 'run_TEDPolicy2' running 'TEDPolicy.predict_action_probabilities'.
2025-03-03 20:34:57,003 [DEBUG]  TED predicted 'action_default_ask_affirmation' based on user intent.
2025-03-03 20:34:57,003 [DEBUG]  Node 'select_prediction' running 'DefaultPolicyPredictionEnsemble.combine_predictions_from_kwargs'.
2025-03-03 20:34:57,004 [DEBUG]  Made prediction using user intent.
2025-03-03 20:34:57,004 [DEBUG]  Added `DefinePrevUserUtteredFeaturization(False)` event.
2025-03-03 20:34:57,004 [DEBUG]  Predicted next action using RulePolicy.
2025-03-03 20:34:57,004 [DEBUG]  Predicted next action 'utter_architecture_response' with confidence 1.00.
2025-03-03 20:34:57,004 [DEBUG]  [[32m[1mdebug    [0m] [1mprocessor.actions.policy_prediction[0m [36mprediction_events[0m=[35m[<rasa.shared.core.events.DefinePrevUserUtteredFeaturization object at 0x37427b2e0>][0m
2025-03-03 20:34:57,004 [DEBUG]  [[32m[1mdebug    [0m] [1mprocessor.actions.log         [0m [36maction_name[0m=[35mutter_architecture_response[0m [36mrasa_events[0m=[35m[BotUttered('Архитектура ПО включает выбор структур, которые обеспечивают масштабируемость, гибкость и поддерживаемость приложения. Задайте конкретный вопрос по этой теме, и я помогу вам с информацией.', {"elements": null, "quick_replies": null, "buttons": null, "attachment": null, "image": null, "custom": null}, {"utter_action": "utter_architecture_response"}, 1741030497.004313)][0m
2025-03-03 20:34:57,004 [DEBUG]  Running graph with inputs: {'__tracker__': <rasa.shared.core.trackers.DialogueStateTracker object at 0x375ad46d0>}, targets: ['select_prediction'] and ExecutionContext(model_id='0e1709f3972049a0abcb59237a211de2', should_add_diagnostic_data=False, is_finetuning=False, node_name=None).
2025-03-03 20:34:57,004 [DEBUG]  Node 'rule_only_data_provider' running 'RuleOnlyDataProvider.provide'.
2025-03-03 20:34:57,004 [DEBUG]  Node 'domain_provider' running 'DomainProvider.provide_inference'.
2025-03-03 20:34:57,004 [DEBUG]  Node 'run_MemoizationPolicy0' running 'MemoizationPolicy.predict_action_probabilities'.
2025-03-03 20:34:57,005 [DEBUG]  [[32m[1mdebug    [0m] [1mmemoization.predict.actions   [0m [36mtracker_states[0m=[35m[{'user': {'intent': 'ask_architecture'}, 'prev_action': {'action_name': 'action_listen'}}, {'user': {'intent': 'ask_architecture'}, 'prev_action': {'action_name': 'utter_architecture_response'}}][0m
2025-03-03 20:34:57,005 [DEBUG]  There is a memorised next action 'action_listen'
2025-03-03 20:34:57,005 [DEBUG]  Node 'run_RulePolicy1' running 'RulePolicy.predict_action_probabilities'.
2025-03-03 20:34:57,005 [DEBUG]  [[32m[1mdebug    [0m] [1mrule_policy.actions.find      [0m [36mcurrent_states[0m=[35m
[state 1] user intent: ask_architecture | previous action name: action_listen
[state 2] user intent: ask_architecture | previous action name: utter_architecture_response
[state 3] user intent: ask_architecture | previous action name: action_listen
[state 4] user intent: ask_architecture | previous action name: utter_architecture_response[0m
2025-03-03 20:34:57,005 [DEBUG]  There is a rule for the next action 'action_listen'.
2025-03-03 20:34:57,005 [DEBUG]  Node 'run_TEDPolicy2' running 'TEDPolicy.predict_action_probabilities'.
2025-03-03 20:34:57,006 [DEBUG]  TED predicted 'utter_ask_more' based on user intent.
2025-03-03 20:34:57,006 [DEBUG]  Node 'select_prediction' running 'DefaultPolicyPredictionEnsemble.combine_predictions_from_kwargs'.
2025-03-03 20:34:57,006 [DEBUG]  Predicted next action using RulePolicy.
2025-03-03 20:34:57,007 [DEBUG]  Predicted next action 'action_listen' with confidence 1.00.
2025-03-03 20:34:57,007 [DEBUG]  [[32m[1mdebug    [0m] [1mprocessor.actions.policy_prediction[0m [36mprediction_events[0m=[35m[][0m
2025-03-03 20:34:57,007 [DEBUG]  [[32m[1mdebug    [0m] [1mprocessor.actions.log         [0m [36maction_name[0m=[35maction_listen[0m [36mrasa_events[0m=[35m[][0m
2025-03-03 20:34:57,007 [DEBUG]  No event broker configured. Skipping streaming events.
2025-03-03 20:34:57,007 [DEBUG]  Deleted lock for conversation 'PractikumStudent'.
2025-03-03 20:35:02,807 [DEBUG]  Issuing ticket for conversation 'PractikumStudent'.
2025-03-03 20:35:02,809 [DEBUG]  Acquiring lock for conversation 'PractikumStudent'.
2025-03-03 20:35:02,809 [DEBUG]  Acquired lock for conversation 'PractikumStudent'.
2025-03-03 20:35:02,809 [DEBUG]  Recreating tracker for id 'PractikumStudent'
2025-03-03 20:35:02,814 [DEBUG]  Running graph with inputs: {'__message__': [<rasa.core.channels.channel.UserMessage object at 0x3760aa740>], '__tracker__': <rasa.shared.core.trackers.DialogueStateTracker object at 0x3786c5750>}, targets: ['run_RegexMessageHandler'] and ExecutionContext(model_id='0e1709f3972049a0abcb59237a211de2', should_add_diagnostic_data=False, is_finetuning=False, node_name=None).
2025-03-03 20:35:02,814 [DEBUG]  Node 'nlu_message_converter' running 'NLUMessageConverter.convert_user_message'.
2025-03-03 20:35:02,815 [DEBUG]  Node 'run_WhitespaceTokenizer0' running 'WhitespaceTokenizer.process'.
2025-03-03 20:35:02,815 [DEBUG]  Node 'run_RegexFeaturizer1' running 'RegexFeaturizer.process'.
2025-03-03 20:35:02,815 [DEBUG]  Node 'run_LexicalSyntacticFeaturizer2' running 'LexicalSyntacticFeaturizer.process'.
2025-03-03 20:35:02,816 [DEBUG]  Node 'run_CountVectorsFeaturizer3' running 'CountVectorsFeaturizer.process'.
2025-03-03 20:35:02,817 [DEBUG]  Node 'run_LanguageModelFeaturizer4' running 'LanguageModelFeaturizer.process'.
2025-03-03 20:35:02,910 [DEBUG]  Node 'run_DIETClassifier5' running 'DIETClassifier.process'.
2025-03-03 20:35:02,912 [DEBUG]  Node 'run_EntitySynonymMapper6' running 'EntitySynonymMapper.process'.
2025-03-03 20:35:02,912 [DEBUG]  Node 'run_ResponseSelector7' running 'ResponseSelector.process'.
2025-03-03 20:35:02,912 [DEBUG]  There is no trained model for 'ResponseSelector': The component is either not trained or didn't receive enough training data.
2025-03-03 20:35:02,912 [DEBUG]  Adding following selector key to message property: default
2025-03-03 20:35:02,912 [DEBUG]  Node 'domain_provider' running 'DomainProvider.provide_inference'.
2025-03-03 20:35:02,912 [DEBUG]  Node 'run_RegexMessageHandler' running 'RegexMessageHandler.process'.
2025-03-03 20:35:02,913 [DEBUG]  [[32m[1mdebug    [0m] [1mprocessor.message.parse       [0m [36mparse_data_entities[0m=[35m[][0m [36mparse_data_intent[0m=[35m{'name': 'ask_architecture', 'confidence': 0.21038274466991425}[0m [36mparse_data_text[0m=[35mhello[0m
2025-03-03 20:35:02,913 [DEBUG]  Logged UserUtterance - tracker now has 22 events.
2025-03-03 20:35:02,913 [DEBUG]  Validating extracted slots: topic
2025-03-03 20:35:02,913 [DEBUG]  [[32m[1mdebug    [0m] [1mprocessor.extract.slots       [0m [36maction_extract_slot[0m=[35maction_extract_slots[0m [36mlen_extraction_events[0m=[35m1[0m [36mrasa_events[0m=[35m[SlotSet(key: topic, value: hello)][0m
2025-03-03 20:35:02,913 [DEBUG]  Running graph with inputs: {'__tracker__': <rasa.shared.core.trackers.DialogueStateTracker object at 0x3786c5750>}, targets: ['select_prediction'] and ExecutionContext(model_id='0e1709f3972049a0abcb59237a211de2', should_add_diagnostic_data=False, is_finetuning=False, node_name=None).
2025-03-03 20:35:02,913 [DEBUG]  Node 'rule_only_data_provider' running 'RuleOnlyDataProvider.provide'.
2025-03-03 20:35:02,913 [DEBUG]  Node 'domain_provider' running 'DomainProvider.provide_inference'.
2025-03-03 20:35:02,913 [DEBUG]  Node 'run_MemoizationPolicy0' running 'MemoizationPolicy.predict_action_probabilities'.
2025-03-03 20:35:02,913 [DEBUG]  [[32m[1mdebug    [0m] [1mmemoization.predict.actions   [0m [36mtracker_states[0m=[35m[{'user': {'intent': 'ask_architecture'}, 'prev_action': {'action_name': 'utter_architecture_response'}}, {'user': {'intent': 'ask_architecture'}, 'prev_action': {'action_name': 'action_listen'}}][0m
2025-03-03 20:35:02,913 [DEBUG]  There is no memorised next action
2025-03-03 20:35:02,913 [DEBUG]  Node 'run_RulePolicy1' running 'RulePolicy.predict_action_probabilities'.
2025-03-03 20:35:02,914 [DEBUG]  [[32m[1mdebug    [0m] [1mrule_policy.actions.find      [0m [36mcurrent_states[0m=[35m
[state 1] user intent: ask_architecture | previous action name: action_listen
[state 2] user intent: ask_architecture | previous action name: utter_architecture_response
[state 3] user intent: ask_architecture | previous action name: action_listen
[state 4] user intent: ask_architecture | previous action name: utter_architecture_response
[state 5] user text: hello | previous action name: action_listen[0m
2025-03-03 20:35:02,914 [DEBUG]  There is no applicable rule.
2025-03-03 20:35:02,914 [DEBUG]  [[32m[1mdebug    [0m] [1mrule_policy.actions.find      [0m [36mcurrent_states[0m=[35m
[state 1] user intent: ask_architecture | previous action name: action_listen
[state 2] user intent: ask_architecture | previous action name: utter_architecture_response
[state 3] user intent: ask_architecture | previous action name: action_listen
[state 4] user intent: ask_architecture | previous action name: utter_architecture_response
[state 5] user intent: ask_architecture | previous action name: action_listen[0m
2025-03-03 20:35:02,914 [DEBUG]  There is a rule for the next action 'utter_architecture_response'.
2025-03-03 20:35:02,914 [DEBUG]  Node 'run_TEDPolicy2' running 'TEDPolicy.predict_action_probabilities'.
2025-03-03 20:35:02,915 [DEBUG]  TED predicted 'action_default_ask_affirmation' based on user intent.
2025-03-03 20:35:02,915 [DEBUG]  Node 'select_prediction' running 'DefaultPolicyPredictionEnsemble.combine_predictions_from_kwargs'.
2025-03-03 20:35:02,916 [DEBUG]  Made prediction using user intent.
2025-03-03 20:35:02,916 [DEBUG]  Added `DefinePrevUserUtteredFeaturization(False)` event.
2025-03-03 20:35:02,916 [DEBUG]  Predicted next action using RulePolicy.
2025-03-03 20:35:02,916 [DEBUG]  Predicted next action 'utter_architecture_response' with confidence 1.00.
2025-03-03 20:35:02,916 [DEBUG]  [[32m[1mdebug    [0m] [1mprocessor.actions.policy_prediction[0m [36mprediction_events[0m=[35m[<rasa.shared.core.events.DefinePrevUserUtteredFeaturization object at 0x374279e10>][0m
2025-03-03 20:35:02,916 [DEBUG]  [[32m[1mdebug    [0m] [1mprocessor.actions.log         [0m [36maction_name[0m=[35mutter_architecture_response[0m [36mrasa_events[0m=[35m[BotUttered('Архитектура ПО включает выбор структур, которые обеспечивают масштабируемость, гибкость и поддерживаемость приложения. Задайте конкретный вопрос по этой теме, и я помогу вам с информацией.', {"elements": null, "quick_replies": null, "buttons": null, "attachment": null, "image": null, "custom": null}, {"utter_action": "utter_architecture_response"}, 1741030502.916285)][0m
2025-03-03 20:35:02,916 [DEBUG]  Running graph with inputs: {'__tracker__': <rasa.shared.core.trackers.DialogueStateTracker object at 0x3786c5750>}, targets: ['select_prediction'] and ExecutionContext(model_id='0e1709f3972049a0abcb59237a211de2', should_add_diagnostic_data=False, is_finetuning=False, node_name=None).
2025-03-03 20:35:02,916 [DEBUG]  Node 'rule_only_data_provider' running 'RuleOnlyDataProvider.provide'.
2025-03-03 20:35:02,916 [DEBUG]  Node 'domain_provider' running 'DomainProvider.provide_inference'.
2025-03-03 20:35:02,916 [DEBUG]  Node 'run_MemoizationPolicy0' running 'MemoizationPolicy.predict_action_probabilities'.
2025-03-03 20:35:02,916 [DEBUG]  [[32m[1mdebug    [0m] [1mmemoization.predict.actions   [0m [36mtracker_states[0m=[35m[{'user': {'intent': 'ask_architecture'}, 'prev_action': {'action_name': 'action_listen'}}, {'user': {'intent': 'ask_architecture'}, 'prev_action': {'action_name': 'utter_architecture_response'}}][0m
2025-03-03 20:35:02,916 [DEBUG]  There is a memorised next action 'action_listen'
2025-03-03 20:35:02,916 [DEBUG]  Node 'run_RulePolicy1' running 'RulePolicy.predict_action_probabilities'.
2025-03-03 20:35:02,917 [DEBUG]  [[32m[1mdebug    [0m] [1mrule_policy.actions.find      [0m [36mcurrent_states[0m=[35m
[state 1] user intent: ask_architecture | previous action name: action_listen
[state 2] user intent: ask_architecture | previous action name: utter_architecture_response
[state 3] user intent: ask_architecture | previous action name: action_listen
[state 4] user intent: ask_architecture | previous action name: utter_architecture_response
[state 5] user intent: ask_architecture | previous action name: action_listen
[state 6] user intent: ask_architecture | previous action name: utter_architecture_response[0m
2025-03-03 20:35:02,917 [DEBUG]  There is a rule for the next action 'action_listen'.
2025-03-03 20:35:02,917 [DEBUG]  Node 'run_TEDPolicy2' running 'TEDPolicy.predict_action_probabilities'.
2025-03-03 20:35:02,918 [DEBUG]  TED predicted 'utter_ask_more' based on user intent.
2025-03-03 20:35:02,918 [DEBUG]  Node 'select_prediction' running 'DefaultPolicyPredictionEnsemble.combine_predictions_from_kwargs'.
2025-03-03 20:35:02,918 [DEBUG]  Predicted next action using RulePolicy.
2025-03-03 20:35:02,918 [DEBUG]  Predicted next action 'action_listen' with confidence 1.00.
2025-03-03 20:35:02,918 [DEBUG]  [[32m[1mdebug    [0m] [1mprocessor.actions.policy_prediction[0m [36mprediction_events[0m=[35m[][0m
2025-03-03 20:35:02,918 [DEBUG]  [[32m[1mdebug    [0m] [1mprocessor.actions.log         [0m [36maction_name[0m=[35maction_listen[0m [36mrasa_events[0m=[35m[][0m
2025-03-03 20:35:02,918 [DEBUG]  No event broker configured. Skipping streaming events.
2025-03-03 20:35:02,918 [DEBUG]  Deleted lock for conversation 'PractikumStudent'.
2025-03-03 20:35:04,656 [DEBUG]  Issuing ticket for conversation 'PractikumStudent'.
2025-03-03 20:35:04,656 [DEBUG]  Acquiring lock for conversation 'PractikumStudent'.
2025-03-03 20:35:04,656 [DEBUG]  Acquired lock for conversation 'PractikumStudent'.
2025-03-03 20:35:04,657 [DEBUG]  Recreating tracker for id 'PractikumStudent'
2025-03-03 20:35:04,661 [DEBUG]  Running graph with inputs: {'__message__': [<rasa.core.channels.channel.UserMessage object at 0x376041240>], '__tracker__': <rasa.shared.core.trackers.DialogueStateTracker object at 0x3786c5750>}, targets: ['run_RegexMessageHandler'] and ExecutionContext(model_id='0e1709f3972049a0abcb59237a211de2', should_add_diagnostic_data=False, is_finetuning=False, node_name=None).
2025-03-03 20:35:04,661 [DEBUG]  Node 'nlu_message_converter' running 'NLUMessageConverter.convert_user_message'.
2025-03-03 20:35:04,661 [DEBUG]  Node 'run_WhitespaceTokenizer0' running 'WhitespaceTokenizer.process'.
2025-03-03 20:35:04,662 [DEBUG]  Node 'run_RegexFeaturizer1' running 'RegexFeaturizer.process'.
2025-03-03 20:35:04,662 [DEBUG]  Node 'run_LexicalSyntacticFeaturizer2' running 'LexicalSyntacticFeaturizer.process'.
2025-03-03 20:35:04,662 [DEBUG]  Node 'run_CountVectorsFeaturizer3' running 'CountVectorsFeaturizer.process'.
2025-03-03 20:35:04,663 [DEBUG]  Node 'run_LanguageModelFeaturizer4' running 'LanguageModelFeaturizer.process'.
2025-03-03 20:35:04,793 [DEBUG]  Node 'run_DIETClassifier5' running 'DIETClassifier.process'.
2025-03-03 20:35:04,795 [DEBUG]  Node 'run_EntitySynonymMapper6' running 'EntitySynonymMapper.process'.
2025-03-03 20:35:04,795 [DEBUG]  Node 'run_ResponseSelector7' running 'ResponseSelector.process'.
2025-03-03 20:35:04,795 [DEBUG]  There is no trained model for 'ResponseSelector': The component is either not trained or didn't receive enough training data.
2025-03-03 20:35:04,795 [DEBUG]  Adding following selector key to message property: default
2025-03-03 20:35:04,795 [DEBUG]  Node 'domain_provider' running 'DomainProvider.provide_inference'.
2025-03-03 20:35:04,795 [DEBUG]  Node 'run_RegexMessageHandler' running 'RegexMessageHandler.process'.
2025-03-03 20:35:04,795 [DEBUG]  [[32m[1mdebug    [0m] [1mprocessor.message.parse       [0m [36mparse_data_entities[0m=[35m[][0m [36mparse_data_intent[0m=[35m{'name': 'deny', 'confidence': 0.20294907689094543}[0m [36mparse_data_text[0m=[35mпривет[0m
2025-03-03 20:35:04,795 [DEBUG]  Logged UserUtterance - tracker now has 28 events.
2025-03-03 20:35:04,795 [DEBUG]  Validating extracted slots: topic
2025-03-03 20:35:04,795 [DEBUG]  [[32m[1mdebug    [0m] [1mprocessor.extract.slots       [0m [36maction_extract_slot[0m=[35maction_extract_slots[0m [36mlen_extraction_events[0m=[35m1[0m [36mrasa_events[0m=[35m[SlotSet(key: topic, value: привет)][0m
2025-03-03 20:35:04,796 [DEBUG]  Running graph with inputs: {'__tracker__': <rasa.shared.core.trackers.DialogueStateTracker object at 0x3786c5750>}, targets: ['select_prediction'] and ExecutionContext(model_id='0e1709f3972049a0abcb59237a211de2', should_add_diagnostic_data=False, is_finetuning=False, node_name=None).
2025-03-03 20:35:04,796 [DEBUG]  Node 'rule_only_data_provider' running 'RuleOnlyDataProvider.provide'.
2025-03-03 20:35:04,796 [DEBUG]  Node 'domain_provider' running 'DomainProvider.provide_inference'.
2025-03-03 20:35:04,796 [DEBUG]  Node 'run_MemoizationPolicy0' running 'MemoizationPolicy.predict_action_probabilities'.
2025-03-03 20:35:04,796 [DEBUG]  [[32m[1mdebug    [0m] [1mmemoization.predict.actions   [0m [36mtracker_states[0m=[35m[{'user': {'intent': 'ask_architecture'}, 'prev_action': {'action_name': 'utter_architecture_response'}}, {'user': {'intent': 'deny'}, 'prev_action': {'action_name': 'action_listen'}}][0m
2025-03-03 20:35:04,796 [DEBUG]  There is no memorised next action
2025-03-03 20:35:04,796 [DEBUG]  Node 'run_RulePolicy1' running 'RulePolicy.predict_action_probabilities'.
2025-03-03 20:35:04,796 [DEBUG]  [[32m[1mdebug    [0m] [1mrule_policy.actions.find      [0m [36mcurrent_states[0m=[35m
[state 1] user intent: ask_architecture | previous action name: action_listen
[state 2] user intent: ask_architecture | previous action name: utter_architecture_response
[state 3] user intent: ask_architecture | previous action name: action_listen
[state 4] user intent: ask_architecture | previous action name: utter_architecture_response
[state 5] user intent: ask_architecture | previous action name: action_listen
[state 6] user intent: ask_architecture | previous action name: utter_architecture_response
[state 7] user text: привет | previous action name: action_listen[0m
2025-03-03 20:35:04,796 [DEBUG]  There is no applicable rule.
2025-03-03 20:35:04,796 [DEBUG]  [[32m[1mdebug    [0m] [1mrule_policy.actions.find      [0m [36mcurrent_states[0m=[35m
[state 1] user intent: ask_architecture | previous action name: action_listen
[state 2] user intent: ask_architecture | previous action name: utter_architecture_response
[state 3] user intent: ask_architecture | previous action name: action_listen
[state 4] user intent: ask_architecture | previous action name: utter_architecture_response
[state 5] user intent: ask_architecture | previous action name: action_listen
[state 6] user intent: ask_architecture | previous action name: utter_architecture_response
[state 7] user intent: deny | previous action name: action_listen[0m
2025-03-03 20:35:04,797 [DEBUG]  There is no applicable rule.
2025-03-03 20:35:04,797 [DEBUG]  Node 'run_TEDPolicy2' running 'TEDPolicy.predict_action_probabilities'.
2025-03-03 20:35:04,798 [DEBUG]  TED predicted 'utter_ask_more' based on user intent.
2025-03-03 20:35:04,798 [DEBUG]  Node 'select_prediction' running 'DefaultPolicyPredictionEnsemble.combine_predictions_from_kwargs'.
2025-03-03 20:35:04,798 [DEBUG]  Made prediction using user intent.
2025-03-03 20:35:04,798 [DEBUG]  Added `DefinePrevUserUtteredFeaturization(False)` event.
2025-03-03 20:35:04,798 [DEBUG]  Predicted next action using RulePolicy.
2025-03-03 20:35:04,798 [DEBUG]  Predicted next action 'action_default_fallback' with confidence 0.30.
2025-03-03 20:35:04,799 [DEBUG]  [[32m[1mdebug    [0m] [1mprocessor.actions.policy_prediction[0m [36mprediction_events[0m=[35m[<rasa.shared.core.events.DefinePrevUserUtteredFeaturization object at 0x374278df0>][0m
2025-03-03 20:35:04,799 [DEBUG]  [[32m[1mdebug    [0m] [1mprocessor.actions.log         [0m [36maction_name[0m=[35maction_default_fallback[0m [36mrasa_events[0m=[35m[<rasa.shared.core.events.UserUtteranceReverted object at 0x374279e70>][0m
2025-03-03 20:35:04,799 [DEBUG]  [[32m[1mdebug    [0m] [1mprocessor.slots.log           [0m [36mslot_values[0m=[35m	topic: hello
	session_started_metadata: None[0m
2025-03-03 20:35:04,799 [DEBUG]  Running graph with inputs: {'__tracker__': <rasa.shared.core.trackers.DialogueStateTracker object at 0x3786c5750>}, targets: ['select_prediction'] and ExecutionContext(model_id='0e1709f3972049a0abcb59237a211de2', should_add_diagnostic_data=False, is_finetuning=False, node_name=None).
2025-03-03 20:35:04,799 [DEBUG]  Node 'rule_only_data_provider' running 'RuleOnlyDataProvider.provide'.
2025-03-03 20:35:04,799 [DEBUG]  Node 'domain_provider' running 'DomainProvider.provide_inference'.
2025-03-03 20:35:04,799 [DEBUG]  Node 'run_MemoizationPolicy0' running 'MemoizationPolicy.predict_action_probabilities'.
2025-03-03 20:35:04,799 [DEBUG]  [[32m[1mdebug    [0m] [1mmemoization.predict.actions   [0m [36mtracker_states[0m=[35m[{'user': {'intent': 'ask_architecture'}, 'prev_action': {'action_name': 'action_listen'}}, {'user': {'intent': 'ask_architecture'}, 'prev_action': {'action_name': 'utter_architecture_response'}}][0m
2025-03-03 20:35:04,799 [DEBUG]  There is a memorised next action 'action_listen'
2025-03-03 20:35:04,799 [DEBUG]  Node 'run_RulePolicy1' running 'RulePolicy.predict_action_probabilities'.
2025-03-03 20:35:04,799 [DEBUG]  [[32m[1mdebug    [0m] [1mrule_policy.actions.find      [0m [36mcurrent_states[0m=[35m
[state 1] user intent: ask_architecture | previous action name: action_listen
[state 2] user intent: ask_architecture | previous action name: utter_architecture_response
[state 3] user intent: ask_architecture | previous action name: action_listen
[state 4] user intent: ask_architecture | previous action name: utter_architecture_response
[state 5] user intent: ask_architecture | previous action name: action_listen
[state 6] user intent: ask_architecture | previous action name: utter_architecture_response[0m
2025-03-03 20:35:04,799 [DEBUG]  There is a rule for the next action 'action_listen'.
2025-03-03 20:35:04,799 [DEBUG]  Node 'run_TEDPolicy2' running 'TEDPolicy.predict_action_probabilities'.
2025-03-03 20:35:04,801 [DEBUG]  TED predicted 'utter_ask_more' based on user intent.
2025-03-03 20:35:04,801 [DEBUG]  Node 'select_prediction' running 'DefaultPolicyPredictionEnsemble.combine_predictions_from_kwargs'.
2025-03-03 20:35:04,801 [DEBUG]  Predicted next action using RulePolicy.
2025-03-03 20:35:04,801 [DEBUG]  Predicted next action 'action_listen' with confidence 1.00.
2025-03-03 20:35:04,801 [DEBUG]  [[32m[1mdebug    [0m] [1mprocessor.actions.policy_prediction[0m [36mprediction_events[0m=[35m[][0m
2025-03-03 20:35:04,801 [DEBUG]  [[32m[1mdebug    [0m] [1mprocessor.actions.log         [0m [36maction_name[0m=[35maction_listen[0m [36mrasa_events[0m=[35m[][0m
2025-03-03 20:35:04,801 [DEBUG]  No event broker configured. Skipping streaming events.
2025-03-03 20:35:04,802 [DEBUG]  Deleted lock for conversation 'PractikumStudent'.
2025-03-03 20:35:07,199 [DEBUG]  Issuing ticket for conversation 'PractikumStudent'.
2025-03-03 20:35:07,200 [DEBUG]  Acquiring lock for conversation 'PractikumStudent'.
2025-03-03 20:35:07,200 [DEBUG]  Acquired lock for conversation 'PractikumStudent'.
2025-03-03 20:35:07,200 [DEBUG]  Recreating tracker for id 'PractikumStudent'
2025-03-03 20:35:07,205 [DEBUG]  Running graph with inputs: {'__message__': [<rasa.core.channels.channel.UserMessage object at 0x3786c4bb0>], '__tracker__': <rasa.shared.core.trackers.DialogueStateTracker object at 0x37427b580>}, targets: ['run_RegexMessageHandler'] and ExecutionContext(model_id='0e1709f3972049a0abcb59237a211de2', should_add_diagnostic_data=False, is_finetuning=False, node_name=None).
2025-03-03 20:35:07,206 [DEBUG]  Node 'nlu_message_converter' running 'NLUMessageConverter.convert_user_message'.
2025-03-03 20:35:07,206 [DEBUG]  Node 'run_WhitespaceTokenizer0' running 'WhitespaceTokenizer.process'.
2025-03-03 20:35:07,207 [DEBUG]  Node 'run_RegexFeaturizer1' running 'RegexFeaturizer.process'.
2025-03-03 20:35:07,207 [DEBUG]  Node 'run_LexicalSyntacticFeaturizer2' running 'LexicalSyntacticFeaturizer.process'.
2025-03-03 20:35:07,208 [DEBUG]  Node 'run_CountVectorsFeaturizer3' running 'CountVectorsFeaturizer.process'.
2025-03-03 20:35:07,209 [DEBUG]  Node 'run_LanguageModelFeaturizer4' running 'LanguageModelFeaturizer.process'.
2025-03-03 20:35:07,304 [DEBUG]  Node 'run_DIETClassifier5' running 'DIETClassifier.process'.
2025-03-03 20:35:07,306 [DEBUG]  Node 'run_EntitySynonymMapper6' running 'EntitySynonymMapper.process'.
2025-03-03 20:35:07,306 [DEBUG]  Node 'run_ResponseSelector7' running 'ResponseSelector.process'.
2025-03-03 20:35:07,306 [DEBUG]  There is no trained model for 'ResponseSelector': The component is either not trained or didn't receive enough training data.
2025-03-03 20:35:07,306 [DEBUG]  Adding following selector key to message property: default
2025-03-03 20:35:07,306 [DEBUG]  Node 'domain_provider' running 'DomainProvider.provide_inference'.
2025-03-03 20:35:07,306 [DEBUG]  Node 'run_RegexMessageHandler' running 'RegexMessageHandler.process'.
2025-03-03 20:35:07,306 [DEBUG]  [[32m[1mdebug    [0m] [1mprocessor.message.parse       [0m [36mparse_data_entities[0m=[35m[][0m [36mparse_data_intent[0m=[35m{'name': 'deny', 'confidence': 0.20681734383106232}[0m [36mparse_data_text[0m=[35mПривет[0m
2025-03-03 20:35:07,306 [DEBUG]  Logged UserUtterance - tracker now has 34 events.
2025-03-03 20:35:07,307 [DEBUG]  Validating extracted slots: topic
2025-03-03 20:35:07,307 [DEBUG]  [[32m[1mdebug    [0m] [1mprocessor.extract.slots       [0m [36maction_extract_slot[0m=[35maction_extract_slots[0m [36mlen_extraction_events[0m=[35m1[0m [36mrasa_events[0m=[35m[SlotSet(key: topic, value: Привет)][0m
2025-03-03 20:35:07,307 [DEBUG]  Running graph with inputs: {'__tracker__': <rasa.shared.core.trackers.DialogueStateTracker object at 0x37427b580>}, targets: ['select_prediction'] and ExecutionContext(model_id='0e1709f3972049a0abcb59237a211de2', should_add_diagnostic_data=False, is_finetuning=False, node_name=None).
2025-03-03 20:35:07,307 [DEBUG]  Node 'rule_only_data_provider' running 'RuleOnlyDataProvider.provide'.
2025-03-03 20:35:07,307 [DEBUG]  Node 'domain_provider' running 'DomainProvider.provide_inference'.
2025-03-03 20:35:07,307 [DEBUG]  Node 'run_MemoizationPolicy0' running 'MemoizationPolicy.predict_action_probabilities'.
2025-03-03 20:35:07,307 [DEBUG]  [[32m[1mdebug    [0m] [1mmemoization.predict.actions   [0m [36mtracker_states[0m=[35m[{'user': {'intent': 'ask_architecture'}, 'prev_action': {'action_name': 'utter_architecture_response'}}, {'user': {'intent': 'deny'}, 'prev_action': {'action_name': 'action_listen'}}][0m
2025-03-03 20:35:07,307 [DEBUG]  There is no memorised next action
2025-03-03 20:35:07,307 [DEBUG]  Node 'run_RulePolicy1' running 'RulePolicy.predict_action_probabilities'.
2025-03-03 20:35:07,307 [DEBUG]  [[32m[1mdebug    [0m] [1mrule_policy.actions.find      [0m [36mcurrent_states[0m=[35m
[state 1] user intent: ask_architecture | previous action name: action_listen
[state 2] user intent: ask_architecture | previous action name: utter_architecture_response
[state 3] user intent: ask_architecture | previous action name: action_listen
[state 4] user intent: ask_architecture | previous action name: utter_architecture_response
[state 5] user intent: ask_architecture | previous action name: action_listen
[state 6] user intent: ask_architecture | previous action name: utter_architecture_response
[state 7] user text: Привет | previous action name: action_listen[0m
2025-03-03 20:35:07,307 [DEBUG]  There is no applicable rule.
2025-03-03 20:35:07,308 [DEBUG]  [[32m[1mdebug    [0m] [1mrule_policy.actions.find      [0m [36mcurrent_states[0m=[35m
[state 1] user intent: ask_architecture | previous action name: action_listen
[state 2] user intent: ask_architecture | previous action name: utter_architecture_response
[state 3] user intent: ask_architecture | previous action name: action_listen
[state 4] user intent: ask_architecture | previous action name: utter_architecture_response
[state 5] user intent: ask_architecture | previous action name: action_listen
[state 6] user intent: ask_architecture | previous action name: utter_architecture_response
[state 7] user intent: deny | previous action name: action_listen[0m
2025-03-03 20:35:07,308 [DEBUG]  There is no applicable rule.
2025-03-03 20:35:07,308 [DEBUG]  Node 'run_TEDPolicy2' running 'TEDPolicy.predict_action_probabilities'.
2025-03-03 20:35:07,309 [DEBUG]  TED predicted 'utter_ask_more' based on user intent.
2025-03-03 20:35:07,309 [DEBUG]  Node 'select_prediction' running 'DefaultPolicyPredictionEnsemble.combine_predictions_from_kwargs'.
2025-03-03 20:35:07,309 [DEBUG]  Made prediction using user intent.
2025-03-03 20:35:07,309 [DEBUG]  Added `DefinePrevUserUtteredFeaturization(False)` event.
2025-03-03 20:35:07,309 [DEBUG]  Predicted next action using RulePolicy.
2025-03-03 20:35:07,309 [DEBUG]  Predicted next action 'action_default_fallback' with confidence 0.30.
2025-03-03 20:35:07,310 [DEBUG]  [[32m[1mdebug    [0m] [1mprocessor.actions.policy_prediction[0m [36mprediction_events[0m=[35m[<rasa.shared.core.events.DefinePrevUserUtteredFeaturization object at 0x37427ace0>][0m
2025-03-03 20:35:07,310 [DEBUG]  [[32m[1mdebug    [0m] [1mprocessor.actions.log         [0m [36maction_name[0m=[35maction_default_fallback[0m [36mrasa_events[0m=[35m[<rasa.shared.core.events.UserUtteranceReverted object at 0x37427a560>][0m
2025-03-03 20:35:07,310 [DEBUG]  [[32m[1mdebug    [0m] [1mprocessor.slots.log           [0m [36mslot_values[0m=[35m	topic: hello
	session_started_metadata: None[0m
2025-03-03 20:35:07,310 [DEBUG]  Running graph with inputs: {'__tracker__': <rasa.shared.core.trackers.DialogueStateTracker object at 0x37427b580>}, targets: ['select_prediction'] and ExecutionContext(model_id='0e1709f3972049a0abcb59237a211de2', should_add_diagnostic_data=False, is_finetuning=False, node_name=None).
2025-03-03 20:35:07,310 [DEBUG]  Node 'rule_only_data_provider' running 'RuleOnlyDataProvider.provide'.
2025-03-03 20:35:07,310 [DEBUG]  Node 'domain_provider' running 'DomainProvider.provide_inference'.
2025-03-03 20:35:07,310 [DEBUG]  Node 'run_MemoizationPolicy0' running 'MemoizationPolicy.predict_action_probabilities'.
2025-03-03 20:35:07,310 [DEBUG]  [[32m[1mdebug    [0m] [1mmemoization.predict.actions   [0m [36mtracker_states[0m=[35m[{'user': {'intent': 'ask_architecture'}, 'prev_action': {'action_name': 'action_listen'}}, {'user': {'intent': 'ask_architecture'}, 'prev_action': {'action_name': 'utter_architecture_response'}}][0m
2025-03-03 20:35:07,310 [DEBUG]  There is a memorised next action 'action_listen'
2025-03-03 20:35:07,310 [DEBUG]  Node 'run_RulePolicy1' running 'RulePolicy.predict_action_probabilities'.
2025-03-03 20:35:07,310 [DEBUG]  [[32m[1mdebug    [0m] [1mrule_policy.actions.find      [0m [36mcurrent_states[0m=[35m
[state 1] user intent: ask_architecture | previous action name: action_listen
[state 2] user intent: ask_architecture | previous action name: utter_architecture_response
[state 3] user intent: ask_architecture | previous action name: action_listen
[state 4] user intent: ask_architecture | previous action name: utter_architecture_response
[state 5] user intent: ask_architecture | previous action name: action_listen
[state 6] user intent: ask_architecture | previous action name: utter_architecture_response[0m
2025-03-03 20:35:07,310 [DEBUG]  There is a rule for the next action 'action_listen'.
2025-03-03 20:35:07,311 [DEBUG]  Node 'run_TEDPolicy2' running 'TEDPolicy.predict_action_probabilities'.
2025-03-03 20:35:07,312 [DEBUG]  TED predicted 'utter_ask_more' based on user intent.
2025-03-03 20:35:07,312 [DEBUG]  Node 'select_prediction' running 'DefaultPolicyPredictionEnsemble.combine_predictions_from_kwargs'.
2025-03-03 20:35:07,312 [DEBUG]  Predicted next action using RulePolicy.
2025-03-03 20:35:07,312 [DEBUG]  Predicted next action 'action_listen' with confidence 1.00.
2025-03-03 20:35:07,312 [DEBUG]  [[32m[1mdebug    [0m] [1mprocessor.actions.policy_prediction[0m [36mprediction_events[0m=[35m[][0m
2025-03-03 20:35:07,312 [DEBUG]  [[32m[1mdebug    [0m] [1mprocessor.actions.log         [0m [36maction_name[0m=[35maction_listen[0m [36mrasa_events[0m=[35m[][0m
2025-03-03 20:35:07,312 [DEBUG]  No event broker configured. Skipping streaming events.
2025-03-03 20:35:07,313 [DEBUG]  Deleted lock for conversation 'PractikumStudent'.
2025-03-03 20:35:35,526 [DEBUG]  Issuing ticket for conversation 'PractikumStudent'.
2025-03-03 20:35:35,527 [DEBUG]  Acquiring lock for conversation 'PractikumStudent'.
2025-03-03 20:35:35,527 [DEBUG]  Acquired lock for conversation 'PractikumStudent'.
2025-03-03 20:35:35,527 [DEBUG]  Recreating tracker for id 'PractikumStudent'
2025-03-03 20:35:35,531 [DEBUG]  Running graph with inputs: {'__message__': [<rasa.core.channels.channel.UserMessage object at 0x376040e50>], '__tracker__': <rasa.shared.core.trackers.DialogueStateTracker object at 0x3740829e0>}, targets: ['run_RegexMessageHandler'] and ExecutionContext(model_id='0e1709f3972049a0abcb59237a211de2', should_add_diagnostic_data=False, is_finetuning=False, node_name=None).
2025-03-03 20:35:35,532 [DEBUG]  Node 'nlu_message_converter' running 'NLUMessageConverter.convert_user_message'.
2025-03-03 20:35:35,532 [DEBUG]  Node 'run_WhitespaceTokenizer0' running 'WhitespaceTokenizer.process'.
2025-03-03 20:35:35,532 [DEBUG]  Node 'run_RegexFeaturizer1' running 'RegexFeaturizer.process'.
2025-03-03 20:35:35,532 [DEBUG]  Node 'run_LexicalSyntacticFeaturizer2' running 'LexicalSyntacticFeaturizer.process'.
2025-03-03 20:35:35,533 [DEBUG]  Node 'run_CountVectorsFeaturizer3' running 'CountVectorsFeaturizer.process'.
2025-03-03 20:35:35,534 [DEBUG]  Node 'run_LanguageModelFeaturizer4' running 'LanguageModelFeaturizer.process'.
2025-03-03 20:35:35,637 [DEBUG]  Node 'run_DIETClassifier5' running 'DIETClassifier.process'.
2025-03-03 20:35:35,639 [DEBUG]  Node 'run_EntitySynonymMapper6' running 'EntitySynonymMapper.process'.
2025-03-03 20:35:35,639 [DEBUG]  Node 'run_ResponseSelector7' running 'ResponseSelector.process'.
2025-03-03 20:35:35,639 [DEBUG]  There is no trained model for 'ResponseSelector': The component is either not trained or didn't receive enough training data.
2025-03-03 20:35:35,639 [DEBUG]  Adding following selector key to message property: default
2025-03-03 20:35:35,639 [DEBUG]  Node 'domain_provider' running 'DomainProvider.provide_inference'.
2025-03-03 20:35:35,639 [DEBUG]  Node 'run_RegexMessageHandler' running 'RegexMessageHandler.process'.
2025-03-03 20:35:35,640 [DEBUG]  [[32m[1mdebug    [0m] [1mprocessor.message.parse       [0m [36mparse_data_entities[0m=[35m[][0m [36mparse_data_intent[0m=[35m{'name': 'ask_architecture', 'confidence': 0.2097521424293518}[0m [36mparse_data_text[0m=[35mЗдравствуйте[0m
2025-03-03 20:35:35,640 [DEBUG]  Logged UserUtterance - tracker now has 40 events.
2025-03-03 20:35:35,640 [DEBUG]  Validating extracted slots: topic
2025-03-03 20:35:35,640 [DEBUG]  [[32m[1mdebug    [0m] [1mprocessor.extract.slots       [0m [36maction_extract_slot[0m=[35maction_extract_slots[0m [36mlen_extraction_events[0m=[35m1[0m [36mrasa_events[0m=[35m[SlotSet(key: topic, value: Здравствуйте)][0m
2025-03-03 20:35:35,640 [DEBUG]  Running graph with inputs: {'__tracker__': <rasa.shared.core.trackers.DialogueStateTracker object at 0x3740829e0>}, targets: ['select_prediction'] and ExecutionContext(model_id='0e1709f3972049a0abcb59237a211de2', should_add_diagnostic_data=False, is_finetuning=False, node_name=None).
2025-03-03 20:35:35,640 [DEBUG]  Node 'rule_only_data_provider' running 'RuleOnlyDataProvider.provide'.
2025-03-03 20:35:35,640 [DEBUG]  Node 'domain_provider' running 'DomainProvider.provide_inference'.
2025-03-03 20:35:35,640 [DEBUG]  Node 'run_MemoizationPolicy0' running 'MemoizationPolicy.predict_action_probabilities'.
2025-03-03 20:35:35,640 [DEBUG]  [[32m[1mdebug    [0m] [1mmemoization.predict.actions   [0m [36mtracker_states[0m=[35m[{'user': {'intent': 'ask_architecture'}, 'prev_action': {'action_name': 'utter_architecture_response'}}, {'user': {'intent': 'ask_architecture'}, 'prev_action': {'action_name': 'action_listen'}}][0m
2025-03-03 20:35:35,640 [DEBUG]  There is no memorised next action
2025-03-03 20:35:35,641 [DEBUG]  Node 'run_RulePolicy1' running 'RulePolicy.predict_action_probabilities'.
2025-03-03 20:35:35,641 [DEBUG]  [[32m[1mdebug    [0m] [1mrule_policy.actions.find      [0m [36mcurrent_states[0m=[35m
[state 1] user intent: ask_architecture | previous action name: action_listen
[state 2] user intent: ask_architecture | previous action name: utter_architecture_response
[state 3] user intent: ask_architecture | previous action name: action_listen
[state 4] user intent: ask_architecture | previous action name: utter_architecture_response
[state 5] user intent: ask_architecture | previous action name: action_listen
[state 6] user intent: ask_architecture | previous action name: utter_architecture_response
[state 7] user text: Здравствуйте | previous action name: action_listen[0m
2025-03-03 20:35:35,641 [DEBUG]  There is no applicable rule.
2025-03-03 20:35:35,641 [DEBUG]  [[32m[1mdebug    [0m] [1mrule_policy.actions.find      [0m [36mcurrent_states[0m=[35m
[state 1] user intent: ask_architecture | previous action name: action_listen
[state 2] user intent: ask_architecture | previous action name: utter_architecture_response
[state 3] user intent: ask_architecture | previous action name: action_listen
[state 4] user intent: ask_architecture | previous action name: utter_architecture_response
[state 5] user intent: ask_architecture | previous action name: action_listen
[state 6] user intent: ask_architecture | previous action name: utter_architecture_response
[state 7] user intent: ask_architecture | previous action name: action_listen[0m
2025-03-03 20:35:35,641 [DEBUG]  There is a rule for the next action 'utter_architecture_response'.
2025-03-03 20:35:35,641 [DEBUG]  Node 'run_TEDPolicy2' running 'TEDPolicy.predict_action_probabilities'.
2025-03-03 20:35:35,642 [DEBUG]  TED predicted 'action_default_ask_affirmation' based on user intent.
2025-03-03 20:35:35,643 [DEBUG]  Node 'select_prediction' running 'DefaultPolicyPredictionEnsemble.combine_predictions_from_kwargs'.
2025-03-03 20:35:35,643 [DEBUG]  Made prediction using user intent.
2025-03-03 20:35:35,643 [DEBUG]  Added `DefinePrevUserUtteredFeaturization(False)` event.
2025-03-03 20:35:35,643 [DEBUG]  Predicted next action using RulePolicy.
2025-03-03 20:35:35,643 [DEBUG]  Predicted next action 'utter_architecture_response' with confidence 1.00.
2025-03-03 20:35:35,643 [DEBUG]  [[32m[1mdebug    [0m] [1mprocessor.actions.policy_prediction[0m [36mprediction_events[0m=[35m[<rasa.shared.core.events.DefinePrevUserUtteredFeaturization object at 0x37427a800>][0m
2025-03-03 20:35:35,643 [DEBUG]  [[32m[1mdebug    [0m] [1mprocessor.actions.log         [0m [36maction_name[0m=[35mutter_architecture_response[0m [36mrasa_events[0m=[35m[BotUttered('Архитектура ПО включает выбор структур, которые обеспечивают масштабируемость, гибкость и поддерживаемость приложения. Задайте конкретный вопрос по этой теме, и я помогу вам с информацией.', {"elements": null, "quick_replies": null, "buttons": null, "attachment": null, "image": null, "custom": null}, {"utter_action": "utter_architecture_response"}, 1741030535.643391)][0m
2025-03-03 20:35:35,643 [DEBUG]  Running graph with inputs: {'__tracker__': <rasa.shared.core.trackers.DialogueStateTracker object at 0x3740829e0>}, targets: ['select_prediction'] and ExecutionContext(model_id='0e1709f3972049a0abcb59237a211de2', should_add_diagnostic_data=False, is_finetuning=False, node_name=None).
2025-03-03 20:35:35,643 [DEBUG]  Node 'rule_only_data_provider' running 'RuleOnlyDataProvider.provide'.
2025-03-03 20:35:35,643 [DEBUG]  Node 'domain_provider' running 'DomainProvider.provide_inference'.
2025-03-03 20:35:35,643 [DEBUG]  Node 'run_MemoizationPolicy0' running 'MemoizationPolicy.predict_action_probabilities'.
2025-03-03 20:35:35,643 [DEBUG]  [[32m[1mdebug    [0m] [1mmemoization.predict.actions   [0m [36mtracker_states[0m=[35m[{'user': {'intent': 'ask_architecture'}, 'prev_action': {'action_name': 'action_listen'}}, {'user': {'intent': 'ask_architecture'}, 'prev_action': {'action_name': 'utter_architecture_response'}}][0m
2025-03-03 20:35:35,644 [DEBUG]  There is a memorised next action 'action_listen'
2025-03-03 20:35:35,644 [DEBUG]  Node 'run_RulePolicy1' running 'RulePolicy.predict_action_probabilities'.
2025-03-03 20:35:35,644 [DEBUG]  [[32m[1mdebug    [0m] [1mrule_policy.actions.find      [0m [36mcurrent_states[0m=[35m
[state 1] user intent: ask_architecture | previous action name: action_listen
[state 2] user intent: ask_architecture | previous action name: utter_architecture_response
[state 3] user intent: ask_architecture | previous action name: action_listen
[state 4] user intent: ask_architecture | previous action name: utter_architecture_response
[state 5] user intent: ask_architecture | previous action name: action_listen
[state 6] user intent: ask_architecture | previous action name: utter_architecture_response
[state 7] user intent: ask_architecture | previous action name: action_listen
[state 8] user intent: ask_architecture | previous action name: utter_architecture_response[0m
2025-03-03 20:35:35,644 [DEBUG]  There is a rule for the next action 'action_listen'.
2025-03-03 20:35:35,644 [DEBUG]  Node 'run_TEDPolicy2' running 'TEDPolicy.predict_action_probabilities'.
2025-03-03 20:35:35,645 [DEBUG]  TED predicted 'utter_ask_more' based on user intent.
2025-03-03 20:35:35,645 [DEBUG]  Node 'select_prediction' running 'DefaultPolicyPredictionEnsemble.combine_predictions_from_kwargs'.
2025-03-03 20:35:35,645 [DEBUG]  Predicted next action using RulePolicy.
2025-03-03 20:35:35,645 [DEBUG]  Predicted next action 'action_listen' with confidence 1.00.
2025-03-03 20:35:35,645 [DEBUG]  [[32m[1mdebug    [0m] [1mprocessor.actions.policy_prediction[0m [36mprediction_events[0m=[35m[][0m
2025-03-03 20:35:35,646 [DEBUG]  [[32m[1mdebug    [0m] [1mprocessor.actions.log         [0m [36maction_name[0m=[35maction_listen[0m [36mrasa_events[0m=[35m[][0m
2025-03-03 20:35:35,646 [DEBUG]  No event broker configured. Skipping streaming events.
2025-03-03 20:35:35,646 [DEBUG]  Deleted lock for conversation 'PractikumStudent'.
2025-03-03 20:35:44,457 [DEBUG]  Issuing ticket for conversation 'PractikumStudent'.
2025-03-03 20:35:44,457 [DEBUG]  Acquiring lock for conversation 'PractikumStudent'.
2025-03-03 20:35:44,458 [DEBUG]  Acquired lock for conversation 'PractikumStudent'.
2025-03-03 20:35:44,458 [DEBUG]  Recreating tracker for id 'PractikumStudent'
2025-03-03 20:35:44,464 [DEBUG]  Running graph with inputs: {'__message__': [<rasa.core.channels.channel.UserMessage object at 0x3184db010>], '__tracker__': <rasa.shared.core.trackers.DialogueStateTracker object at 0x3786c4940>}, targets: ['run_RegexMessageHandler'] and ExecutionContext(model_id='0e1709f3972049a0abcb59237a211de2', should_add_diagnostic_data=False, is_finetuning=False, node_name=None).
2025-03-03 20:35:44,465 [DEBUG]  Node 'nlu_message_converter' running 'NLUMessageConverter.convert_user_message'.
2025-03-03 20:35:44,466 [DEBUG]  Node 'run_WhitespaceTokenizer0' running 'WhitespaceTokenizer.process'.
2025-03-03 20:35:44,466 [DEBUG]  Node 'run_RegexFeaturizer1' running 'RegexFeaturizer.process'.
2025-03-03 20:35:44,466 [DEBUG]  Node 'run_LexicalSyntacticFeaturizer2' running 'LexicalSyntacticFeaturizer.process'.
2025-03-03 20:35:44,466 [DEBUG]  Node 'run_CountVectorsFeaturizer3' running 'CountVectorsFeaturizer.process'.
2025-03-03 20:35:44,467 [DEBUG]  Node 'run_LanguageModelFeaturizer4' running 'LanguageModelFeaturizer.process'.
2025-03-03 20:35:44,574 [DEBUG]  Node 'run_DIETClassifier5' running 'DIETClassifier.process'.
2025-03-03 20:35:44,577 [DEBUG]  Node 'run_EntitySynonymMapper6' running 'EntitySynonymMapper.process'.
2025-03-03 20:35:44,577 [DEBUG]  Node 'run_ResponseSelector7' running 'ResponseSelector.process'.
2025-03-03 20:35:44,577 [DEBUG]  There is no trained model for 'ResponseSelector': The component is either not trained or didn't receive enough training data.
2025-03-03 20:35:44,577 [DEBUG]  Adding following selector key to message property: default
2025-03-03 20:35:44,577 [DEBUG]  Node 'domain_provider' running 'DomainProvider.provide_inference'.
2025-03-03 20:35:44,577 [DEBUG]  Node 'run_RegexMessageHandler' running 'RegexMessageHandler.process'.
2025-03-03 20:35:44,577 [DEBUG]  [[32m[1mdebug    [0m] [1mprocessor.message.parse       [0m [36mparse_data_entities[0m=[35m[][0m [36mparse_data_intent[0m=[35m{'name': 'goodbye', 'confidence': 0.2084069401025772}[0m [36mparse_data_text[0m=[35mПока[0m
2025-03-03 20:35:44,577 [DEBUG]  Logged UserUtterance - tracker now has 46 events.
2025-03-03 20:35:44,577 [DEBUG]  Validating extracted slots: topic
2025-03-03 20:35:44,577 [DEBUG]  [[32m[1mdebug    [0m] [1mprocessor.extract.slots       [0m [36maction_extract_slot[0m=[35maction_extract_slots[0m [36mlen_extraction_events[0m=[35m1[0m [36mrasa_events[0m=[35m[SlotSet(key: topic, value: Пока)][0m
2025-03-03 20:35:44,577 [DEBUG]  Running graph with inputs: {'__tracker__': <rasa.shared.core.trackers.DialogueStateTracker object at 0x3786c4940>}, targets: ['select_prediction'] and ExecutionContext(model_id='0e1709f3972049a0abcb59237a211de2', should_add_diagnostic_data=False, is_finetuning=False, node_name=None).
2025-03-03 20:35:44,578 [DEBUG]  Node 'rule_only_data_provider' running 'RuleOnlyDataProvider.provide'.
2025-03-03 20:35:44,578 [DEBUG]  Node 'domain_provider' running 'DomainProvider.provide_inference'.
2025-03-03 20:35:44,578 [DEBUG]  Node 'run_MemoizationPolicy0' running 'MemoizationPolicy.predict_action_probabilities'.
2025-03-03 20:35:44,578 [DEBUG]  [[32m[1mdebug    [0m] [1mmemoization.predict.actions   [0m [36mtracker_states[0m=[35m[{'user': {'intent': 'ask_architecture'}, 'prev_action': {'action_name': 'utter_architecture_response'}}, {'user': {'intent': 'goodbye'}, 'prev_action': {'action_name': 'action_listen'}}][0m
2025-03-03 20:35:44,578 [DEBUG]  There is no memorised next action
2025-03-03 20:35:44,578 [DEBUG]  Node 'run_RulePolicy1' running 'RulePolicy.predict_action_probabilities'.
2025-03-03 20:35:44,578 [DEBUG]  [[32m[1mdebug    [0m] [1mrule_policy.actions.find      [0m [36mcurrent_states[0m=[35m
[state 1] user intent: ask_architecture | previous action name: action_listen
[state 2] user intent: ask_architecture | previous action name: utter_architecture_response
[state 3] user intent: ask_architecture | previous action name: action_listen
[state 4] user intent: ask_architecture | previous action name: utter_architecture_response
[state 5] user intent: ask_architecture | previous action name: action_listen
[state 6] user intent: ask_architecture | previous action name: utter_architecture_response
[state 7] user intent: ask_architecture | previous action name: action_listen
[state 8] user intent: ask_architecture | previous action name: utter_architecture_response
[state 9] user text: Пока | previous action name: action_listen[0m
2025-03-03 20:35:44,578 [DEBUG]  There is no applicable rule.
2025-03-03 20:35:44,579 [DEBUG]  [[32m[1mdebug    [0m] [1mrule_policy.actions.find      [0m [36mcurrent_states[0m=[35m
[state 1] user intent: ask_architecture | previous action name: action_listen
[state 2] user intent: ask_architecture | previous action name: utter_architecture_response
[state 3] user intent: ask_architecture | previous action name: action_listen
[state 4] user intent: ask_architecture | previous action name: utter_architecture_response
[state 5] user intent: ask_architecture | previous action name: action_listen
[state 6] user intent: ask_architecture | previous action name: utter_architecture_response
[state 7] user intent: ask_architecture | previous action name: action_listen
[state 8] user intent: ask_architecture | previous action name: utter_architecture_response
[state 9] user intent: goodbye | previous action name: action_listen[0m
2025-03-03 20:35:44,579 [DEBUG]  There is a rule for the next action 'utter_goodbye'.
2025-03-03 20:35:44,579 [DEBUG]  Node 'run_TEDPolicy2' running 'TEDPolicy.predict_action_probabilities'.
2025-03-03 20:35:44,581 [DEBUG]  TED predicted 'utter_ask_more' based on user intent.
2025-03-03 20:35:44,581 [DEBUG]  Node 'select_prediction' running 'DefaultPolicyPredictionEnsemble.combine_predictions_from_kwargs'.
2025-03-03 20:35:44,581 [DEBUG]  Made prediction using user intent.
2025-03-03 20:35:44,581 [DEBUG]  Added `DefinePrevUserUtteredFeaturization(False)` event.
2025-03-03 20:35:44,581 [DEBUG]  Predicted next action using RulePolicy.
2025-03-03 20:35:44,581 [DEBUG]  Predicted next action 'utter_goodbye' with confidence 1.00.
2025-03-03 20:35:44,582 [DEBUG]  [[32m[1mdebug    [0m] [1mprocessor.actions.policy_prediction[0m [36mprediction_events[0m=[35m[<rasa.shared.core.events.DefinePrevUserUtteredFeaturization object at 0x374279810>][0m
2025-03-03 20:35:44,582 [DEBUG]  [[32m[1mdebug    [0m] [1mprocessor.actions.log         [0m [36maction_name[0m=[35mutter_goodbye[0m [36mrasa_events[0m=[35m[BotUttered('До свидания! Если появятся вопросы по архитектуре ПО, обращайтесь.', {"elements": null, "quick_replies": null, "buttons": null, "attachment": null, "image": null, "custom": null}, {"utter_action": "utter_goodbye"}, 1741030544.581998)][0m
2025-03-03 20:35:44,582 [DEBUG]  Running graph with inputs: {'__tracker__': <rasa.shared.core.trackers.DialogueStateTracker object at 0x3786c4940>}, targets: ['select_prediction'] and ExecutionContext(model_id='0e1709f3972049a0abcb59237a211de2', should_add_diagnostic_data=False, is_finetuning=False, node_name=None).
2025-03-03 20:35:44,582 [DEBUG]  Node 'rule_only_data_provider' running 'RuleOnlyDataProvider.provide'.
2025-03-03 20:35:44,582 [DEBUG]  Node 'domain_provider' running 'DomainProvider.provide_inference'.
2025-03-03 20:35:44,582 [DEBUG]  Node 'run_MemoizationPolicy0' running 'MemoizationPolicy.predict_action_probabilities'.
2025-03-03 20:35:44,582 [DEBUG]  [[32m[1mdebug    [0m] [1mmemoization.predict.actions   [0m [36mtracker_states[0m=[35m[{'user': {'intent': 'goodbye'}, 'prev_action': {'action_name': 'action_listen'}}, {'user': {'intent': 'goodbye'}, 'prev_action': {'action_name': 'utter_goodbye'}}][0m
2025-03-03 20:35:44,582 [DEBUG]  There is a memorised next action 'action_listen'
2025-03-03 20:35:44,582 [DEBUG]  Node 'run_RulePolicy1' running 'RulePolicy.predict_action_probabilities'.
2025-03-03 20:35:44,583 [DEBUG]  [[32m[1mdebug    [0m] [1mrule_policy.actions.find      [0m [36mcurrent_states[0m=[35m
[state 1] user intent: ask_architecture | previous action name: action_listen
[state 2] user intent: ask_architecture | previous action name: utter_architecture_response
[state 3] user intent: ask_architecture | previous action name: action_listen
[state 4] user intent: ask_architecture | previous action name: utter_architecture_response
[state 5] user intent: ask_architecture | previous action name: action_listen
[state 6] user intent: ask_architecture | previous action name: utter_architecture_response
[state 7] user intent: ask_architecture | previous action name: action_listen
[state 8] user intent: ask_architecture | previous action name: utter_architecture_response
[state 9] user intent: goodbye | previous action name: action_listen
[state 10] user intent: goodbye | previous action name: utter_goodbye[0m
2025-03-03 20:35:44,583 [DEBUG]  There is a rule for the next action 'action_listen'.
2025-03-03 20:35:44,583 [DEBUG]  Node 'run_TEDPolicy2' running 'TEDPolicy.predict_action_probabilities'.
2025-03-03 20:35:44,585 [DEBUG]  TED predicted 'utter_goodbye' based on user intent.
2025-03-03 20:35:44,585 [DEBUG]  Node 'select_prediction' running 'DefaultPolicyPredictionEnsemble.combine_predictions_from_kwargs'.
2025-03-03 20:35:44,585 [DEBUG]  Predicted next action using RulePolicy.
2025-03-03 20:35:44,585 [DEBUG]  Predicted next action 'action_listen' with confidence 1.00.
2025-03-03 20:35:44,585 [DEBUG]  [[32m[1mdebug    [0m] [1mprocessor.actions.policy_prediction[0m [36mprediction_events[0m=[35m[][0m
2025-03-03 20:35:44,585 [DEBUG]  [[32m[1mdebug    [0m] [1mprocessor.actions.log         [0m [36maction_name[0m=[35maction_listen[0m [36mrasa_events[0m=[35m[][0m
2025-03-03 20:35:44,586 [DEBUG]  No event broker configured. Skipping streaming events.
2025-03-03 20:35:44,586 [DEBUG]  Deleted lock for conversation 'PractikumStudent'.
2025-03-03 20:35:50,817 [DEBUG]  Issuing ticket for conversation 'PractikumStudent'.
2025-03-03 20:35:50,817 [DEBUG]  Acquiring lock for conversation 'PractikumStudent'.
2025-03-03 20:35:50,817 [DEBUG]  Acquired lock for conversation 'PractikumStudent'.
2025-03-03 20:35:50,818 [DEBUG]  Recreating tracker for id 'PractikumStudent'
2025-03-03 20:35:50,823 [DEBUG]  Running graph with inputs: {'__message__': [<rasa.core.channels.channel.UserMessage object at 0x3786c4940>], '__tracker__': <rasa.shared.core.trackers.DialogueStateTracker object at 0x374278190>}, targets: ['run_RegexMessageHandler'] and ExecutionContext(model_id='0e1709f3972049a0abcb59237a211de2', should_add_diagnostic_data=False, is_finetuning=False, node_name=None).
2025-03-03 20:35:50,824 [DEBUG]  Node 'nlu_message_converter' running 'NLUMessageConverter.convert_user_message'.
2025-03-03 20:35:50,824 [DEBUG]  Node 'run_WhitespaceTokenizer0' running 'WhitespaceTokenizer.process'.
2025-03-03 20:35:50,824 [DEBUG]  Node 'run_RegexFeaturizer1' running 'RegexFeaturizer.process'.
2025-03-03 20:35:50,825 [DEBUG]  Node 'run_LexicalSyntacticFeaturizer2' running 'LexicalSyntacticFeaturizer.process'.
2025-03-03 20:35:50,825 [DEBUG]  Node 'run_CountVectorsFeaturizer3' running 'CountVectorsFeaturizer.process'.
2025-03-03 20:35:50,826 [DEBUG]  Node 'run_LanguageModelFeaturizer4' running 'LanguageModelFeaturizer.process'.
2025-03-03 20:35:50,939 [DEBUG]  Node 'run_DIETClassifier5' running 'DIETClassifier.process'.
2025-03-03 20:35:50,941 [DEBUG]  Node 'run_EntitySynonymMapper6' running 'EntitySynonymMapper.process'.
2025-03-03 20:35:50,941 [DEBUG]  Node 'run_ResponseSelector7' running 'ResponseSelector.process'.
2025-03-03 20:35:50,941 [DEBUG]  There is no trained model for 'ResponseSelector': The component is either not trained or didn't receive enough training data.
2025-03-03 20:35:50,941 [DEBUG]  Adding following selector key to message property: default
2025-03-03 20:35:50,941 [DEBUG]  Node 'domain_provider' running 'DomainProvider.provide_inference'.
2025-03-03 20:35:50,941 [DEBUG]  Node 'run_RegexMessageHandler' running 'RegexMessageHandler.process'.
2025-03-03 20:35:50,941 [DEBUG]  [[32m[1mdebug    [0m] [1mprocessor.message.parse       [0m [36mparse_data_entities[0m=[35m[][0m [36mparse_data_intent[0m=[35m{'name': 'ask_architecture', 'confidence': 0.6392204761505127}[0m [36mparse_data_text[0m=[35mРасскажите об архитектуре ПО[0m
2025-03-03 20:35:50,941 [DEBUG]  Logged UserUtterance - tracker now has 52 events.
2025-03-03 20:35:50,941 [DEBUG]  Validating extracted slots: topic
2025-03-03 20:35:50,941 [DEBUG]  [[32m[1mdebug    [0m] [1mprocessor.extract.slots       [0m [36maction_extract_slot[0m=[35maction_extract_slots[0m [36mlen_extraction_events[0m=[35m1[0m [36mrasa_events[0m=[35m[SlotSet(key: topic, value: Расскажите об архитектуре ПО)][0m
2025-03-03 20:35:50,941 [DEBUG]  Running graph with inputs: {'__tracker__': <rasa.shared.core.trackers.DialogueStateTracker object at 0x374278190>}, targets: ['select_prediction'] and ExecutionContext(model_id='0e1709f3972049a0abcb59237a211de2', should_add_diagnostic_data=False, is_finetuning=False, node_name=None).
2025-03-03 20:35:50,942 [DEBUG]  Node 'rule_only_data_provider' running 'RuleOnlyDataProvider.provide'.
2025-03-03 20:35:50,942 [DEBUG]  Node 'domain_provider' running 'DomainProvider.provide_inference'.
2025-03-03 20:35:50,942 [DEBUG]  Node 'run_MemoizationPolicy0' running 'MemoizationPolicy.predict_action_probabilities'.
2025-03-03 20:35:50,942 [DEBUG]  [[32m[1mdebug    [0m] [1mmemoization.predict.actions   [0m [36mtracker_states[0m=[35m[{'user': {'intent': 'goodbye'}, 'prev_action': {'action_name': 'utter_goodbye'}}, {'user': {'intent': 'ask_architecture'}, 'prev_action': {'action_name': 'action_listen'}}][0m
2025-03-03 20:35:50,942 [DEBUG]  There is no memorised next action
2025-03-03 20:35:50,942 [DEBUG]  Node 'run_RulePolicy1' running 'RulePolicy.predict_action_probabilities'.
2025-03-03 20:35:50,942 [DEBUG]  [[32m[1mdebug    [0m] [1mrule_policy.actions.find      [0m [36mcurrent_states[0m=[35m
[state 1] user intent: ask_architecture | previous action name: action_listen
[state 2] user intent: ask_architecture | previous action name: utter_architecture_response
[state 3] user intent: ask_architecture | previous action name: action_listen
[state 4] user intent: ask_architecture | previous action name: utter_architecture_response
[state 5] user intent: ask_architecture | previous action name: action_listen
[state 6] user intent: ask_architecture | previous action name: utter_architecture_response
[state 7] user intent: ask_architecture | previous action name: action_listen
[state 8] user intent: ask_architecture | previous action name: utter_architecture_response
[state 9] user intent: goodbye | previous action name: action_listen
[state 10] user intent: goodbye | previous action name: utter_goodbye
[state 11] user text: Расскажите об архитектуре ПО | previous action name: action_listen[0m
2025-03-03 20:35:50,942 [DEBUG]  There is no applicable rule.
2025-03-03 20:35:50,942 [DEBUG]  [[32m[1mdebug    [0m] [1mrule_policy.actions.find      [0m [36mcurrent_states[0m=[35m
[state 1] user intent: ask_architecture | previous action name: action_listen
[state 2] user intent: ask_architecture | previous action name: utter_architecture_response
[state 3] user intent: ask_architecture | previous action name: action_listen
[state 4] user intent: ask_architecture | previous action name: utter_architecture_response
[state 5] user intent: ask_architecture | previous action name: action_listen
[state 6] user intent: ask_architecture | previous action name: utter_architecture_response
[state 7] user intent: ask_architecture | previous action name: action_listen
[state 8] user intent: ask_architecture | previous action name: utter_architecture_response
[state 9] user intent: goodbye | previous action name: action_listen
[state 10] user intent: goodbye | previous action name: utter_goodbye
[state 11] user intent: ask_architecture | previous action name: action_listen[0m
2025-03-03 20:35:50,942 [DEBUG]  There is a rule for the next action 'utter_architecture_response'.
2025-03-03 20:35:50,943 [DEBUG]  Node 'run_TEDPolicy2' running 'TEDPolicy.predict_action_probabilities'.
2025-03-03 20:35:50,944 [DEBUG]  TED predicted 'action_default_ask_affirmation' based on user intent.
2025-03-03 20:35:50,944 [DEBUG]  Node 'select_prediction' running 'DefaultPolicyPredictionEnsemble.combine_predictions_from_kwargs'.
2025-03-03 20:35:50,944 [DEBUG]  Made prediction using user intent.
2025-03-03 20:35:50,944 [DEBUG]  Added `DefinePrevUserUtteredFeaturization(False)` event.
2025-03-03 20:35:50,944 [DEBUG]  Predicted next action using RulePolicy.
2025-03-03 20:35:50,944 [DEBUG]  Predicted next action 'utter_architecture_response' with confidence 1.00.
2025-03-03 20:35:50,945 [DEBUG]  [[32m[1mdebug    [0m] [1mprocessor.actions.policy_prediction[0m [36mprediction_events[0m=[35m[<rasa.shared.core.events.DefinePrevUserUtteredFeaturization object at 0x37427abf0>][0m
2025-03-03 20:35:50,945 [DEBUG]  [[32m[1mdebug    [0m] [1mprocessor.actions.log         [0m [36maction_name[0m=[35mutter_architecture_response[0m [36mrasa_events[0m=[35m[BotUttered('Архитектура ПО включает выбор структур, которые обеспечивают масштабируемость, гибкость и поддерживаемость приложения. Задайте конкретный вопрос по этой теме, и я помогу вам с информацией.', {"elements": null, "quick_replies": null, "buttons": null, "attachment": null, "image": null, "custom": null}, {"utter_action": "utter_architecture_response"}, 1741030550.945088)][0m
2025-03-03 20:35:50,945 [DEBUG]  Running graph with inputs: {'__tracker__': <rasa.shared.core.trackers.DialogueStateTracker object at 0x374278190>}, targets: ['select_prediction'] and ExecutionContext(model_id='0e1709f3972049a0abcb59237a211de2', should_add_diagnostic_data=False, is_finetuning=False, node_name=None).
2025-03-03 20:35:50,945 [DEBUG]  Node 'rule_only_data_provider' running 'RuleOnlyDataProvider.provide'.
2025-03-03 20:35:50,945 [DEBUG]  Node 'domain_provider' running 'DomainProvider.provide_inference'.
2025-03-03 20:35:50,945 [DEBUG]  Node 'run_MemoizationPolicy0' running 'MemoizationPolicy.predict_action_probabilities'.
2025-03-03 20:35:50,945 [DEBUG]  [[32m[1mdebug    [0m] [1mmemoization.predict.actions   [0m [36mtracker_states[0m=[35m[{'user': {'intent': 'ask_architecture'}, 'prev_action': {'action_name': 'action_listen'}}, {'user': {'intent': 'ask_architecture'}, 'prev_action': {'action_name': 'utter_architecture_response'}}][0m
2025-03-03 20:35:50,945 [DEBUG]  There is a memorised next action 'action_listen'
2025-03-03 20:35:50,945 [DEBUG]  Node 'run_RulePolicy1' running 'RulePolicy.predict_action_probabilities'.
2025-03-03 20:35:50,946 [DEBUG]  [[32m[1mdebug    [0m] [1mrule_policy.actions.find      [0m [36mcurrent_states[0m=[35m
[state 1] user intent: ask_architecture | previous action name: action_listen
[state 2] user intent: ask_architecture | previous action name: utter_architecture_response
[state 3] user intent: ask_architecture | previous action name: action_listen
[state 4] user intent: ask_architecture | previous action name: utter_architecture_response
[state 5] user intent: ask_architecture | previous action name: action_listen
[state 6] user intent: ask_architecture | previous action name: utter_architecture_response
[state 7] user intent: ask_architecture | previous action name: action_listen
[state 8] user intent: ask_architecture | previous action name: utter_architecture_response
[state 9] user intent: goodbye | previous action name: action_listen
[state 10] user intent: goodbye | previous action name: utter_goodbye
[state 11] user intent: ask_architecture | previous action name: action_listen
[state 12] user intent: ask_architecture | previous action name: utter_architecture_response[0m
2025-03-03 20:35:50,946 [DEBUG]  There is a rule for the next action 'action_listen'.
2025-03-03 20:35:50,946 [DEBUG]  Node 'run_TEDPolicy2' running 'TEDPolicy.predict_action_probabilities'.
2025-03-03 20:35:50,947 [DEBUG]  TED predicted 'utter_ask_more' based on user intent.
2025-03-03 20:35:50,947 [DEBUG]  Node 'select_prediction' running 'DefaultPolicyPredictionEnsemble.combine_predictions_from_kwargs'.
2025-03-03 20:35:50,947 [DEBUG]  Predicted next action using RulePolicy.
2025-03-03 20:35:50,947 [DEBUG]  Predicted next action 'action_listen' with confidence 1.00.
2025-03-03 20:35:50,947 [DEBUG]  [[32m[1mdebug    [0m] [1mprocessor.actions.policy_prediction[0m [36mprediction_events[0m=[35m[][0m
2025-03-03 20:35:50,947 [DEBUG]  [[32m[1mdebug    [0m] [1mprocessor.actions.log         [0m [36maction_name[0m=[35maction_listen[0m [36mrasa_events[0m=[35m[][0m
2025-03-03 20:35:50,947 [DEBUG]  No event broker configured. Skipping streaming events.
2025-03-03 20:35:50,948 [DEBUG]  Deleted lock for conversation 'PractikumStudent'.
2025-03-03 20:35:52,429 [DEBUG]  Issuing ticket for conversation 'PractikumStudent'.
2025-03-03 20:35:52,430 [DEBUG]  Acquiring lock for conversation 'PractikumStudent'.
2025-03-03 20:35:52,430 [DEBUG]  Acquired lock for conversation 'PractikumStudent'.
2025-03-03 20:35:52,430 [DEBUG]  Recreating tracker for id 'PractikumStudent'
2025-03-03 20:35:52,437 [DEBUG]  Running graph with inputs: {'__message__': [<rasa.core.channels.channel.UserMessage object at 0x3786c4940>], '__tracker__': <rasa.shared.core.trackers.DialogueStateTracker object at 0x374278850>}, targets: ['run_RegexMessageHandler'] and ExecutionContext(model_id='0e1709f3972049a0abcb59237a211de2', should_add_diagnostic_data=False, is_finetuning=False, node_name=None).
2025-03-03 20:35:52,437 [DEBUG]  Node 'nlu_message_converter' running 'NLUMessageConverter.convert_user_message'.
2025-03-03 20:35:52,438 [DEBUG]  Node 'run_WhitespaceTokenizer0' running 'WhitespaceTokenizer.process'.
2025-03-03 20:35:52,438 [DEBUG]  Node 'run_RegexFeaturizer1' running 'RegexFeaturizer.process'.
2025-03-03 20:35:52,438 [DEBUG]  Node 'run_LexicalSyntacticFeaturizer2' running 'LexicalSyntacticFeaturizer.process'.
2025-03-03 20:35:52,438 [DEBUG]  Node 'run_CountVectorsFeaturizer3' running 'CountVectorsFeaturizer.process'.
2025-03-03 20:35:52,439 [DEBUG]  Node 'run_LanguageModelFeaturizer4' running 'LanguageModelFeaturizer.process'.
2025-03-03 20:35:52,520 [DEBUG]  Node 'run_DIETClassifier5' running 'DIETClassifier.process'.
2025-03-03 20:35:52,522 [DEBUG]  Node 'run_EntitySynonymMapper6' running 'EntitySynonymMapper.process'.
2025-03-03 20:35:52,522 [DEBUG]  Node 'run_ResponseSelector7' running 'ResponseSelector.process'.
2025-03-03 20:35:52,522 [DEBUG]  There is no trained model for 'ResponseSelector': The component is either not trained or didn't receive enough training data.
2025-03-03 20:35:52,522 [DEBUG]  Adding following selector key to message property: default
2025-03-03 20:35:52,522 [DEBUG]  Node 'domain_provider' running 'DomainProvider.provide_inference'.
2025-03-03 20:35:52,522 [DEBUG]  Node 'run_RegexMessageHandler' running 'RegexMessageHandler.process'.
2025-03-03 20:35:52,522 [DEBUG]  [[32m[1mdebug    [0m] [1mprocessor.message.parse       [0m [36mparse_data_entities[0m=[35m[][0m [36mparse_data_intent[0m=[35m{'name': 'deny', 'confidence': 0.19336621463298798}[0m [36mparse_data_text[0m=[35mДа[0m
2025-03-03 20:35:52,522 [DEBUG]  Logged UserUtterance - tracker now has 58 events.
2025-03-03 20:35:52,522 [DEBUG]  Validating extracted slots: topic
2025-03-03 20:35:52,522 [DEBUG]  [[32m[1mdebug    [0m] [1mprocessor.extract.slots       [0m [36maction_extract_slot[0m=[35maction_extract_slots[0m [36mlen_extraction_events[0m=[35m1[0m [36mrasa_events[0m=[35m[SlotSet(key: topic, value: Да)][0m
2025-03-03 20:35:52,522 [DEBUG]  Running graph with inputs: {'__tracker__': <rasa.shared.core.trackers.DialogueStateTracker object at 0x374278850>}, targets: ['select_prediction'] and ExecutionContext(model_id='0e1709f3972049a0abcb59237a211de2', should_add_diagnostic_data=False, is_finetuning=False, node_name=None).
2025-03-03 20:35:52,522 [DEBUG]  Node 'rule_only_data_provider' running 'RuleOnlyDataProvider.provide'.
2025-03-03 20:35:52,523 [DEBUG]  Node 'domain_provider' running 'DomainProvider.provide_inference'.
2025-03-03 20:35:52,523 [DEBUG]  Node 'run_MemoizationPolicy0' running 'MemoizationPolicy.predict_action_probabilities'.
2025-03-03 20:35:52,523 [DEBUG]  [[32m[1mdebug    [0m] [1mmemoization.predict.actions   [0m [36mtracker_states[0m=[35m[{'user': {'intent': 'ask_architecture'}, 'prev_action': {'action_name': 'utter_architecture_response'}}, {'user': {'intent': 'deny'}, 'prev_action': {'action_name': 'action_listen'}}][0m
2025-03-03 20:35:52,523 [DEBUG]  There is no memorised next action
2025-03-03 20:35:52,523 [DEBUG]  Node 'run_RulePolicy1' running 'RulePolicy.predict_action_probabilities'.
2025-03-03 20:35:52,523 [DEBUG]  [[32m[1mdebug    [0m] [1mrule_policy.actions.find      [0m [36mcurrent_states[0m=[35m
[state 1] user intent: ask_architecture | previous action name: action_listen
[state 2] user intent: ask_architecture | previous action name: utter_architecture_response
[state 3] user intent: ask_architecture | previous action name: action_listen
[state 4] user intent: ask_architecture | previous action name: utter_architecture_response
[state 5] user intent: ask_architecture | previous action name: action_listen
[state 6] user intent: ask_architecture | previous action name: utter_architecture_response
[state 7] user intent: ask_architecture | previous action name: action_listen
[state 8] user intent: ask_architecture | previous action name: utter_architecture_response
[state 9] user intent: goodbye | previous action name: action_listen
[state 10] user intent: goodbye | previous action name: utter_goodbye
[state 11] user intent: ask_architecture | previous action name: action_listen
[state 12] user intent: ask_architecture | previous action name: utter_architecture_response
[state 13] user text: Да | previous action name: action_listen[0m
2025-03-03 20:35:52,523 [DEBUG]  There is no applicable rule.
2025-03-03 20:35:52,524 [DEBUG]  [[32m[1mdebug    [0m] [1mrule_policy.actions.find      [0m [36mcurrent_states[0m=[35m
[state 1] user intent: ask_architecture | previous action name: action_listen
[state 2] user intent: ask_architecture | previous action name: utter_architecture_response
[state 3] user intent: ask_architecture | previous action name: action_listen
[state 4] user intent: ask_architecture | previous action name: utter_architecture_response
[state 5] user intent: ask_architecture | previous action name: action_listen
[state 6] user intent: ask_architecture | previous action name: utter_architecture_response
[state 7] user intent: ask_architecture | previous action name: action_listen
[state 8] user intent: ask_architecture | previous action name: utter_architecture_response
[state 9] user intent: goodbye | previous action name: action_listen
[state 10] user intent: goodbye | previous action name: utter_goodbye
[state 11] user intent: ask_architecture | previous action name: action_listen
[state 12] user intent: ask_architecture | previous action name: utter_architecture_response
[state 13] user intent: deny | previous action name: action_listen[0m
2025-03-03 20:35:52,524 [DEBUG]  There is no applicable rule.
2025-03-03 20:35:52,524 [DEBUG]  Node 'run_TEDPolicy2' running 'TEDPolicy.predict_action_probabilities'.
2025-03-03 20:35:52,526 [DEBUG]  TED predicted 'utter_ask_more' based on user intent.
2025-03-03 20:35:52,526 [DEBUG]  Node 'select_prediction' running 'DefaultPolicyPredictionEnsemble.combine_predictions_from_kwargs'.
2025-03-03 20:35:52,526 [DEBUG]  Made prediction using user intent.
2025-03-03 20:35:52,526 [DEBUG]  Added `DefinePrevUserUtteredFeaturization(False)` event.
2025-03-03 20:35:52,526 [DEBUG]  Predicted next action using RulePolicy.
2025-03-03 20:35:52,526 [DEBUG]  Predicted next action 'action_default_fallback' with confidence 0.30.
2025-03-03 20:35:52,526 [DEBUG]  [[32m[1mdebug    [0m] [1mprocessor.actions.policy_prediction[0m [36mprediction_events[0m=[35m[<rasa.shared.core.events.DefinePrevUserUtteredFeaturization object at 0x3742795d0>][0m
2025-03-03 20:35:52,526 [DEBUG]  [[32m[1mdebug    [0m] [1mprocessor.actions.log         [0m [36maction_name[0m=[35maction_default_fallback[0m [36mrasa_events[0m=[35m[<rasa.shared.core.events.UserUtteranceReverted object at 0x374278dc0>][0m
2025-03-03 20:35:52,526 [DEBUG]  [[32m[1mdebug    [0m] [1mprocessor.slots.log           [0m [36mslot_values[0m=[35m	topic: Расскажите об архитектуре ПО
	session_started_metadata: None[0m
2025-03-03 20:35:52,526 [DEBUG]  Running graph with inputs: {'__tracker__': <rasa.shared.core.trackers.DialogueStateTracker object at 0x374278850>}, targets: ['select_prediction'] and ExecutionContext(model_id='0e1709f3972049a0abcb59237a211de2', should_add_diagnostic_data=False, is_finetuning=False, node_name=None).
2025-03-03 20:35:52,527 [DEBUG]  Node 'rule_only_data_provider' running 'RuleOnlyDataProvider.provide'.
2025-03-03 20:35:52,527 [DEBUG]  Node 'domain_provider' running 'DomainProvider.provide_inference'.
2025-03-03 20:35:52,527 [DEBUG]  Node 'run_MemoizationPolicy0' running 'MemoizationPolicy.predict_action_probabilities'.
2025-03-03 20:35:52,527 [DEBUG]  [[32m[1mdebug    [0m] [1mmemoization.predict.actions   [0m [36mtracker_states[0m=[35m[{'user': {'intent': 'ask_architecture'}, 'prev_action': {'action_name': 'action_listen'}}, {'user': {'intent': 'ask_architecture'}, 'prev_action': {'action_name': 'utter_architecture_response'}}][0m
2025-03-03 20:35:52,527 [DEBUG]  There is a memorised next action 'action_listen'
2025-03-03 20:35:52,527 [DEBUG]  Node 'run_RulePolicy1' running 'RulePolicy.predict_action_probabilities'.
2025-03-03 20:35:52,527 [DEBUG]  [[32m[1mdebug    [0m] [1mrule_policy.actions.find      [0m [36mcurrent_states[0m=[35m
[state 1] user intent: ask_architecture | previous action name: action_listen
[state 2] user intent: ask_architecture | previous action name: utter_architecture_response
[state 3] user intent: ask_architecture | previous action name: action_listen
[state 4] user intent: ask_architecture | previous action name: utter_architecture_response
[state 5] user intent: ask_architecture | previous action name: action_listen
[state 6] user intent: ask_architecture | previous action name: utter_architecture_response
[state 7] user intent: ask_architecture | previous action name: action_listen
[state 8] user intent: ask_architecture | previous action name: utter_architecture_response
[state 9] user intent: goodbye | previous action name: action_listen
[state 10] user intent: goodbye | previous action name: utter_goodbye
[state 11] user intent: ask_architecture | previous action name: action_listen
[state 12] user intent: ask_architecture | previous action name: utter_architecture_response[0m
2025-03-03 20:35:52,527 [DEBUG]  There is a rule for the next action 'action_listen'.
2025-03-03 20:35:52,527 [DEBUG]  Node 'run_TEDPolicy2' running 'TEDPolicy.predict_action_probabilities'.
2025-03-03 20:35:52,529 [DEBUG]  TED predicted 'utter_ask_more' based on user intent.
2025-03-03 20:35:52,529 [DEBUG]  Node 'select_prediction' running 'DefaultPolicyPredictionEnsemble.combine_predictions_from_kwargs'.
2025-03-03 20:35:52,529 [DEBUG]  Predicted next action using RulePolicy.
2025-03-03 20:35:52,529 [DEBUG]  Predicted next action 'action_listen' with confidence 1.00.
2025-03-03 20:35:52,529 [DEBUG]  [[32m[1mdebug    [0m] [1mprocessor.actions.policy_prediction[0m [36mprediction_events[0m=[35m[][0m
2025-03-03 20:35:52,530 [DEBUG]  [[32m[1mdebug    [0m] [1mprocessor.actions.log         [0m [36maction_name[0m=[35maction_listen[0m [36mrasa_events[0m=[35m[][0m
2025-03-03 20:35:52,530 [DEBUG]  No event broker configured. Skipping streaming events.
2025-03-03 20:35:52,530 [DEBUG]  Deleted lock for conversation 'PractikumStudent'.
2025-03-03 20:35:55,653 [DEBUG]  Issuing ticket for conversation 'PractikumStudent'.
2025-03-03 20:35:55,654 [DEBUG]  Acquiring lock for conversation 'PractikumStudent'.
2025-03-03 20:35:55,654 [DEBUG]  Acquired lock for conversation 'PractikumStudent'.
2025-03-03 20:35:55,654 [DEBUG]  Recreating tracker for id 'PractikumStudent'
2025-03-03 20:35:55,662 [DEBUG]  Running graph with inputs: {'__message__': [<rasa.core.channels.channel.UserMessage object at 0x374279f90>], '__tracker__': <rasa.shared.core.trackers.DialogueStateTracker object at 0x374279060>}, targets: ['run_RegexMessageHandler'] and ExecutionContext(model_id='0e1709f3972049a0abcb59237a211de2', should_add_diagnostic_data=False, is_finetuning=False, node_name=None).
2025-03-03 20:35:55,663 [DEBUG]  Node 'nlu_message_converter' running 'NLUMessageConverter.convert_user_message'.
2025-03-03 20:35:55,663 [DEBUG]  Node 'run_WhitespaceTokenizer0' running 'WhitespaceTokenizer.process'.
2025-03-03 20:35:55,663 [DEBUG]  Node 'run_RegexFeaturizer1' running 'RegexFeaturizer.process'.
2025-03-03 20:35:55,663 [DEBUG]  Node 'run_LexicalSyntacticFeaturizer2' running 'LexicalSyntacticFeaturizer.process'.
2025-03-03 20:35:55,663 [DEBUG]  Node 'run_CountVectorsFeaturizer3' running 'CountVectorsFeaturizer.process'.
2025-03-03 20:35:55,664 [DEBUG]  Node 'run_LanguageModelFeaturizer4' running 'LanguageModelFeaturizer.process'.
2025-03-03 20:35:55,751 [DEBUG]  Node 'run_DIETClassifier5' running 'DIETClassifier.process'.
2025-03-03 20:35:55,753 [DEBUG]  Node 'run_EntitySynonymMapper6' running 'EntitySynonymMapper.process'.
2025-03-03 20:35:55,753 [DEBUG]  Node 'run_ResponseSelector7' running 'ResponseSelector.process'.
2025-03-03 20:35:55,753 [DEBUG]  There is no trained model for 'ResponseSelector': The component is either not trained or didn't receive enough training data.
2025-03-03 20:35:55,753 [DEBUG]  Adding following selector key to message property: default
2025-03-03 20:35:55,753 [DEBUG]  Node 'domain_provider' running 'DomainProvider.provide_inference'.
2025-03-03 20:35:55,753 [DEBUG]  Node 'run_RegexMessageHandler' running 'RegexMessageHandler.process'.
2025-03-03 20:35:55,753 [DEBUG]  [[32m[1mdebug    [0m] [1mprocessor.message.parse       [0m [36mparse_data_entities[0m=[35m[][0m [36mparse_data_intent[0m=[35m{'name': 'deny', 'confidence': 0.33075886964797974}[0m [36mparse_data_text[0m=[35mНет[0m
2025-03-03 20:35:55,753 [DEBUG]  Logged UserUtterance - tracker now has 64 events.
2025-03-03 20:35:55,753 [DEBUG]  Validating extracted slots: topic
2025-03-03 20:35:55,754 [DEBUG]  [[32m[1mdebug    [0m] [1mprocessor.extract.slots       [0m [36maction_extract_slot[0m=[35maction_extract_slots[0m [36mlen_extraction_events[0m=[35m1[0m [36mrasa_events[0m=[35m[SlotSet(key: topic, value: Нет)][0m
2025-03-03 20:35:55,754 [DEBUG]  Running graph with inputs: {'__tracker__': <rasa.shared.core.trackers.DialogueStateTracker object at 0x374279060>}, targets: ['select_prediction'] and ExecutionContext(model_id='0e1709f3972049a0abcb59237a211de2', should_add_diagnostic_data=False, is_finetuning=False, node_name=None).
2025-03-03 20:35:55,754 [DEBUG]  Node 'rule_only_data_provider' running 'RuleOnlyDataProvider.provide'.
2025-03-03 20:35:55,754 [DEBUG]  Node 'domain_provider' running 'DomainProvider.provide_inference'.
2025-03-03 20:35:55,754 [DEBUG]  Node 'run_MemoizationPolicy0' running 'MemoizationPolicy.predict_action_probabilities'.
2025-03-03 20:35:55,754 [DEBUG]  [[32m[1mdebug    [0m] [1mmemoization.predict.actions   [0m [36mtracker_states[0m=[35m[{'user': {'intent': 'ask_architecture'}, 'prev_action': {'action_name': 'utter_architecture_response'}}, {'user': {'intent': 'deny'}, 'prev_action': {'action_name': 'action_listen'}}][0m
2025-03-03 20:35:55,754 [DEBUG]  There is no memorised next action
2025-03-03 20:35:55,754 [DEBUG]  Node 'run_RulePolicy1' running 'RulePolicy.predict_action_probabilities'.
2025-03-03 20:35:55,755 [DEBUG]  [[32m[1mdebug    [0m] [1mrule_policy.actions.find      [0m [36mcurrent_states[0m=[35m
[state 1] user intent: ask_architecture | previous action name: action_listen
[state 2] user intent: ask_architecture | previous action name: utter_architecture_response
[state 3] user intent: ask_architecture | previous action name: action_listen
[state 4] user intent: ask_architecture | previous action name: utter_architecture_response
[state 5] user intent: ask_architecture | previous action name: action_listen
[state 6] user intent: ask_architecture | previous action name: utter_architecture_response
[state 7] user intent: ask_architecture | previous action name: action_listen
[state 8] user intent: ask_architecture | previous action name: utter_architecture_response
[state 9] user intent: goodbye | previous action name: action_listen
[state 10] user intent: goodbye | previous action name: utter_goodbye
[state 11] user intent: ask_architecture | previous action name: action_listen
[state 12] user intent: ask_architecture | previous action name: utter_architecture_response
[state 13] user text: Нет | previous action name: action_listen[0m
2025-03-03 20:35:55,755 [DEBUG]  There is no applicable rule.
2025-03-03 20:35:55,755 [DEBUG]  [[32m[1mdebug    [0m] [1mrule_policy.actions.find      [0m [36mcurrent_states[0m=[35m
[state 1] user intent: ask_architecture | previous action name: action_listen
[state 2] user intent: ask_architecture | previous action name: utter_architecture_response
[state 3] user intent: ask_architecture | previous action name: action_listen
[state 4] user intent: ask_architecture | previous action name: utter_architecture_response
[state 5] user intent: ask_architecture | previous action name: action_listen
[state 6] user intent: ask_architecture | previous action name: utter_architecture_response
[state 7] user intent: ask_architecture | previous action name: action_listen
[state 8] user intent: ask_architecture | previous action name: utter_architecture_response
[state 9] user intent: goodbye | previous action name: action_listen
[state 10] user intent: goodbye | previous action name: utter_goodbye
[state 11] user intent: ask_architecture | previous action name: action_listen
[state 12] user intent: ask_architecture | previous action name: utter_architecture_response
[state 13] user intent: deny | previous action name: action_listen[0m
2025-03-03 20:35:55,755 [DEBUG]  There is no applicable rule.
2025-03-03 20:35:55,755 [DEBUG]  Node 'run_TEDPolicy2' running 'TEDPolicy.predict_action_probabilities'.
2025-03-03 20:35:55,757 [DEBUG]  TED predicted 'utter_ask_more' based on user intent.
2025-03-03 20:35:55,757 [DEBUG]  Node 'select_prediction' running 'DefaultPolicyPredictionEnsemble.combine_predictions_from_kwargs'.
2025-03-03 20:35:55,757 [DEBUG]  Made prediction using user intent.
2025-03-03 20:35:55,757 [DEBUG]  Added `DefinePrevUserUtteredFeaturization(False)` event.
2025-03-03 20:35:55,757 [DEBUG]  Predicted next action using RulePolicy.
2025-03-03 20:35:55,757 [DEBUG]  Predicted next action 'action_default_fallback' with confidence 0.30.
2025-03-03 20:35:55,757 [DEBUG]  [[32m[1mdebug    [0m] [1mprocessor.actions.policy_prediction[0m [36mprediction_events[0m=[35m[<rasa.shared.core.events.DefinePrevUserUtteredFeaturization object at 0x37427ad40>][0m
2025-03-03 20:35:55,757 [DEBUG]  [[32m[1mdebug    [0m] [1mprocessor.actions.log         [0m [36maction_name[0m=[35maction_default_fallback[0m [36mrasa_events[0m=[35m[<rasa.shared.core.events.UserUtteranceReverted object at 0x37427a5c0>][0m
2025-03-03 20:35:55,758 [DEBUG]  [[32m[1mdebug    [0m] [1mprocessor.slots.log           [0m [36mslot_values[0m=[35m	topic: Расскажите об архитектуре ПО
	session_started_metadata: None[0m
2025-03-03 20:35:55,758 [DEBUG]  Running graph with inputs: {'__tracker__': <rasa.shared.core.trackers.DialogueStateTracker object at 0x374279060>}, targets: ['select_prediction'] and ExecutionContext(model_id='0e1709f3972049a0abcb59237a211de2', should_add_diagnostic_data=False, is_finetuning=False, node_name=None).
2025-03-03 20:35:55,758 [DEBUG]  Node 'rule_only_data_provider' running 'RuleOnlyDataProvider.provide'.
2025-03-03 20:35:55,758 [DEBUG]  Node 'domain_provider' running 'DomainProvider.provide_inference'.
2025-03-03 20:35:55,758 [DEBUG]  Node 'run_MemoizationPolicy0' running 'MemoizationPolicy.predict_action_probabilities'.
2025-03-03 20:35:55,758 [DEBUG]  [[32m[1mdebug    [0m] [1mmemoization.predict.actions   [0m [36mtracker_states[0m=[35m[{'user': {'intent': 'ask_architecture'}, 'prev_action': {'action_name': 'action_listen'}}, {'user': {'intent': 'ask_architecture'}, 'prev_action': {'action_name': 'utter_architecture_response'}}][0m
2025-03-03 20:35:55,758 [DEBUG]  There is a memorised next action 'action_listen'
2025-03-03 20:35:55,758 [DEBUG]  Node 'run_RulePolicy1' running 'RulePolicy.predict_action_probabilities'.
2025-03-03 20:35:55,758 [DEBUG]  [[32m[1mdebug    [0m] [1mrule_policy.actions.find      [0m [36mcurrent_states[0m=[35m
[state 1] user intent: ask_architecture | previous action name: action_listen
[state 2] user intent: ask_architecture | previous action name: utter_architecture_response
[state 3] user intent: ask_architecture | previous action name: action_listen
[state 4] user intent: ask_architecture | previous action name: utter_architecture_response
[state 5] user intent: ask_architecture | previous action name: action_listen
[state 6] user intent: ask_architecture | previous action name: utter_architecture_response
[state 7] user intent: ask_architecture | previous action name: action_listen
[state 8] user intent: ask_architecture | previous action name: utter_architecture_response
[state 9] user intent: goodbye | previous action name: action_listen
[state 10] user intent: goodbye | previous action name: utter_goodbye
[state 11] user intent: ask_architecture | previous action name: action_listen
[state 12] user intent: ask_architecture | previous action name: utter_architecture_response[0m
2025-03-03 20:35:55,759 [DEBUG]  There is a rule for the next action 'action_listen'.
2025-03-03 20:35:55,759 [DEBUG]  Node 'run_TEDPolicy2' running 'TEDPolicy.predict_action_probabilities'.
2025-03-03 20:35:55,760 [DEBUG]  TED predicted 'utter_ask_more' based on user intent.
2025-03-03 20:35:55,760 [DEBUG]  Node 'select_prediction' running 'DefaultPolicyPredictionEnsemble.combine_predictions_from_kwargs'.
2025-03-03 20:35:55,760 [DEBUG]  Predicted next action using RulePolicy.
2025-03-03 20:35:55,760 [DEBUG]  Predicted next action 'action_listen' with confidence 1.00.
2025-03-03 20:35:55,761 [DEBUG]  [[32m[1mdebug    [0m] [1mprocessor.actions.policy_prediction[0m [36mprediction_events[0m=[35m[][0m
2025-03-03 20:35:55,761 [DEBUG]  [[32m[1mdebug    [0m] [1mprocessor.actions.log         [0m [36maction_name[0m=[35maction_listen[0m [36mrasa_events[0m=[35m[][0m
2025-03-03 20:35:55,761 [DEBUG]  No event broker configured. Skipping streaming events.
2025-03-03 20:35:55,761 [DEBUG]  Deleted lock for conversation 'PractikumStudent'.
2025-03-03 20:36:00,491 [DEBUG]  Issuing ticket for conversation 'PractikumStudent'.
2025-03-03 20:36:00,491 [DEBUG]  Acquiring lock for conversation 'PractikumStudent'.
2025-03-03 20:36:00,492 [DEBUG]  Acquired lock for conversation 'PractikumStudent'.
2025-03-03 20:36:00,492 [DEBUG]  Recreating tracker for id 'PractikumStudent'
2025-03-03 20:36:00,498 [DEBUG]  Running graph with inputs: {'__message__': [<rasa.core.channels.channel.UserMessage object at 0x37427b670>], '__tracker__': <rasa.shared.core.trackers.DialogueStateTracker object at 0x37427ab00>}, targets: ['run_RegexMessageHandler'] and ExecutionContext(model_id='0e1709f3972049a0abcb59237a211de2', should_add_diagnostic_data=False, is_finetuning=False, node_name=None).
2025-03-03 20:36:00,499 [DEBUG]  Node 'nlu_message_converter' running 'NLUMessageConverter.convert_user_message'.
2025-03-03 20:36:00,500 [DEBUG]  Node 'run_WhitespaceTokenizer0' running 'WhitespaceTokenizer.process'.
2025-03-03 20:36:00,500 [DEBUG]  Node 'run_RegexFeaturizer1' running 'RegexFeaturizer.process'.
2025-03-03 20:36:00,500 [DEBUG]  Node 'run_LexicalSyntacticFeaturizer2' running 'LexicalSyntacticFeaturizer.process'.
2025-03-03 20:36:00,501 [DEBUG]  Node 'run_CountVectorsFeaturizer3' running 'CountVectorsFeaturizer.process'.
2025-03-03 20:36:00,502 [DEBUG]  Node 'run_LanguageModelFeaturizer4' running 'LanguageModelFeaturizer.process'.
2025-03-03 20:36:00,611 [DEBUG]  Node 'run_DIETClassifier5' running 'DIETClassifier.process'.
2025-03-03 20:36:00,612 [DEBUG]  Node 'run_EntitySynonymMapper6' running 'EntitySynonymMapper.process'.
2025-03-03 20:36:00,612 [DEBUG]  Node 'run_ResponseSelector7' running 'ResponseSelector.process'.
2025-03-03 20:36:00,612 [DEBUG]  There is no trained model for 'ResponseSelector': The component is either not trained or didn't receive enough training data.
2025-03-03 20:36:00,612 [DEBUG]  Adding following selector key to message property: default
2025-03-03 20:36:00,612 [DEBUG]  Node 'domain_provider' running 'DomainProvider.provide_inference'.
2025-03-03 20:36:00,613 [DEBUG]  Node 'run_RegexMessageHandler' running 'RegexMessageHandler.process'.
2025-03-03 20:36:00,613 [DEBUG]  [[32m[1mdebug    [0m] [1mprocessor.message.parse       [0m [36mparse_data_entities[0m=[35m[][0m [36mparse_data_intent[0m=[35m{'name': 'ask_architecture', 'confidence': 0.228132963180542}[0m [36mparse_data_text[0m=[35mРасскажите больше об этом[0m
2025-03-03 20:36:00,613 [DEBUG]  Logged UserUtterance - tracker now has 70 events.
2025-03-03 20:36:00,613 [DEBUG]  Validating extracted slots: topic
2025-03-03 20:36:00,613 [DEBUG]  [[32m[1mdebug    [0m] [1mprocessor.extract.slots       [0m [36maction_extract_slot[0m=[35maction_extract_slots[0m [36mlen_extraction_events[0m=[35m1[0m [36mrasa_events[0m=[35m[SlotSet(key: topic, value: Расскажите больше об этом)][0m
2025-03-03 20:36:00,613 [DEBUG]  Running graph with inputs: {'__tracker__': <rasa.shared.core.trackers.DialogueStateTracker object at 0x37427ab00>}, targets: ['select_prediction'] and ExecutionContext(model_id='0e1709f3972049a0abcb59237a211de2', should_add_diagnostic_data=False, is_finetuning=False, node_name=None).
2025-03-03 20:36:00,613 [DEBUG]  Node 'rule_only_data_provider' running 'RuleOnlyDataProvider.provide'.
2025-03-03 20:36:00,613 [DEBUG]  Node 'domain_provider' running 'DomainProvider.provide_inference'.
2025-03-03 20:36:00,613 [DEBUG]  Node 'run_MemoizationPolicy0' running 'MemoizationPolicy.predict_action_probabilities'.
2025-03-03 20:36:00,614 [DEBUG]  [[32m[1mdebug    [0m] [1mmemoization.predict.actions   [0m [36mtracker_states[0m=[35m[{'user': {'intent': 'ask_architecture'}, 'prev_action': {'action_name': 'utter_architecture_response'}}, {'user': {'intent': 'ask_architecture'}, 'prev_action': {'action_name': 'action_listen'}}][0m
2025-03-03 20:36:00,614 [DEBUG]  There is no memorised next action
2025-03-03 20:36:00,614 [DEBUG]  Node 'run_RulePolicy1' running 'RulePolicy.predict_action_probabilities'.
2025-03-03 20:36:00,614 [DEBUG]  [[32m[1mdebug    [0m] [1mrule_policy.actions.find      [0m [36mcurrent_states[0m=[35m
[state 1] user intent: ask_architecture | previous action name: action_listen
[state 2] user intent: ask_architecture | previous action name: utter_architecture_response
[state 3] user intent: ask_architecture | previous action name: action_listen
[state 4] user intent: ask_architecture | previous action name: utter_architecture_response
[state 5] user intent: ask_architecture | previous action name: action_listen
[state 6] user intent: ask_architecture | previous action name: utter_architecture_response
[state 7] user intent: ask_architecture | previous action name: action_listen
[state 8] user intent: ask_architecture | previous action name: utter_architecture_response
[state 9] user intent: goodbye | previous action name: action_listen
[state 10] user intent: goodbye | previous action name: utter_goodbye
[state 11] user intent: ask_architecture | previous action name: action_listen
[state 12] user intent: ask_architecture | previous action name: utter_architecture_response
[state 13] user text: Расскажите больше об этом | previous action name: action_listen[0m
2025-03-03 20:36:00,614 [DEBUG]  There is no applicable rule.
2025-03-03 20:36:00,614 [DEBUG]  [[32m[1mdebug    [0m] [1mrule_policy.actions.find      [0m [36mcurrent_states[0m=[35m
[state 1] user intent: ask_architecture | previous action name: action_listen
[state 2] user intent: ask_architecture | previous action name: utter_architecture_response
[state 3] user intent: ask_architecture | previous action name: action_listen
[state 4] user intent: ask_architecture | previous action name: utter_architecture_response
[state 5] user intent: ask_architecture | previous action name: action_listen
[state 6] user intent: ask_architecture | previous action name: utter_architecture_response
[state 7] user intent: ask_architecture | previous action name: action_listen
[state 8] user intent: ask_architecture | previous action name: utter_architecture_response
[state 9] user intent: goodbye | previous action name: action_listen
[state 10] user intent: goodbye | previous action name: utter_goodbye
[state 11] user intent: ask_architecture | previous action name: action_listen
[state 12] user intent: ask_architecture | previous action name: utter_architecture_response
[state 13] user intent: ask_architecture | previous action name: action_listen[0m
2025-03-03 20:36:00,614 [DEBUG]  There is a rule for the next action 'utter_architecture_response'.
2025-03-03 20:36:00,614 [DEBUG]  Node 'run_TEDPolicy2' running 'TEDPolicy.predict_action_probabilities'.
2025-03-03 20:36:00,616 [DEBUG]  TED predicted 'action_default_ask_affirmation' based on user intent.
2025-03-03 20:36:00,616 [DEBUG]  Node 'select_prediction' running 'DefaultPolicyPredictionEnsemble.combine_predictions_from_kwargs'.
2025-03-03 20:36:00,616 [DEBUG]  Made prediction using user intent.
2025-03-03 20:36:00,616 [DEBUG]  Added `DefinePrevUserUtteredFeaturization(False)` event.
2025-03-03 20:36:00,616 [DEBUG]  Predicted next action using RulePolicy.
2025-03-03 20:36:00,616 [DEBUG]  Predicted next action 'utter_architecture_response' with confidence 1.00.
2025-03-03 20:36:00,617 [DEBUG]  [[32m[1mdebug    [0m] [1mprocessor.actions.policy_prediction[0m [36mprediction_events[0m=[35m[<rasa.shared.core.events.DefinePrevUserUtteredFeaturization object at 0x3742781c0>][0m
2025-03-03 20:36:00,617 [DEBUG]  [[32m[1mdebug    [0m] [1mprocessor.actions.log         [0m [36maction_name[0m=[35mutter_architecture_response[0m [36mrasa_events[0m=[35m[BotUttered('Архитектура ПО включает выбор структур, которые обеспечивают масштабируемость, гибкость и поддерживаемость приложения. Задайте конкретный вопрос по этой теме, и я помогу вам с информацией.', {"elements": null, "quick_replies": null, "buttons": null, "attachment": null, "image": null, "custom": null}, {"utter_action": "utter_architecture_response"}, 1741030560.6170182)][0m
2025-03-03 20:36:00,617 [DEBUG]  Running graph with inputs: {'__tracker__': <rasa.shared.core.trackers.DialogueStateTracker object at 0x37427ab00>}, targets: ['select_prediction'] and ExecutionContext(model_id='0e1709f3972049a0abcb59237a211de2', should_add_diagnostic_data=False, is_finetuning=False, node_name=None).
2025-03-03 20:36:00,617 [DEBUG]  Node 'rule_only_data_provider' running 'RuleOnlyDataProvider.provide'.
2025-03-03 20:36:00,617 [DEBUG]  Node 'domain_provider' running 'DomainProvider.provide_inference'.
2025-03-03 20:36:00,617 [DEBUG]  Node 'run_MemoizationPolicy0' running 'MemoizationPolicy.predict_action_probabilities'.
2025-03-03 20:36:00,617 [DEBUG]  [[32m[1mdebug    [0m] [1mmemoization.predict.actions   [0m [36mtracker_states[0m=[35m[{'user': {'intent': 'ask_architecture'}, 'prev_action': {'action_name': 'action_listen'}}, {'user': {'intent': 'ask_architecture'}, 'prev_action': {'action_name': 'utter_architecture_response'}}][0m
2025-03-03 20:36:00,617 [DEBUG]  There is a memorised next action 'action_listen'
2025-03-03 20:36:00,617 [DEBUG]  Node 'run_RulePolicy1' running 'RulePolicy.predict_action_probabilities'.
2025-03-03 20:36:00,617 [DEBUG]  [[32m[1mdebug    [0m] [1mrule_policy.actions.find      [0m [36mcurrent_states[0m=[35m
[state 1] user intent: ask_architecture | previous action name: action_listen
[state 2] user intent: ask_architecture | previous action name: utter_architecture_response
[state 3] user intent: ask_architecture | previous action name: action_listen
[state 4] user intent: ask_architecture | previous action name: utter_architecture_response
[state 5] user intent: ask_architecture | previous action name: action_listen
[state 6] user intent: ask_architecture | previous action name: utter_architecture_response
[state 7] user intent: ask_architecture | previous action name: action_listen
[state 8] user intent: ask_architecture | previous action name: utter_architecture_response
[state 9] user intent: goodbye | previous action name: action_listen
[state 10] user intent: goodbye | previous action name: utter_goodbye
[state 11] user intent: ask_architecture | previous action name: action_listen
[state 12] user intent: ask_architecture | previous action name: utter_architecture_response
[state 13] user intent: ask_architecture | previous action name: action_listen
[state 14] user intent: ask_architecture | previous action name: utter_architecture_response[0m
2025-03-03 20:36:00,618 [DEBUG]  There is a rule for the next action 'action_listen'.
2025-03-03 20:36:00,618 [DEBUG]  Node 'run_TEDPolicy2' running 'TEDPolicy.predict_action_probabilities'.
2025-03-03 20:36:00,619 [DEBUG]  TED predicted 'utter_ask_more' based on user intent.
2025-03-03 20:36:00,619 [DEBUG]  Node 'select_prediction' running 'DefaultPolicyPredictionEnsemble.combine_predictions_from_kwargs'.
2025-03-03 20:36:00,619 [DEBUG]  Predicted next action using RulePolicy.
2025-03-03 20:36:00,619 [DEBUG]  Predicted next action 'action_listen' with confidence 1.00.
2025-03-03 20:36:00,619 [DEBUG]  [[32m[1mdebug    [0m] [1mprocessor.actions.policy_prediction[0m [36mprediction_events[0m=[35m[][0m
2025-03-03 20:36:00,619 [DEBUG]  [[32m[1mdebug    [0m] [1mprocessor.actions.log         [0m [36maction_name[0m=[35maction_listen[0m [36mrasa_events[0m=[35m[][0m
2025-03-03 20:36:00,620 [DEBUG]  No event broker configured. Skipping streaming events.
2025-03-03 20:36:00,620 [DEBUG]  Deleted lock for conversation 'PractikumStudent'.
2025-03-03 20:40:24,447 [DEBUG]  Available web server routes: 
/conversations/<conversation_id:path>/messages     POST                           add_message
/conversations/<conversation_id:path>/tracker/events POST                           append_events
/webhooks/rasa                                     GET                            custom_webhook_RasaChatInput.health
/webhooks/rasa/webhook                             POST                           custom_webhook_RasaChatInput.receive
/webhooks/rest                                     GET                            custom_webhook_RestInput.health
/webhooks/rest/webhook                             POST                           custom_webhook_RestInput.receive
/model/test/intents                                POST                           evaluate_intents
/model/test/stories                                POST                           evaluate_stories
/conversations/<conversation_id:path>/execute      POST                           execute_action
/domain                                            GET                            get_domain
/                                                  GET                            hello
/model                                             PUT                            load_model
/model/parse                                       POST                           parse
/conversations/<conversation_id:path>/predict      POST                           predict
/conversations/<conversation_id:path>/tracker/events PUT                            replace_events
/conversations/<conversation_id:path>/story        GET                            retrieve_story
/conversations/<conversation_id:path>/tracker      GET                            retrieve_tracker
/status                                            GET                            status
/model/predict                                     POST                           tracker_predict
/model/train                                       POST                           train
/conversations/<conversation_id:path>/trigger_intent POST                           trigger_intent
/model                                             DELETE                         unload_model
/version                                           GET                            version
2025-03-03 20:40:24,447 [INFO ]  Starting Rasa server on http://0.0.0.0:5005
2025-03-03 20:40:24,447 [DEBUG]  Using the default number of Sanic workers (1).
2025-03-03 20:40:24,510 [DEBUG]  Skipping telemetry reporting: no license hash found.
2025-03-03 20:40:24,534 [DEBUG]  Connected to InMemoryTrackerStore.
2025-03-03 20:40:24,534 [DEBUG]  Connected to lock store 'InMemoryLockStore'.
2025-03-03 20:40:24,535 [DEBUG]  Instantiated NLG to 'TemplatedNaturalLanguageGenerator'.
2025-03-03 20:40:24,535 [INFO ]  Loading model models/20250303-203959-blocking-viola.tar.gz...
2025-03-03 20:40:24,573 [DEBUG]  Extracted model to '/var/folders/d2/y1cj5jqj27v3r9jxvkp9xpb00000gn/T/tmp43aq8ezf'.
2025-03-03 20:40:24,574 [DEBUG]  Node 'nlu_message_converter' loading 'NLUMessageConverter.load' and kwargs: '{}'.
2025-03-03 20:40:24,574 [DEBUG]  Node 'run_WhitespaceTokenizer0' loading 'WhitespaceTokenizer.load' and kwargs: '{}'.
2025-03-03 20:40:24,576 [DEBUG]  Node 'run_RegexFeaturizer1' loading 'RegexFeaturizer.load' and kwargs: '{}'.
2025-03-03 20:40:24,576 [DEBUG]  Resource 'train_RegexFeaturizer1' was requested for reading.
2025-03-03 20:40:24,576 [DEBUG]  Node 'run_LexicalSyntacticFeaturizer2' loading 'LexicalSyntacticFeaturizer.load' and kwargs: '{}'.
2025-03-03 20:40:24,576 [DEBUG]  Resource 'train_LexicalSyntacticFeaturizer2' was requested for reading.
2025-03-03 20:40:24,576 [DEBUG]  Node 'run_CountVectorsFeaturizer3' loading 'CountVectorsFeaturizer.load' and kwargs: '{}'.
2025-03-03 20:40:24,576 [DEBUG]  Resource 'train_CountVectorsFeaturizer3' was requested for reading.
2025-03-03 20:40:24,576 [DEBUG]  Node 'run_LanguageModelFeaturizer4' loading 'LanguageModelFeaturizer.load' and kwargs: '{}'.
2025-03-03 20:40:24,970 [DEBUG]  Loading Tokenizer and Model for bert
2025-03-03 20:40:24,971 [DEBUG]  Starting new HTTPS connection (1): huggingface.co:443
2025-03-03 20:40:25,428 [DEBUG]  https://huggingface.co:443 "HEAD /bert-base-cased/resolve/main/tokenizer_config.json HTTP/1.1" 200 0
2025-03-03 20:40:25,632 [DEBUG]  https://huggingface.co:443 "HEAD /bert-base-cased/resolve/main/config.json HTTP/1.1" 200 0
2025-03-03 20:40:26,119 [DEBUG]  Node 'run_DIETClassifier5' loading 'DIETClassifier.load' and kwargs: '{}'.
2025-03-03 20:40:26,119 [DEBUG]  Resource 'train_DIETClassifier5' was requested for reading.
2025-03-03 20:40:26,119 [DEBUG]  Loading the model from /var/folders/d2/y1cj5jqj27v3r9jxvkp9xpb00000gn/T/tmpc_vys_8r/train_DIETClassifier5/DIETClassifier.tf_model with finetune_mode=False...
2025-03-03 20:40:26,125 [DEBUG]  You specified 'DIET' to train entities, but no entities are present in the training data. Skipping training of entities.
2025-03-03 20:40:26,132 [DEBUG]  Following metrics will be logged during training: 
2025-03-03 20:40:26,132 [DEBUG]    t_loss (total loss)
2025-03-03 20:40:26,132 [DEBUG]    i_acc (intent acc)
2025-03-03 20:40:26,132 [DEBUG]    i_loss (intent loss)
2025-03-03 20:40:26,142 [WARNI]  At this time, the v2.11+ optimizer `tf.keras.optimizers.Adam` runs slowly on M1/M2 Macs, please use the legacy Keras optimizer instead, located at `tf.keras.optimizers.legacy.Adam`.
2025-03-03 20:40:26,143 [WARNI]  There is a known slowdown when using v2.11+ Keras optimizers on M1/M2 Macs. Falling back to the legacy Keras optimizer, i.e., `tf.keras.optimizers.legacy.Adam`.
2025-03-03 20:40:28,358 [DEBUG]  Finished loading the model.
2025-03-03 20:40:28,359 [DEBUG]  Node 'run_EntitySynonymMapper6' loading 'EntitySynonymMapper.load' and kwargs: '{}'.
2025-03-03 20:40:28,359 [DEBUG]  Resource 'train_EntitySynonymMapper6' was requested for reading.
2025-03-03 20:40:28,359 [DEBUG]  Failed to load ABCMeta from model storage. Resource 'train_EntitySynonymMapper6' doesn't exist.
2025-03-03 20:40:28,360 [DEBUG]  Node 'run_ResponseSelector7' loading 'ResponseSelector.load' and kwargs: '{}'.
2025-03-03 20:40:28,360 [DEBUG]  Resource 'train_ResponseSelector7' was requested for reading.
2025-03-03 20:40:28,360 [DEBUG]  Failed to load ABCMeta from model storage. Resource 'train_ResponseSelector7' doesn't exist.
2025-03-03 20:40:28,360 [DEBUG]  Resource 'train_ResponseSelector7' was requested for reading.
2025-03-03 20:40:28,360 [DEBUG]  Failed to load ResponseSelector from model storage. Resource 'train_ResponseSelector7' doesn't exist.
2025-03-03 20:40:28,360 [DEBUG]  Node 'run_RegexMessageHandler' loading 'RegexMessageHandler.load' and kwargs: '{}'.
2025-03-03 20:40:28,360 [DEBUG]  Node 'domain_provider' loading 'DomainProvider.load' and kwargs: '{}'.
2025-03-03 20:40:28,360 [DEBUG]  Resource 'domain_provider' was requested for reading.
2025-03-03 20:40:28,368 [DEBUG]  Node 'run_MemoizationPolicy0' loading 'MemoizationPolicy.load' and kwargs: '{}'.
2025-03-03 20:40:28,368 [DEBUG]  Resource 'train_MemoizationPolicy0' was requested for reading.
2025-03-03 20:40:28,368 [DEBUG]  Node 'run_RulePolicy1' loading 'RulePolicy.load' and kwargs: '{}'.
2025-03-03 20:40:28,368 [DEBUG]  Resource 'train_RulePolicy1' was requested for reading.
2025-03-03 20:40:28,368 [DEBUG]  Node 'run_TEDPolicy2' loading 'TEDPolicy.load' and kwargs: '{}'.
2025-03-03 20:40:28,368 [DEBUG]  Resource 'train_TEDPolicy2' was requested for reading.
2025-03-03 20:40:28,369 [DEBUG]  Loading the model from /var/folders/d2/y1cj5jqj27v3r9jxvkp9xpb00000gn/T/tmpc_vys_8r/train_TEDPolicy2/ted_policy.tf_model with finetune_mode=False...
2025-03-03 20:40:28,388 [WARNI]  At this time, the v2.11+ optimizer `tf.keras.optimizers.Adam` runs slowly on M1/M2 Macs, please use the legacy Keras optimizer instead, located at `tf.keras.optimizers.legacy.Adam`.
2025-03-03 20:40:28,388 [WARNI]  There is a known slowdown when using v2.11+ Keras optimizers on M1/M2 Macs. Falling back to the legacy Keras optimizer, i.e., `tf.keras.optimizers.legacy.Adam`.
2025-03-03 20:40:31,116 [DEBUG]  Finished loading the model.
2025-03-03 20:40:31,116 [DEBUG]  Node 'rule_only_data_provider' loading 'RuleOnlyDataProvider.load' and kwargs: '{}'.
2025-03-03 20:40:31,116 [DEBUG]  Resource 'train_RulePolicy1' was requested for reading.
2025-03-03 20:40:31,117 [DEBUG]  Node 'select_prediction' loading 'DefaultPolicyPredictionEnsemble.load' and kwargs: '{}'.
2025-03-03 20:40:31,119 [INFO ]  Rasa server is up and running.
2025-03-03 20:40:31,119 [INFO ]  Enabling coroutine debugging. Loop id 13559607408.
2025-03-03 20:40:41,918 [DEBUG]  Issuing ticket for conversation 'PractikumStudent'.
2025-03-03 20:40:41,919 [DEBUG]  Acquiring lock for conversation 'PractikumStudent'.
2025-03-03 20:40:41,919 [DEBUG]  Acquired lock for conversation 'PractikumStudent'.
2025-03-03 20:40:41,919 [DEBUG]  Could not find tracker for conversation ID 'PractikumStudent'.
2025-03-03 20:40:41,919 [DEBUG]  No event broker configured. Skipping streaming events.
2025-03-03 20:40:41,920 [DEBUG]  Starting a new session for conversation ID 'PractikumStudent'.
2025-03-03 20:40:41,923 [DEBUG]  [[32m[1mdebug    [0m] [1mprocessor.actions.policy_prediction[0m [36mprediction_events[0m=[35m[][0m
2025-03-03 20:40:41,923 [DEBUG]  [[32m[1mdebug    [0m] [1mprocessor.actions.log         [0m [36maction_name[0m=[35maction_session_start[0m [36mrasa_events[0m=[35m[<rasa.shared.core.events.SessionStarted object at 0x385b532b0>, ActionExecuted(action: action_listen, policy: None, confidence: None)][0m
2025-03-03 20:40:41,923 [DEBUG]  [[32m[1mdebug    [0m] [1mprocessor.slots.log           [0m [36mslot_values[0m=[35m	topic: None
	session_started_metadata: None[0m
2025-03-03 20:40:41,924 [DEBUG]  Running graph with inputs: {'__message__': [<rasa.core.channels.channel.UserMessage object at 0x3281387f0>], '__tracker__': <rasa.shared.core.trackers.DialogueStateTracker object at 0x382962140>}, targets: ['run_RegexMessageHandler'] and ExecutionContext(model_id='626b68062f78453882c7732869e48d2a', should_add_diagnostic_data=False, is_finetuning=False, node_name=None).
2025-03-03 20:40:41,924 [DEBUG]  Node 'nlu_message_converter' running 'NLUMessageConverter.convert_user_message'.
2025-03-03 20:40:41,924 [DEBUG]  Node 'run_WhitespaceTokenizer0' running 'WhitespaceTokenizer.process'.
2025-03-03 20:40:41,926 [DEBUG]  Node 'run_RegexFeaturizer1' running 'RegexFeaturizer.process'.
2025-03-03 20:40:41,926 [DEBUG]  Node 'run_LexicalSyntacticFeaturizer2' running 'LexicalSyntacticFeaturizer.process'.
2025-03-03 20:40:41,926 [DEBUG]  Node 'run_CountVectorsFeaturizer3' running 'CountVectorsFeaturizer.process'.
2025-03-03 20:40:41,927 [DEBUG]  Node 'run_LanguageModelFeaturizer4' running 'LanguageModelFeaturizer.process'.
2025-03-03 20:40:42,057 [DEBUG]  Node 'run_DIETClassifier5' running 'DIETClassifier.process'.
2025-03-03 20:40:42,110 [DEBUG]  Node 'run_EntitySynonymMapper6' running 'EntitySynonymMapper.process'.
2025-03-03 20:40:42,110 [DEBUG]  Node 'run_ResponseSelector7' running 'ResponseSelector.process'.
2025-03-03 20:40:42,110 [DEBUG]  There is no trained model for 'ResponseSelector': The component is either not trained or didn't receive enough training data.
2025-03-03 20:40:42,110 [DEBUG]  Adding following selector key to message property: default
2025-03-03 20:40:42,110 [DEBUG]  Node 'domain_provider' running 'DomainProvider.provide_inference'.
2025-03-03 20:40:42,110 [DEBUG]  Node 'run_RegexMessageHandler' running 'RegexMessageHandler.process'.
2025-03-03 20:40:42,110 [DEBUG]  [[32m[1mdebug    [0m] [1mprocessor.message.parse       [0m [36mparse_data_entities[0m=[35m[][0m [36mparse_data_intent[0m=[35m{'name': 'greet', 'confidence': 0.5962246060371399}[0m [36mparse_data_text[0m=[35mпривет[0m
2025-03-03 20:40:42,110 [DEBUG]  Logged UserUtterance - tracker now has 4 events.
2025-03-03 20:40:42,112 [DEBUG]  Validating extracted slots: topic
2025-03-03 20:40:42,112 [DEBUG]  [[32m[1mdebug    [0m] [1mprocessor.extract.slots       [0m [36maction_extract_slot[0m=[35maction_extract_slots[0m [36mlen_extraction_events[0m=[35m1[0m [36mrasa_events[0m=[35m[SlotSet(key: topic, value: привет)][0m
2025-03-03 20:40:42,112 [DEBUG]  Running graph with inputs: {'__tracker__': <rasa.shared.core.trackers.DialogueStateTracker object at 0x382962140>}, targets: ['select_prediction'] and ExecutionContext(model_id='626b68062f78453882c7732869e48d2a', should_add_diagnostic_data=False, is_finetuning=False, node_name=None).
2025-03-03 20:40:42,112 [DEBUG]  Node 'rule_only_data_provider' running 'RuleOnlyDataProvider.provide'.
2025-03-03 20:40:42,112 [DEBUG]  Node 'domain_provider' running 'DomainProvider.provide_inference'.
2025-03-03 20:40:42,112 [DEBUG]  Node 'run_MemoizationPolicy0' running 'MemoizationPolicy.predict_action_probabilities'.
2025-03-03 20:40:42,112 [DEBUG]  [[32m[1mdebug    [0m] [1mmemoization.predict.actions   [0m [36mtracker_states[0m=[35m[{}, {'user': {'intent': 'greet'}, 'prev_action': {'action_name': 'action_listen'}}][0m
2025-03-03 20:40:42,113 [DEBUG]  There is a memorised next action 'utter_greet'
2025-03-03 20:40:42,113 [DEBUG]  Node 'run_RulePolicy1' running 'RulePolicy.predict_action_probabilities'.
2025-03-03 20:40:42,113 [DEBUG]  [[32m[1mdebug    [0m] [1mrule_policy.actions.find      [0m [36mcurrent_states[0m=[35m
[state 1] user text: привет | previous action name: action_listen[0m
2025-03-03 20:40:42,113 [DEBUG]  There is no applicable rule.
2025-03-03 20:40:42,113 [DEBUG]  [[32m[1mdebug    [0m] [1mrule_policy.actions.find      [0m [36mcurrent_states[0m=[35m
[state 1] user intent: greet | previous action name: action_listen[0m
2025-03-03 20:40:42,113 [DEBUG]  There is a rule for the next action 'utter_greet'.
2025-03-03 20:40:42,113 [DEBUG]  Node 'run_TEDPolicy2' running 'TEDPolicy.predict_action_probabilities'.
2025-03-03 20:40:42,114 [DEBUG]  TED predicted 'action_restart' based on user intent.
2025-03-03 20:40:42,114 [DEBUG]  Node 'select_prediction' running 'DefaultPolicyPredictionEnsemble.combine_predictions_from_kwargs'.
2025-03-03 20:40:42,115 [DEBUG]  Made prediction using user intent.
2025-03-03 20:40:42,115 [DEBUG]  Added `DefinePrevUserUtteredFeaturization(False)` event.
2025-03-03 20:40:42,115 [DEBUG]  Predicted next action using RulePolicy.
2025-03-03 20:40:42,115 [DEBUG]  Predicted next action 'utter_greet' with confidence 1.00.
2025-03-03 20:40:42,115 [DEBUG]  [[32m[1mdebug    [0m] [1mprocessor.actions.policy_prediction[0m [36mprediction_events[0m=[35m[<rasa.shared.core.events.DefinePrevUserUtteredFeaturization object at 0x385b534c0>][0m
2025-03-03 20:40:42,115 [DEBUG]  [[32m[1mdebug    [0m] [1mprocessor.actions.log         [0m [36maction_name[0m=[35mutter_greet[0m [36mrasa_events[0m=[35m[BotUttered('Привет! Чем могу помочь в области архитектуры программного обеспечения?', {"elements": null, "quick_replies": null, "buttons": null, "attachment": null, "image": null, "custom": null}, {"utter_action": "utter_greet"}, 1741030842.115345)][0m
2025-03-03 20:40:42,115 [DEBUG]  Running graph with inputs: {'__tracker__': <rasa.shared.core.trackers.DialogueStateTracker object at 0x382962140>}, targets: ['select_prediction'] and ExecutionContext(model_id='626b68062f78453882c7732869e48d2a', should_add_diagnostic_data=False, is_finetuning=False, node_name=None).
2025-03-03 20:40:42,115 [DEBUG]  Node 'rule_only_data_provider' running 'RuleOnlyDataProvider.provide'.
2025-03-03 20:40:42,115 [DEBUG]  Node 'domain_provider' running 'DomainProvider.provide_inference'.
2025-03-03 20:40:42,115 [DEBUG]  Node 'run_MemoizationPolicy0' running 'MemoizationPolicy.predict_action_probabilities'.
2025-03-03 20:40:42,115 [DEBUG]  [[32m[1mdebug    [0m] [1mmemoization.predict.actions   [0m [36mtracker_states[0m=[35m[{}, {'user': {'intent': 'greet'}, 'prev_action': {'action_name': 'action_listen'}}, {'user': {'intent': 'greet'}, 'prev_action': {'action_name': 'utter_greet'}}][0m
2025-03-03 20:40:42,115 [DEBUG]  There is a memorised next action 'action_listen'
2025-03-03 20:40:42,116 [DEBUG]  Node 'run_RulePolicy1' running 'RulePolicy.predict_action_probabilities'.
2025-03-03 20:40:42,116 [DEBUG]  [[32m[1mdebug    [0m] [1mrule_policy.actions.find      [0m [36mcurrent_states[0m=[35m
[state 1] user intent: greet | previous action name: action_listen
[state 2] user intent: greet | previous action name: utter_greet[0m
2025-03-03 20:40:42,116 [DEBUG]  There is a rule for the next action 'action_listen'.
2025-03-03 20:40:42,116 [DEBUG]  Node 'run_TEDPolicy2' running 'TEDPolicy.predict_action_probabilities'.
2025-03-03 20:40:42,117 [DEBUG]  TED predicted 'utter_architecture_response' based on user intent.
2025-03-03 20:40:42,117 [DEBUG]  Node 'select_prediction' running 'DefaultPolicyPredictionEnsemble.combine_predictions_from_kwargs'.
2025-03-03 20:40:42,117 [DEBUG]  Predicted next action using RulePolicy.
2025-03-03 20:40:42,117 [DEBUG]  Predicted next action 'action_listen' with confidence 1.00.
2025-03-03 20:40:42,117 [DEBUG]  [[32m[1mdebug    [0m] [1mprocessor.actions.policy_prediction[0m [36mprediction_events[0m=[35m[][0m
2025-03-03 20:40:42,117 [DEBUG]  [[32m[1mdebug    [0m] [1mprocessor.actions.log         [0m [36maction_name[0m=[35maction_listen[0m [36mrasa_events[0m=[35m[][0m
2025-03-03 20:40:42,117 [DEBUG]  No event broker configured. Skipping streaming events.
2025-03-03 20:40:42,117 [DEBUG]  Deleted lock for conversation 'PractikumStudent'.
2025-03-03 20:40:48,072 [DEBUG]  Issuing ticket for conversation 'PractikumStudent'.
2025-03-03 20:40:48,072 [DEBUG]  Acquiring lock for conversation 'PractikumStudent'.
2025-03-03 20:40:48,073 [DEBUG]  Acquired lock for conversation 'PractikumStudent'.
2025-03-03 20:40:48,073 [DEBUG]  Recreating tracker for id 'PractikumStudent'
2025-03-03 20:40:48,076 [DEBUG]  Running graph with inputs: {'__message__': [<rasa.core.channels.channel.UserMessage object at 0x385e27d00>], '__tracker__': <rasa.shared.core.trackers.DialogueStateTracker object at 0x38a0d8c70>}, targets: ['run_RegexMessageHandler'] and ExecutionContext(model_id='626b68062f78453882c7732869e48d2a', should_add_diagnostic_data=False, is_finetuning=False, node_name=None).
2025-03-03 20:40:48,077 [DEBUG]  Node 'nlu_message_converter' running 'NLUMessageConverter.convert_user_message'.
2025-03-03 20:40:48,077 [DEBUG]  Node 'run_WhitespaceTokenizer0' running 'WhitespaceTokenizer.process'.
2025-03-03 20:40:48,077 [DEBUG]  Node 'run_RegexFeaturizer1' running 'RegexFeaturizer.process'.
2025-03-03 20:40:48,077 [DEBUG]  Node 'run_LexicalSyntacticFeaturizer2' running 'LexicalSyntacticFeaturizer.process'.
2025-03-03 20:40:48,078 [DEBUG]  Node 'run_CountVectorsFeaturizer3' running 'CountVectorsFeaturizer.process'.
2025-03-03 20:40:48,079 [DEBUG]  Node 'run_LanguageModelFeaturizer4' running 'LanguageModelFeaturizer.process'.
2025-03-03 20:40:48,187 [DEBUG]  Node 'run_DIETClassifier5' running 'DIETClassifier.process'.
2025-03-03 20:40:48,189 [DEBUG]  Node 'run_EntitySynonymMapper6' running 'EntitySynonymMapper.process'.
2025-03-03 20:40:48,189 [DEBUG]  Node 'run_ResponseSelector7' running 'ResponseSelector.process'.
2025-03-03 20:40:48,189 [DEBUG]  There is no trained model for 'ResponseSelector': The component is either not trained or didn't receive enough training data.
2025-03-03 20:40:48,189 [DEBUG]  Adding following selector key to message property: default
2025-03-03 20:40:48,189 [DEBUG]  Node 'domain_provider' running 'DomainProvider.provide_inference'.
2025-03-03 20:40:48,189 [DEBUG]  Node 'run_RegexMessageHandler' running 'RegexMessageHandler.process'.
2025-03-03 20:40:48,190 [DEBUG]  [[32m[1mdebug    [0m] [1mprocessor.message.parse       [0m [36mparse_data_entities[0m=[35m[][0m [36mparse_data_intent[0m=[35m{'name': 'ask_architecture', 'confidence': 0.6830928325653076}[0m [36mparse_data_text[0m=[35mРасскажи про архитектуру[0m
2025-03-03 20:40:48,190 [DEBUG]  Logged UserUtterance - tracker now has 10 events.
2025-03-03 20:40:48,190 [DEBUG]  Validating extracted slots: topic
2025-03-03 20:40:48,190 [DEBUG]  [[32m[1mdebug    [0m] [1mprocessor.extract.slots       [0m [36maction_extract_slot[0m=[35maction_extract_slots[0m [36mlen_extraction_events[0m=[35m1[0m [36mrasa_events[0m=[35m[SlotSet(key: topic, value: Расскажи про архитектуру)][0m
2025-03-03 20:40:48,190 [DEBUG]  Running graph with inputs: {'__tracker__': <rasa.shared.core.trackers.DialogueStateTracker object at 0x38a0d8c70>}, targets: ['select_prediction'] and ExecutionContext(model_id='626b68062f78453882c7732869e48d2a', should_add_diagnostic_data=False, is_finetuning=False, node_name=None).
2025-03-03 20:40:48,190 [DEBUG]  Node 'rule_only_data_provider' running 'RuleOnlyDataProvider.provide'.
2025-03-03 20:40:48,190 [DEBUG]  Node 'domain_provider' running 'DomainProvider.provide_inference'.
2025-03-03 20:40:48,190 [DEBUG]  Node 'run_MemoizationPolicy0' running 'MemoizationPolicy.predict_action_probabilities'.
2025-03-03 20:40:48,190 [DEBUG]  [[32m[1mdebug    [0m] [1mmemoization.predict.actions   [0m [36mtracker_states[0m=[35m[{}, {'user': {'intent': 'greet'}, 'prev_action': {'action_name': 'action_listen'}}, {'user': {'intent': 'greet'}, 'prev_action': {'action_name': 'utter_greet'}}, {'user': {'intent': 'ask_architecture'}, 'prev_action': {'action_name': 'action_listen'}}][0m
2025-03-03 20:40:48,190 [DEBUG]  There is a memorised next action 'utter_architecture_response'
2025-03-03 20:40:48,190 [DEBUG]  Node 'run_RulePolicy1' running 'RulePolicy.predict_action_probabilities'.
2025-03-03 20:40:48,191 [DEBUG]  [[32m[1mdebug    [0m] [1mrule_policy.actions.find      [0m [36mcurrent_states[0m=[35m
[state 1] user intent: greet | previous action name: action_listen
[state 2] user intent: greet | previous action name: utter_greet
[state 3] user text: Расскажи про архитектуру | previous action name: action_listen[0m
2025-03-03 20:40:48,191 [DEBUG]  There is no applicable rule.
2025-03-03 20:40:48,191 [DEBUG]  [[32m[1mdebug    [0m] [1mrule_policy.actions.find      [0m [36mcurrent_states[0m=[35m
[state 1] user intent: greet | previous action name: action_listen
[state 2] user intent: greet | previous action name: utter_greet
[state 3] user intent: ask_architecture | previous action name: action_listen[0m
2025-03-03 20:40:48,191 [DEBUG]  There is a rule for the next action 'utter_architecture_response'.
2025-03-03 20:40:48,191 [DEBUG]  Node 'run_TEDPolicy2' running 'TEDPolicy.predict_action_probabilities'.
2025-03-03 20:40:48,192 [DEBUG]  TED predicted 'action_back' based on user intent.
2025-03-03 20:40:48,192 [DEBUG]  Node 'select_prediction' running 'DefaultPolicyPredictionEnsemble.combine_predictions_from_kwargs'.
2025-03-03 20:40:48,192 [DEBUG]  Made prediction using user intent.
2025-03-03 20:40:48,192 [DEBUG]  Added `DefinePrevUserUtteredFeaturization(False)` event.
2025-03-03 20:40:48,192 [DEBUG]  Predicted next action using RulePolicy.
2025-03-03 20:40:48,192 [DEBUG]  Predicted next action 'utter_architecture_response' with confidence 1.00.
2025-03-03 20:40:48,192 [DEBUG]  [[32m[1mdebug    [0m] [1mprocessor.actions.policy_prediction[0m [36mprediction_events[0m=[35m[<rasa.shared.core.events.DefinePrevUserUtteredFeaturization object at 0x385b534c0>][0m
2025-03-03 20:40:48,192 [DEBUG]  [[32m[1mdebug    [0m] [1mprocessor.actions.log         [0m [36maction_name[0m=[35mutter_architecture_response[0m [36mrasa_events[0m=[35m[BotUttered('Архитектура ПО включает выбор структур, которые обеспечивают масштабируемость, гибкость и поддерживаемость приложения. Задайте конкретный вопрос по этой теме, и я помогу вам с информацией.', {"elements": null, "quick_replies": null, "buttons": null, "attachment": null, "image": null, "custom": null}, {"utter_action": "utter_architecture_response"}, 1741030848.192886)][0m
2025-03-03 20:40:48,193 [DEBUG]  Running graph with inputs: {'__tracker__': <rasa.shared.core.trackers.DialogueStateTracker object at 0x38a0d8c70>}, targets: ['select_prediction'] and ExecutionContext(model_id='626b68062f78453882c7732869e48d2a', should_add_diagnostic_data=False, is_finetuning=False, node_name=None).
2025-03-03 20:40:48,193 [DEBUG]  Node 'rule_only_data_provider' running 'RuleOnlyDataProvider.provide'.
2025-03-03 20:40:48,193 [DEBUG]  Node 'domain_provider' running 'DomainProvider.provide_inference'.
2025-03-03 20:40:48,193 [DEBUG]  Node 'run_MemoizationPolicy0' running 'MemoizationPolicy.predict_action_probabilities'.
2025-03-03 20:40:48,193 [DEBUG]  [[32m[1mdebug    [0m] [1mmemoization.predict.actions   [0m [36mtracker_states[0m=[35m[{}, {'user': {'intent': 'greet'}, 'prev_action': {'action_name': 'action_listen'}}, {'user': {'intent': 'greet'}, 'prev_action': {'action_name': 'utter_greet'}}, {'user': {'intent': 'ask_architecture'}, 'prev_action': {'action_name': 'action_listen'}}, {'user': {'intent': 'ask_architecture'}, 'prev_action': {'action_name': 'utter_architecture_response'}}][0m
2025-03-03 20:40:48,193 [DEBUG]  There is a memorised next action 'action_listen'
2025-03-03 20:40:48,193 [DEBUG]  Node 'run_RulePolicy1' running 'RulePolicy.predict_action_probabilities'.
2025-03-03 20:40:48,193 [DEBUG]  [[32m[1mdebug    [0m] [1mrule_policy.actions.find      [0m [36mcurrent_states[0m=[35m
[state 1] user intent: greet | previous action name: action_listen
[state 2] user intent: greet | previous action name: utter_greet
[state 3] user intent: ask_architecture | previous action name: action_listen
[state 4] user intent: ask_architecture | previous action name: utter_architecture_response[0m
2025-03-03 20:40:48,193 [DEBUG]  There is a rule for the next action 'action_listen'.
2025-03-03 20:40:48,193 [DEBUG]  Node 'run_TEDPolicy2' running 'TEDPolicy.predict_action_probabilities'.
2025-03-03 20:40:48,195 [DEBUG]  TED predicted 'action_listen' based on user intent.
2025-03-03 20:40:48,195 [DEBUG]  Node 'select_prediction' running 'DefaultPolicyPredictionEnsemble.combine_predictions_from_kwargs'.
2025-03-03 20:40:48,195 [DEBUG]  Predicted next action using RulePolicy.
2025-03-03 20:40:48,195 [DEBUG]  Predicted next action 'action_listen' with confidence 1.00.
2025-03-03 20:40:48,195 [DEBUG]  [[32m[1mdebug    [0m] [1mprocessor.actions.policy_prediction[0m [36mprediction_events[0m=[35m[][0m
2025-03-03 20:40:48,195 [DEBUG]  [[32m[1mdebug    [0m] [1mprocessor.actions.log         [0m [36maction_name[0m=[35maction_listen[0m [36mrasa_events[0m=[35m[][0m
2025-03-03 20:40:48,195 [DEBUG]  No event broker configured. Skipping streaming events.
2025-03-03 20:40:48,195 [DEBUG]  Deleted lock for conversation 'PractikumStudent'.
2025-03-03 20:40:51,728 [DEBUG]  Issuing ticket for conversation 'PractikumStudent'.
2025-03-03 20:40:51,729 [DEBUG]  Acquiring lock for conversation 'PractikumStudent'.
2025-03-03 20:40:51,729 [DEBUG]  Acquired lock for conversation 'PractikumStudent'.
2025-03-03 20:40:51,729 [DEBUG]  Recreating tracker for id 'PractikumStudent'
2025-03-03 20:40:51,733 [DEBUG]  Running graph with inputs: {'__message__': [<rasa.core.channels.channel.UserMessage object at 0x3827c55d0>], '__tracker__': <rasa.shared.core.trackers.DialogueStateTracker object at 0x38a0d8700>}, targets: ['run_RegexMessageHandler'] and ExecutionContext(model_id='626b68062f78453882c7732869e48d2a', should_add_diagnostic_data=False, is_finetuning=False, node_name=None).
2025-03-03 20:40:51,734 [DEBUG]  Node 'nlu_message_converter' running 'NLUMessageConverter.convert_user_message'.
2025-03-03 20:40:51,734 [DEBUG]  Node 'run_WhitespaceTokenizer0' running 'WhitespaceTokenizer.process'.
2025-03-03 20:40:51,734 [DEBUG]  Node 'run_RegexFeaturizer1' running 'RegexFeaturizer.process'.
2025-03-03 20:40:51,735 [DEBUG]  Node 'run_LexicalSyntacticFeaturizer2' running 'LexicalSyntacticFeaturizer.process'.
2025-03-03 20:40:51,735 [DEBUG]  Node 'run_CountVectorsFeaturizer3' running 'CountVectorsFeaturizer.process'.
2025-03-03 20:40:51,736 [DEBUG]  Node 'run_LanguageModelFeaturizer4' running 'LanguageModelFeaturizer.process'.
2025-03-03 20:40:51,834 [DEBUG]  Node 'run_DIETClassifier5' running 'DIETClassifier.process'.
2025-03-03 20:40:51,836 [DEBUG]  Node 'run_EntitySynonymMapper6' running 'EntitySynonymMapper.process'.
2025-03-03 20:40:51,836 [DEBUG]  Node 'run_ResponseSelector7' running 'ResponseSelector.process'.
2025-03-03 20:40:51,836 [DEBUG]  There is no trained model for 'ResponseSelector': The component is either not trained or didn't receive enough training data.
2025-03-03 20:40:51,836 [DEBUG]  Adding following selector key to message property: default
2025-03-03 20:40:51,836 [DEBUG]  Node 'domain_provider' running 'DomainProvider.provide_inference'.
2025-03-03 20:40:51,836 [DEBUG]  Node 'run_RegexMessageHandler' running 'RegexMessageHandler.process'.
2025-03-03 20:40:51,836 [DEBUG]  [[32m[1mdebug    [0m] [1mprocessor.message.parse       [0m [36mparse_data_entities[0m=[35m[][0m [36mparse_data_intent[0m=[35m{'name': 'greet', 'confidence': 0.2755630910396576}[0m [36mparse_data_text[0m=[35mПодробнее[0m
2025-03-03 20:40:51,837 [DEBUG]  Logged UserUtterance - tracker now has 16 events.
2025-03-03 20:40:51,837 [DEBUG]  Validating extracted slots: topic
2025-03-03 20:40:51,837 [DEBUG]  [[32m[1mdebug    [0m] [1mprocessor.extract.slots       [0m [36maction_extract_slot[0m=[35maction_extract_slots[0m [36mlen_extraction_events[0m=[35m1[0m [36mrasa_events[0m=[35m[SlotSet(key: topic, value: Подробнее)][0m
2025-03-03 20:40:51,837 [DEBUG]  Running graph with inputs: {'__tracker__': <rasa.shared.core.trackers.DialogueStateTracker object at 0x38a0d8700>}, targets: ['select_prediction'] and ExecutionContext(model_id='626b68062f78453882c7732869e48d2a', should_add_diagnostic_data=False, is_finetuning=False, node_name=None).
2025-03-03 20:40:51,837 [DEBUG]  Node 'rule_only_data_provider' running 'RuleOnlyDataProvider.provide'.
2025-03-03 20:40:51,837 [DEBUG]  Node 'domain_provider' running 'DomainProvider.provide_inference'.
2025-03-03 20:40:51,837 [DEBUG]  Node 'run_MemoizationPolicy0' running 'MemoizationPolicy.predict_action_probabilities'.
2025-03-03 20:40:51,837 [DEBUG]  [[32m[1mdebug    [0m] [1mmemoization.predict.actions   [0m [36mtracker_states[0m=[35m[{'user': {'intent': 'greet'}, 'prev_action': {'action_name': 'action_listen'}}, {'user': {'intent': 'greet'}, 'prev_action': {'action_name': 'utter_greet'}}, {'user': {'intent': 'ask_architecture'}, 'prev_action': {'action_name': 'action_listen'}}, {'user': {'intent': 'ask_architecture'}, 'prev_action': {'action_name': 'utter_architecture_response'}}, {'user': {'intent': 'greet'}, 'prev_action': {'action_name': 'action_listen'}}][0m
2025-03-03 20:40:51,837 [DEBUG]  There is no memorised next action
2025-03-03 20:40:51,837 [DEBUG]  Node 'run_RulePolicy1' running 'RulePolicy.predict_action_probabilities'.
2025-03-03 20:40:51,837 [DEBUG]  [[32m[1mdebug    [0m] [1mrule_policy.actions.find      [0m [36mcurrent_states[0m=[35m
[state 1] user intent: greet | previous action name: action_listen
[state 2] user intent: greet | previous action name: utter_greet
[state 3] user intent: ask_architecture | previous action name: action_listen
[state 4] user intent: ask_architecture | previous action name: utter_architecture_response
[state 5] user text: Подробнее | previous action name: action_listen[0m
2025-03-03 20:40:51,837 [DEBUG]  There is no applicable rule.
2025-03-03 20:40:51,838 [DEBUG]  [[32m[1mdebug    [0m] [1mrule_policy.actions.find      [0m [36mcurrent_states[0m=[35m
[state 1] user intent: greet | previous action name: action_listen
[state 2] user intent: greet | previous action name: utter_greet
[state 3] user intent: ask_architecture | previous action name: action_listen
[state 4] user intent: ask_architecture | previous action name: utter_architecture_response
[state 5] user intent: greet | previous action name: action_listen[0m
2025-03-03 20:40:51,838 [DEBUG]  There is a rule for the next action 'utter_greet'.
2025-03-03 20:40:51,838 [DEBUG]  Node 'run_TEDPolicy2' running 'TEDPolicy.predict_action_probabilities'.
2025-03-03 20:40:51,839 [DEBUG]  TED predicted 'action_back' based on user intent.
2025-03-03 20:40:51,839 [DEBUG]  Node 'select_prediction' running 'DefaultPolicyPredictionEnsemble.combine_predictions_from_kwargs'.
2025-03-03 20:40:51,839 [DEBUG]  Made prediction using user intent.
2025-03-03 20:40:51,840 [DEBUG]  Added `DefinePrevUserUtteredFeaturization(False)` event.
2025-03-03 20:40:51,840 [DEBUG]  Predicted next action using RulePolicy.
2025-03-03 20:40:51,840 [DEBUG]  Predicted next action 'utter_greet' with confidence 1.00.
2025-03-03 20:40:51,840 [DEBUG]  [[32m[1mdebug    [0m] [1mprocessor.actions.policy_prediction[0m [36mprediction_events[0m=[35m[<rasa.shared.core.events.DefinePrevUserUtteredFeaturization object at 0x385b510c0>][0m
2025-03-03 20:40:51,840 [DEBUG]  [[32m[1mdebug    [0m] [1mprocessor.actions.log         [0m [36maction_name[0m=[35mutter_greet[0m [36mrasa_events[0m=[35m[BotUttered('Привет! Чем могу помочь в области архитектуры программного обеспечения?', {"elements": null, "quick_replies": null, "buttons": null, "attachment": null, "image": null, "custom": null}, {"utter_action": "utter_greet"}, 1741030851.8402429)][0m
2025-03-03 20:40:51,840 [DEBUG]  Running graph with inputs: {'__tracker__': <rasa.shared.core.trackers.DialogueStateTracker object at 0x38a0d8700>}, targets: ['select_prediction'] and ExecutionContext(model_id='626b68062f78453882c7732869e48d2a', should_add_diagnostic_data=False, is_finetuning=False, node_name=None).
2025-03-03 20:40:51,840 [DEBUG]  Node 'rule_only_data_provider' running 'RuleOnlyDataProvider.provide'.
2025-03-03 20:40:51,840 [DEBUG]  Node 'domain_provider' running 'DomainProvider.provide_inference'.
2025-03-03 20:40:51,840 [DEBUG]  Node 'run_MemoizationPolicy0' running 'MemoizationPolicy.predict_action_probabilities'.
2025-03-03 20:40:51,840 [DEBUG]  [[32m[1mdebug    [0m] [1mmemoization.predict.actions   [0m [36mtracker_states[0m=[35m[{'user': {'intent': 'greet'}, 'prev_action': {'action_name': 'utter_greet'}}, {'user': {'intent': 'ask_architecture'}, 'prev_action': {'action_name': 'action_listen'}}, {'user': {'intent': 'ask_architecture'}, 'prev_action': {'action_name': 'utter_architecture_response'}}, {'user': {'intent': 'greet'}, 'prev_action': {'action_name': 'action_listen'}}, {'user': {'intent': 'greet'}, 'prev_action': {'action_name': 'utter_greet'}}][0m
2025-03-03 20:40:51,840 [DEBUG]  There is no memorised next action
2025-03-03 20:40:51,840 [DEBUG]  Node 'run_RulePolicy1' running 'RulePolicy.predict_action_probabilities'.
2025-03-03 20:40:51,841 [DEBUG]  [[32m[1mdebug    [0m] [1mrule_policy.actions.find      [0m [36mcurrent_states[0m=[35m
[state 1] user intent: greet | previous action name: action_listen
[state 2] user intent: greet | previous action name: utter_greet
[state 3] user intent: ask_architecture | previous action name: action_listen
[state 4] user intent: ask_architecture | previous action name: utter_architecture_response
[state 5] user intent: greet | previous action name: action_listen
[state 6] user intent: greet | previous action name: utter_greet[0m
2025-03-03 20:40:51,841 [DEBUG]  There is a rule for the next action 'action_listen'.
2025-03-03 20:40:51,841 [DEBUG]  Node 'run_TEDPolicy2' running 'TEDPolicy.predict_action_probabilities'.
2025-03-03 20:40:51,842 [DEBUG]  TED predicted 'utter_architecture_response' based on user intent.
2025-03-03 20:40:51,842 [DEBUG]  Node 'select_prediction' running 'DefaultPolicyPredictionEnsemble.combine_predictions_from_kwargs'.
2025-03-03 20:40:51,842 [DEBUG]  Predicted next action using RulePolicy.
2025-03-03 20:40:51,842 [DEBUG]  Predicted next action 'action_listen' with confidence 1.00.
2025-03-03 20:40:51,842 [DEBUG]  [[32m[1mdebug    [0m] [1mprocessor.actions.policy_prediction[0m [36mprediction_events[0m=[35m[][0m
2025-03-03 20:40:51,842 [DEBUG]  [[32m[1mdebug    [0m] [1mprocessor.actions.log         [0m [36maction_name[0m=[35maction_listen[0m [36mrasa_events[0m=[35m[][0m
2025-03-03 20:40:51,842 [DEBUG]  No event broker configured. Skipping streaming events.
2025-03-03 20:40:51,843 [DEBUG]  Deleted lock for conversation 'PractikumStudent'.
2025-03-03 20:40:59,099 [DEBUG]  Issuing ticket for conversation 'PractikumStudent'.
2025-03-03 20:40:59,099 [DEBUG]  Acquiring lock for conversation 'PractikumStudent'.
2025-03-03 20:40:59,100 [DEBUG]  Acquired lock for conversation 'PractikumStudent'.
2025-03-03 20:40:59,100 [DEBUG]  Recreating tracker for id 'PractikumStudent'
2025-03-03 20:40:59,105 [DEBUG]  Running graph with inputs: {'__message__': [<rasa.core.channels.channel.UserMessage object at 0x38a0d8700>], '__tracker__': <rasa.shared.core.trackers.DialogueStateTracker object at 0x385b52e90>}, targets: ['run_RegexMessageHandler'] and ExecutionContext(model_id='626b68062f78453882c7732869e48d2a', should_add_diagnostic_data=False, is_finetuning=False, node_name=None).
2025-03-03 20:40:59,106 [DEBUG]  Node 'nlu_message_converter' running 'NLUMessageConverter.convert_user_message'.
2025-03-03 20:40:59,106 [DEBUG]  Node 'run_WhitespaceTokenizer0' running 'WhitespaceTokenizer.process'.
2025-03-03 20:40:59,107 [DEBUG]  Node 'run_RegexFeaturizer1' running 'RegexFeaturizer.process'.
2025-03-03 20:40:59,107 [DEBUG]  Node 'run_LexicalSyntacticFeaturizer2' running 'LexicalSyntacticFeaturizer.process'.
2025-03-03 20:40:59,107 [DEBUG]  Node 'run_CountVectorsFeaturizer3' running 'CountVectorsFeaturizer.process'.
2025-03-03 20:40:59,108 [DEBUG]  Node 'run_LanguageModelFeaturizer4' running 'LanguageModelFeaturizer.process'.
2025-03-03 20:40:59,235 [DEBUG]  Node 'run_DIETClassifier5' running 'DIETClassifier.process'.
2025-03-03 20:40:59,237 [DEBUG]  Node 'run_EntitySynonymMapper6' running 'EntitySynonymMapper.process'.
2025-03-03 20:40:59,237 [DEBUG]  Node 'run_ResponseSelector7' running 'ResponseSelector.process'.
2025-03-03 20:40:59,237 [DEBUG]  There is no trained model for 'ResponseSelector': The component is either not trained or didn't receive enough training data.
2025-03-03 20:40:59,237 [DEBUG]  Adding following selector key to message property: default
2025-03-03 20:40:59,237 [DEBUG]  Node 'domain_provider' running 'DomainProvider.provide_inference'.
2025-03-03 20:40:59,237 [DEBUG]  Node 'run_RegexMessageHandler' running 'RegexMessageHandler.process'.
2025-03-03 20:40:59,237 [DEBUG]  [[32m[1mdebug    [0m] [1mprocessor.message.parse       [0m [36mparse_data_entities[0m=[35m[][0m [36mparse_data_intent[0m=[35m{'name': 'ask_architecture', 'confidence': 0.6713722944259644}[0m [36mparse_data_text[0m=[35mЕще раз про архитектуру[0m
2025-03-03 20:40:59,237 [DEBUG]  Logged UserUtterance - tracker now has 22 events.
2025-03-03 20:40:59,237 [DEBUG]  Validating extracted slots: topic
2025-03-03 20:40:59,237 [DEBUG]  [[32m[1mdebug    [0m] [1mprocessor.extract.slots       [0m [36maction_extract_slot[0m=[35maction_extract_slots[0m [36mlen_extraction_events[0m=[35m1[0m [36mrasa_events[0m=[35m[SlotSet(key: topic, value: Еще раз про архитектуру)][0m
2025-03-03 20:40:59,238 [DEBUG]  Running graph with inputs: {'__tracker__': <rasa.shared.core.trackers.DialogueStateTracker object at 0x385b52e90>}, targets: ['select_prediction'] and ExecutionContext(model_id='626b68062f78453882c7732869e48d2a', should_add_diagnostic_data=False, is_finetuning=False, node_name=None).
2025-03-03 20:40:59,238 [DEBUG]  Node 'rule_only_data_provider' running 'RuleOnlyDataProvider.provide'.
2025-03-03 20:40:59,238 [DEBUG]  Node 'domain_provider' running 'DomainProvider.provide_inference'.
2025-03-03 20:40:59,238 [DEBUG]  Node 'run_MemoizationPolicy0' running 'MemoizationPolicy.predict_action_probabilities'.
2025-03-03 20:40:59,238 [DEBUG]  [[32m[1mdebug    [0m] [1mmemoization.predict.actions   [0m [36mtracker_states[0m=[35m[{'user': {'intent': 'ask_architecture'}, 'prev_action': {'action_name': 'action_listen'}}, {'user': {'intent': 'ask_architecture'}, 'prev_action': {'action_name': 'utter_architecture_response'}}, {'user': {'intent': 'greet'}, 'prev_action': {'action_name': 'action_listen'}}, {'user': {'intent': 'greet'}, 'prev_action': {'action_name': 'utter_greet'}}, {'user': {'intent': 'ask_architecture'}, 'prev_action': {'action_name': 'action_listen'}}][0m
2025-03-03 20:40:59,238 [DEBUG]  There is no memorised next action
2025-03-03 20:40:59,238 [DEBUG]  Node 'run_RulePolicy1' running 'RulePolicy.predict_action_probabilities'.
2025-03-03 20:40:59,238 [DEBUG]  [[32m[1mdebug    [0m] [1mrule_policy.actions.find      [0m [36mcurrent_states[0m=[35m
[state 1] user intent: greet | previous action name: action_listen
[state 2] user intent: greet | previous action name: utter_greet
[state 3] user intent: ask_architecture | previous action name: action_listen
[state 4] user intent: ask_architecture | previous action name: utter_architecture_response
[state 5] user intent: greet | previous action name: action_listen
[state 6] user intent: greet | previous action name: utter_greet
[state 7] user text: Еще раз про архитектуру | previous action name: action_listen[0m
2025-03-03 20:40:59,238 [DEBUG]  There is no applicable rule.
2025-03-03 20:40:59,238 [DEBUG]  [[32m[1mdebug    [0m] [1mrule_policy.actions.find      [0m [36mcurrent_states[0m=[35m
[state 1] user intent: greet | previous action name: action_listen
[state 2] user intent: greet | previous action name: utter_greet
[state 3] user intent: ask_architecture | previous action name: action_listen
[state 4] user intent: ask_architecture | previous action name: utter_architecture_response
[state 5] user intent: greet | previous action name: action_listen
[state 6] user intent: greet | previous action name: utter_greet
[state 7] user intent: ask_architecture | previous action name: action_listen[0m
2025-03-03 20:40:59,238 [DEBUG]  There is a rule for the next action 'utter_architecture_response'.
2025-03-03 20:40:59,239 [DEBUG]  Node 'run_TEDPolicy2' running 'TEDPolicy.predict_action_probabilities'.
2025-03-03 20:40:59,240 [DEBUG]  TED predicted 'action_back' based on user intent.
2025-03-03 20:40:59,240 [DEBUG]  Node 'select_prediction' running 'DefaultPolicyPredictionEnsemble.combine_predictions_from_kwargs'.
2025-03-03 20:40:59,240 [DEBUG]  Made prediction using user intent.
2025-03-03 20:40:59,240 [DEBUG]  Added `DefinePrevUserUtteredFeaturization(False)` event.
2025-03-03 20:40:59,240 [DEBUG]  Predicted next action using RulePolicy.
2025-03-03 20:40:59,240 [DEBUG]  Predicted next action 'utter_architecture_response' with confidence 1.00.
2025-03-03 20:40:59,241 [DEBUG]  [[32m[1mdebug    [0m] [1mprocessor.actions.policy_prediction[0m [36mprediction_events[0m=[35m[<rasa.shared.core.events.DefinePrevUserUtteredFeaturization object at 0x385db1750>][0m
2025-03-03 20:40:59,241 [DEBUG]  [[32m[1mdebug    [0m] [1mprocessor.actions.log         [0m [36maction_name[0m=[35mutter_architecture_response[0m [36mrasa_events[0m=[35m[BotUttered('Архитектура ПО включает выбор структур, которые обеспечивают масштабируемость, гибкость и поддерживаемость приложения. Задайте конкретный вопрос по этой теме, и я помогу вам с информацией.', {"elements": null, "quick_replies": null, "buttons": null, "attachment": null, "image": null, "custom": null}, {"utter_action": "utter_architecture_response"}, 1741030859.241002)][0m
2025-03-03 20:40:59,241 [DEBUG]  Running graph with inputs: {'__tracker__': <rasa.shared.core.trackers.DialogueStateTracker object at 0x385b52e90>}, targets: ['select_prediction'] and ExecutionContext(model_id='626b68062f78453882c7732869e48d2a', should_add_diagnostic_data=False, is_finetuning=False, node_name=None).
2025-03-03 20:40:59,241 [DEBUG]  Node 'rule_only_data_provider' running 'RuleOnlyDataProvider.provide'.
2025-03-03 20:40:59,241 [DEBUG]  Node 'domain_provider' running 'DomainProvider.provide_inference'.
2025-03-03 20:40:59,241 [DEBUG]  Node 'run_MemoizationPolicy0' running 'MemoizationPolicy.predict_action_probabilities'.
2025-03-03 20:40:59,241 [DEBUG]  [[32m[1mdebug    [0m] [1mmemoization.predict.actions   [0m [36mtracker_states[0m=[35m[{'user': {'intent': 'ask_architecture'}, 'prev_action': {'action_name': 'utter_architecture_response'}}, {'user': {'intent': 'greet'}, 'prev_action': {'action_name': 'action_listen'}}, {'user': {'intent': 'greet'}, 'prev_action': {'action_name': 'utter_greet'}}, {'user': {'intent': 'ask_architecture'}, 'prev_action': {'action_name': 'action_listen'}}, {'user': {'intent': 'ask_architecture'}, 'prev_action': {'action_name': 'utter_architecture_response'}}][0m
2025-03-03 20:40:59,241 [DEBUG]  There is no memorised next action
2025-03-03 20:40:59,241 [DEBUG]  Node 'run_RulePolicy1' running 'RulePolicy.predict_action_probabilities'.
2025-03-03 20:40:59,241 [DEBUG]  [[32m[1mdebug    [0m] [1mrule_policy.actions.find      [0m [36mcurrent_states[0m=[35m
[state 1] user intent: greet | previous action name: action_listen
[state 2] user intent: greet | previous action name: utter_greet
[state 3] user intent: ask_architecture | previous action name: action_listen
[state 4] user intent: ask_architecture | previous action name: utter_architecture_response
[state 5] user intent: greet | previous action name: action_listen
[state 6] user intent: greet | previous action name: utter_greet
[state 7] user intent: ask_architecture | previous action name: action_listen
[state 8] user intent: ask_architecture | previous action name: utter_architecture_response[0m
2025-03-03 20:40:59,241 [DEBUG]  There is a rule for the next action 'action_listen'.
2025-03-03 20:40:59,241 [DEBUG]  Node 'run_TEDPolicy2' running 'TEDPolicy.predict_action_probabilities'.
2025-03-03 20:40:59,243 [DEBUG]  TED predicted 'action_listen' based on user intent.
2025-03-03 20:40:59,243 [DEBUG]  Node 'select_prediction' running 'DefaultPolicyPredictionEnsemble.combine_predictions_from_kwargs'.
2025-03-03 20:40:59,243 [DEBUG]  Predicted next action using RulePolicy.
2025-03-03 20:40:59,243 [DEBUG]  Predicted next action 'action_listen' with confidence 1.00.
2025-03-03 20:40:59,243 [DEBUG]  [[32m[1mdebug    [0m] [1mprocessor.actions.policy_prediction[0m [36mprediction_events[0m=[35m[][0m
2025-03-03 20:40:59,243 [DEBUG]  [[32m[1mdebug    [0m] [1mprocessor.actions.log         [0m [36maction_name[0m=[35maction_listen[0m [36mrasa_events[0m=[35m[][0m
2025-03-03 20:40:59,243 [DEBUG]  No event broker configured. Skipping streaming events.
2025-03-03 20:40:59,243 [DEBUG]  Deleted lock for conversation 'PractikumStudent'.
2025-03-03 20:41:01,138 [DEBUG]  Issuing ticket for conversation 'PractikumStudent'.
2025-03-03 20:41:01,138 [DEBUG]  Acquiring lock for conversation 'PractikumStudent'.
2025-03-03 20:41:01,138 [DEBUG]  Acquired lock for conversation 'PractikumStudent'.
2025-03-03 20:41:01,138 [DEBUG]  Recreating tracker for id 'PractikumStudent'
2025-03-03 20:41:01,144 [DEBUG]  Running graph with inputs: {'__message__': [<rasa.core.channels.channel.UserMessage object at 0x385b52170>], '__tracker__': <rasa.shared.core.trackers.DialogueStateTracker object at 0x385b503a0>}, targets: ['run_RegexMessageHandler'] and ExecutionContext(model_id='626b68062f78453882c7732869e48d2a', should_add_diagnostic_data=False, is_finetuning=False, node_name=None).
2025-03-03 20:41:01,145 [DEBUG]  Node 'nlu_message_converter' running 'NLUMessageConverter.convert_user_message'.
2025-03-03 20:41:01,145 [DEBUG]  Node 'run_WhitespaceTokenizer0' running 'WhitespaceTokenizer.process'.
2025-03-03 20:41:01,145 [DEBUG]  Node 'run_RegexFeaturizer1' running 'RegexFeaturizer.process'.
2025-03-03 20:41:01,145 [DEBUG]  Node 'run_LexicalSyntacticFeaturizer2' running 'LexicalSyntacticFeaturizer.process'.
2025-03-03 20:41:01,146 [DEBUG]  Node 'run_CountVectorsFeaturizer3' running 'CountVectorsFeaturizer.process'.
2025-03-03 20:41:01,147 [DEBUG]  Node 'run_LanguageModelFeaturizer4' running 'LanguageModelFeaturizer.process'.
2025-03-03 20:41:01,236 [DEBUG]  Node 'run_DIETClassifier5' running 'DIETClassifier.process'.
2025-03-03 20:41:01,238 [DEBUG]  Node 'run_EntitySynonymMapper6' running 'EntitySynonymMapper.process'.
2025-03-03 20:41:01,238 [DEBUG]  Node 'run_ResponseSelector7' running 'ResponseSelector.process'.
2025-03-03 20:41:01,238 [DEBUG]  There is no trained model for 'ResponseSelector': The component is either not trained or didn't receive enough training data.
2025-03-03 20:41:01,238 [DEBUG]  Adding following selector key to message property: default
2025-03-03 20:41:01,238 [DEBUG]  Node 'domain_provider' running 'DomainProvider.provide_inference'.
2025-03-03 20:41:01,238 [DEBUG]  Node 'run_RegexMessageHandler' running 'RegexMessageHandler.process'.
2025-03-03 20:41:01,239 [DEBUG]  [[32m[1mdebug    [0m] [1mprocessor.message.parse       [0m [36mparse_data_entities[0m=[35m[][0m [36mparse_data_intent[0m=[35m{'name': 'goodbye', 'confidence': 0.37808510661125183}[0m [36mparse_data_text[0m=[35mПока[0m
2025-03-03 20:41:01,239 [DEBUG]  Logged UserUtterance - tracker now has 28 events.
2025-03-03 20:41:01,239 [DEBUG]  Validating extracted slots: topic
2025-03-03 20:41:01,239 [DEBUG]  [[32m[1mdebug    [0m] [1mprocessor.extract.slots       [0m [36maction_extract_slot[0m=[35maction_extract_slots[0m [36mlen_extraction_events[0m=[35m1[0m [36mrasa_events[0m=[35m[SlotSet(key: topic, value: Пока)][0m
2025-03-03 20:41:01,239 [DEBUG]  Running graph with inputs: {'__tracker__': <rasa.shared.core.trackers.DialogueStateTracker object at 0x385b503a0>}, targets: ['select_prediction'] and ExecutionContext(model_id='626b68062f78453882c7732869e48d2a', should_add_diagnostic_data=False, is_finetuning=False, node_name=None).
2025-03-03 20:41:01,239 [DEBUG]  Node 'rule_only_data_provider' running 'RuleOnlyDataProvider.provide'.
2025-03-03 20:41:01,239 [DEBUG]  Node 'domain_provider' running 'DomainProvider.provide_inference'.
2025-03-03 20:41:01,239 [DEBUG]  Node 'run_MemoizationPolicy0' running 'MemoizationPolicy.predict_action_probabilities'.
2025-03-03 20:41:01,239 [DEBUG]  [[32m[1mdebug    [0m] [1mmemoization.predict.actions   [0m [36mtracker_states[0m=[35m[{'user': {'intent': 'greet'}, 'prev_action': {'action_name': 'action_listen'}}, {'user': {'intent': 'greet'}, 'prev_action': {'action_name': 'utter_greet'}}, {'user': {'intent': 'ask_architecture'}, 'prev_action': {'action_name': 'action_listen'}}, {'user': {'intent': 'ask_architecture'}, 'prev_action': {'action_name': 'utter_architecture_response'}}, {'user': {'intent': 'goodbye'}, 'prev_action': {'action_name': 'action_listen'}}][0m
2025-03-03 20:41:01,239 [DEBUG]  There is no memorised next action
2025-03-03 20:41:01,239 [DEBUG]  Node 'run_RulePolicy1' running 'RulePolicy.predict_action_probabilities'.
2025-03-03 20:41:01,240 [DEBUG]  [[32m[1mdebug    [0m] [1mrule_policy.actions.find      [0m [36mcurrent_states[0m=[35m
[state 1] user intent: greet | previous action name: action_listen
[state 2] user intent: greet | previous action name: utter_greet
[state 3] user intent: ask_architecture | previous action name: action_listen
[state 4] user intent: ask_architecture | previous action name: utter_architecture_response
[state 5] user intent: greet | previous action name: action_listen
[state 6] user intent: greet | previous action name: utter_greet
[state 7] user intent: ask_architecture | previous action name: action_listen
[state 8] user intent: ask_architecture | previous action name: utter_architecture_response
[state 9] user text: Пока | previous action name: action_listen[0m
2025-03-03 20:41:01,240 [DEBUG]  There is no applicable rule.
2025-03-03 20:41:01,240 [DEBUG]  [[32m[1mdebug    [0m] [1mrule_policy.actions.find      [0m [36mcurrent_states[0m=[35m
[state 1] user intent: greet | previous action name: action_listen
[state 2] user intent: greet | previous action name: utter_greet
[state 3] user intent: ask_architecture | previous action name: action_listen
[state 4] user intent: ask_architecture | previous action name: utter_architecture_response
[state 5] user intent: greet | previous action name: action_listen
[state 6] user intent: greet | previous action name: utter_greet
[state 7] user intent: ask_architecture | previous action name: action_listen
[state 8] user intent: ask_architecture | previous action name: utter_architecture_response
[state 9] user intent: goodbye | previous action name: action_listen[0m
2025-03-03 20:41:01,240 [DEBUG]  There is a rule for the next action 'utter_goodbye'.
2025-03-03 20:41:01,240 [DEBUG]  Node 'run_TEDPolicy2' running 'TEDPolicy.predict_action_probabilities'.
2025-03-03 20:41:01,241 [DEBUG]  TED predicted 'action_listen' based on user intent.
2025-03-03 20:41:01,242 [DEBUG]  Node 'select_prediction' running 'DefaultPolicyPredictionEnsemble.combine_predictions_from_kwargs'.
2025-03-03 20:41:01,242 [DEBUG]  Made prediction using user intent.
2025-03-03 20:41:01,242 [DEBUG]  Added `DefinePrevUserUtteredFeaturization(False)` event.
2025-03-03 20:41:01,242 [DEBUG]  Predicted next action using RulePolicy.
2025-03-03 20:41:01,242 [DEBUG]  Predicted next action 'utter_goodbye' with confidence 1.00.
2025-03-03 20:41:01,242 [DEBUG]  [[32m[1mdebug    [0m] [1mprocessor.actions.policy_prediction[0m [36mprediction_events[0m=[35m[<rasa.shared.core.events.DefinePrevUserUtteredFeaturization object at 0x385db18d0>][0m
2025-03-03 20:41:01,242 [DEBUG]  [[32m[1mdebug    [0m] [1mprocessor.actions.log         [0m [36maction_name[0m=[35mutter_goodbye[0m [36mrasa_events[0m=[35m[BotUttered('До свидания! Если появятся вопросы по архитектуре ПО, обращайтесь.', {"elements": null, "quick_replies": null, "buttons": null, "attachment": null, "image": null, "custom": null}, {"utter_action": "utter_goodbye"}, 1741030861.242356)][0m
2025-03-03 20:41:01,242 [DEBUG]  Running graph with inputs: {'__tracker__': <rasa.shared.core.trackers.DialogueStateTracker object at 0x385b503a0>}, targets: ['select_prediction'] and ExecutionContext(model_id='626b68062f78453882c7732869e48d2a', should_add_diagnostic_data=False, is_finetuning=False, node_name=None).
2025-03-03 20:41:01,242 [DEBUG]  Node 'rule_only_data_provider' running 'RuleOnlyDataProvider.provide'.
2025-03-03 20:41:01,242 [DEBUG]  Node 'domain_provider' running 'DomainProvider.provide_inference'.
2025-03-03 20:41:01,242 [DEBUG]  Node 'run_MemoizationPolicy0' running 'MemoizationPolicy.predict_action_probabilities'.
2025-03-03 20:41:01,243 [DEBUG]  [[32m[1mdebug    [0m] [1mmemoization.predict.actions   [0m [36mtracker_states[0m=[35m[{'user': {'intent': 'greet'}, 'prev_action': {'action_name': 'utter_greet'}}, {'user': {'intent': 'ask_architecture'}, 'prev_action': {'action_name': 'action_listen'}}, {'user': {'intent': 'ask_architecture'}, 'prev_action': {'action_name': 'utter_architecture_response'}}, {'user': {'intent': 'goodbye'}, 'prev_action': {'action_name': 'action_listen'}}, {'user': {'intent': 'goodbye'}, 'prev_action': {'action_name': 'utter_goodbye'}}][0m
2025-03-03 20:41:01,243 [DEBUG]  There is no memorised next action
2025-03-03 20:41:01,243 [DEBUG]  Node 'run_RulePolicy1' running 'RulePolicy.predict_action_probabilities'.
2025-03-03 20:41:01,243 [DEBUG]  [[32m[1mdebug    [0m] [1mrule_policy.actions.find      [0m [36mcurrent_states[0m=[35m
[state 1] user intent: greet | previous action name: action_listen
[state 2] user intent: greet | previous action name: utter_greet
[state 3] user intent: ask_architecture | previous action name: action_listen
[state 4] user intent: ask_architecture | previous action name: utter_architecture_response
[state 5] user intent: greet | previous action name: action_listen
[state 6] user intent: greet | previous action name: utter_greet
[state 7] user intent: ask_architecture | previous action name: action_listen
[state 8] user intent: ask_architecture | previous action name: utter_architecture_response
[state 9] user intent: goodbye | previous action name: action_listen
[state 10] user intent: goodbye | previous action name: utter_goodbye[0m
2025-03-03 20:41:01,243 [DEBUG]  There is a rule for the next action 'action_listen'.
2025-03-03 20:41:01,243 [DEBUG]  Node 'run_TEDPolicy2' running 'TEDPolicy.predict_action_probabilities'.
2025-03-03 20:41:01,244 [DEBUG]  TED predicted 'utter_architecture_response' based on user intent.
2025-03-03 20:41:01,244 [DEBUG]  Node 'select_prediction' running 'DefaultPolicyPredictionEnsemble.combine_predictions_from_kwargs'.
2025-03-03 20:41:01,244 [DEBUG]  Predicted next action using RulePolicy.
2025-03-03 20:41:01,245 [DEBUG]  Predicted next action 'action_listen' with confidence 1.00.
2025-03-03 20:41:01,245 [DEBUG]  [[32m[1mdebug    [0m] [1mprocessor.actions.policy_prediction[0m [36mprediction_events[0m=[35m[][0m
2025-03-03 20:41:01,245 [DEBUG]  [[32m[1mdebug    [0m] [1mprocessor.actions.log         [0m [36maction_name[0m=[35maction_listen[0m [36mrasa_events[0m=[35m[][0m
2025-03-03 20:41:01,245 [DEBUG]  No event broker configured. Skipping streaming events.
2025-03-03 20:41:01,245 [DEBUG]  Deleted lock for conversation 'PractikumStudent'.
